id,family,n,regime,seed,closed,method,alpha,status,fit_seconds,residual,condition,bending,quadrature_relative,gauss_disagreement,integrator,min_speed,min_span,curve_sample_count,hausdorff_sampled,rms_sampled,reference_sample_count,seam_position,seam_angle_deg,seam_d1,seam_d2,curvature_left,curvature_right,speed_left,speed_right
sine_n8_uniform_s0,sine,8,uniform,0,False,averaged,0.0,ok,0.0007124690000068767,1.0084978919746205e-16,4.211952386268619,126.48603080348448,7.269121295315723e-14,7.269121295315723e-14,gauss96,0.9083741461001654,0.1428571428571428,2189,0.015387562676559996,0.007342496002868444,4097,,,,,,,,
sine_n8_uniform_s0,sine,8,uniform,0,False,repeated,0.0,ok,0.0009337690000279508,1.0395358329560273e-16,2.787791971842099,147.22596383127916,2.5096267871520164e-15,2.5096267871520164e-15,gauss96,0.8844159504363757,0.1428571428571428,2241,0.027624756004694107,0.01439742641136237,4097,,,,,,,,
sine_n8_uniform_s0,sine,8,uniform,0,False,natural,0.0,ok,0.000674450000019533,2.7078420341140395e-17,405.23244132281934,141.42782841073276,2.411551651449705e-15,2.411551651449705e-15,gauss96,0.9083741461001644,0.1428571428571428,2241,0.023157739570415645,0.012598994665326732,4097,,,,,,,,
sine_n8_uniform_s0,sine,8,uniform,0,False,averaged,0.5,ok,0.0008986209999761741,5.0424894598731024e-17,4.959115572096352,88.84051041735286,1.5292097089392116e-13,1.5292097089392116e-13,gauss96,0.9176050875904436,0.14431217392595397,2207,0.034770053362975,0.014383845291639753,4097,,,,,,,,
sine_n8_uniform_s0,sine,8,uniform,0,False,repeated,0.5,ok,0.000962944000036714,5.0424894598731024e-17,2.989464518913701,102.96066746657657,4.692753769042106e-15,4.692753769042106e-15,gauss96,1.0105209504810813,0.11792130687220487,2271,0.03352406006763404,0.015592928809925754,4097,,,,,,,,
sine_n8_uniform_s0,sine,8,uniform,0,False,natural,0.5,ok,0.0007276669999782825,1.0395358329560273e-16,352.7025399770496,100.9890751947395,4.784369590326106e-15,4.784369590326106e-15,gauss96,0.948983888074235,0.11792130687220487,2271,0.032900048006320425,0.014473323632488341,4097,,,,,,,,
sine_n8_uniform_s0,sine,8,uniform,0,False,averaged,1.0,ok,0.0007133829999474983,1.0395358329560273e-16,6.638960105229367,94.7571815927811,3.1463972114135946e-13,3.1463972114135946e-13,gauss96,0.9460093220591366,0.14938271551567678,2207,0.043966515293933583,0.021941378406205504,4097,,,,,,,,
sine_n8_uniform_s0,sine,8,uniform,0,False,repeated,1.0,ok,0.0008206299999642397,1.0084978919746205e-16,3.695724764012391,87.08583206997731,5.711375814063571e-15,5.711375814063571e-15,gauss96,1.0719156421229101,0.09348914851514095,2271,0.04225372603490754,0.016747386634305094,4097,,,,,,,,
sine_n8_uniform_s0,sine,8,uniform,0,False,natural,1.0,ok,0.0006292940000207636,2.0326924859287842e-16,350.5921521621193,86.69949742584447,4.589460652479445e-15,4.589460652479445e-15,gauss96,1.0212601152816974,0.09348914851514095,2271,0.04181254639400071,0.01615590866738475,4097,,,,,,,,
sine_n8_jittered_s0,sine,8,jittered,0,False,averaged,0.0,ok,0.0009549800000172581,5.120949263349386e-17,4.211952386268619,114.15791442673647,1.549981157074005e-08,1.549981157074005e-08,gauss96,0.5098348927236838,0.1428571428571428,2189,0.11933249517070132,0.03293319830707719,4097,,,,,,,,
sine_n8_jittered_s0,sine,8,jittered,0,False,repeated,0.0,ok,0.0007598869999583258,1.0251806765987823e-16,2.787791971842099,136.07505352465122,1.253207345250325e-15,1.253207345250325e-15,gauss96,0.5775257866902866,0.1428571428571428,2241,0.12048797072781363,0.032765022935922136,4097,,,,,,,,
sine_n8_jittered_s0,sine,8,jittered,0,False,natural,0.0,ok,0.0005508780000127445,2.064320643854117e-16,405.23244132281934,127.86685455592345,2.2227581595802512e-15,2.2227581595802512e-15,gauss96,0.5505772524059918,0.1428571428571428,2241,0.11988233949467919,0.032832076861176736,4097,,,,,,,,
sine_n8_jittered_s0,sine,8,jittered,0,False,averaged,0.5,ok,0.000923646000046574,2.8626976655441754e-17,5.0824772657293495,91.475285846582,9.33710591455355e-10,9.33710591455355e-10,gauss96,0.6560531804729863,0.13100494955239572,2208,0.1111353043416137,0.03184427122637169,4097,,,,,,,,
sine_n8_jittered_s0,sine,8,jittered,0,False,repeated,0.5,ok,0.0007680429999936678,1.1450790662176701e-16,2.9103262779720454,98.38330242287573,5.199975576631172e-15,5.199975576631172e-15,gauss96,0.7677855697705135,0.10333755882569026,2272,0.11508697359228205,0.03206693794479775,4097,,,,,,,,
sine_n8_jittered_s0,sine,8,jittered,0,False,natural,0.5,ok,0.0007542230000012751,1.0241898526698772e-16,379.6318410862917,96.28870391955955,5.165506386373066e-15,5.165506386373066e-15,gauss96,0.7217637947775777,0.10333755882569026,2272,0.11378830472169331,0.03201235605380279,4097,,,,,,,,
sine_n8_jittered_s0,sine,8,jittered,0,False,averaged,1.0,ok,0.0007088510000130555,1.1450790662176701e-16,7.11325057656041,113.23366064353995,6.919447341119233e-09,6.919447341119233e-09,gauss96,0.5845951955039073,0.11956124032703397,2208,0.09751212326030759,0.03107967600320829,4097,,,,,,,,
sine_n8_jittered_s0,sine,8,jittered,0,False,repeated,1.0,ok,0.0007111220000410867,1.0270853367561738e-16,3.3139197806327956,81.62167070505643,3.4821278693384175e-15,3.4821278693384175e-15,gauss96,0.8898729248224484,0.0723825917329928,2272,0.10505403040043444,0.03054033691272632,4097,,,,,,,,
sine_n8_jittered_s0,sine,8,jittered,0,False,natural,1.0,ok,0.0005552670000383841,2.0483797053397545e-16,400.71761272585434,81.49467149615079,2.26691031334916e-15,2.26691031334916e-15,gauss96,0.90662721588459,0.0723825917329928,2272,0.10255000020602574,0.030372017969123855,4097,,,,,,,,
sine_n8_jittered_s1,sine,8,jittered,1,False,averaged,0.0,ok,0.0008541679999893859,1.0219844870867438e-16,4.211952386268619,48.951637972565514,1.2047614647979773e-14,1.2047614647979773e-14,gauss96,0.6990264977633862,0.1428571428571428,2189,0.08435677023703446,0.03082246095328004,4097,,,,,,,,
sine_n8_jittered_s1,sine,8,jittered,1,False,repeated,0.0,ok,0.0007229729999949086,2.0429716728337195e-16,2.787791971842099,53.92944289921944,1.1857872579531986e-15,1.1857872579531986e-15,gauss96,0.7995967731726658,0.1428571428571428,2241,0.09004194535277571,0.031912899225118016,4097,,,,,,,,
sine_n8_jittered_s1,sine,8,jittered,1,False,natural,0.0,ok,0.0005821550000177922,1.052923499654779e-16,405.23244132281934,51.89393196884533,1.6430654809969148e-15,1.6430654809969148e-15,gauss96,0.7612574913144393,0.1428571428571428,2241,0.0861560882537135,0.03121702719105003,4097,,,,,,,,
sine_n8_jittered_s1,sine,8,jittered,1,False,averaged,0.5,ok,0.0006462799999553681,5.117394907037821e-17,4.450804668496958,43.50715437359484,9.79897783696016e-16,9.79897783696016e-16,gauss96,0.8474386344044516,0.131517076787121,2208,0.07888783141180401,0.029459697245996785,4097,,,,,,,,
sine_n8_jittered_s1,sine,8,jittered,1,False,repeated,0.5,ok,0.0007536619999655159,2.0446465817506666e-16,2.822365947459812,46.41674355206444,2.755421484778624e-15,2.755421484778624e-15,gauss96,0.9523667629729669,0.12210097554946214,2272,0.0839237657605226,0.03022477891538371,4097,,,,,,,,
sine_n8_jittered_s1,sine,8,jittered,1,False,natural,0.5,ok,0.0005640929999799482,2.0429716728337195e-16,423.40658150412565,45.53179077879624,2.808975668410979e-15,2.808975668410979e-15,gauss96,0.8966727453102168,0.12210097554946214,2272,0.0806603371774043,0.02958285961019737,4097,,,,,,,,
sine_n8_jittered_s1,sine,8,jittered,1,False,averaged,1.0,ok,0.000687157000015759,1.052923499654779e-16,4.83553034397454,44.58903645922714,1.115475808693201e-15,1.115475808693201e-15,gauss96,0.9920826358863001,0.12092085908859151,2208,0.07360038088330324,0.028523392635855058,4097,,,,,,,,
sine_n8_jittered_s1,sine,8,jittered,1,False,repeated,1.0,ok,0.0007857909999984258,1.0259649675362126e-16,2.9196059356091815,43.12651769278677,2.8008814887324054e-15,2.8008814887324054e-15,gauss96,0.9680344709469335,0.10332486879292985,2272,0.0783218446581149,0.028430845735408654,4097,,,,,,,,
sine_n8_jittered_s1,sine,8,jittered,1,False,natural,1.0,ok,0.000588899999968362,2.075173169891558e-16,454.3752651416732,43.11628121511772,2.4719527603100596e-15,2.4719527603100596e-15,gauss96,1.026783076658806,0.10332486879292985,2272,0.07558238670343076,0.027877671797408587,4097,,,,,,,,
sine_n8_jittered_s2,sine,8,jittered,2,False,averaged,0.0,ok,0.0006644310000183395,1.1403211836602507e-16,4.211952386268619,1850.8614679972288,2.295616429906501e-09,0.00321504666202131,adaptive,0.15565346054879306,0.1428571428571428,2189,0.1087318664463364,0.03643809842126624,4097,,,,,,,,
sine_n8_jittered_s2,sine,8,jittered,2,False,repeated,0.0,ok,0.0007446210000239262,1.0222507077250838e-16,2.787791971842099,1915.0146608871203,7.515294599908492e-09,0.006010030781767306,adaptive,0.1470767147553857,0.1428571428571428,2241,0.10881200180627597,0.036562938244817836,4097,,,,,,,,
sine_n8_jittered_s2,sine,8,jittered,2,False,natural,0.0,ok,0.0006556839999802833,1.0209209801260276e-16,405.23244132281934,1873.0088730168845,4.5379155759709155e-09,0.004721825925136613,adaptive,0.15104533923158897,0.1428571428571428,2241,0.10897582314846624,0.03628248233654805,4097,,,,,,,,
sine_n8_jittered_s2,sine,8,jittered,2,False,averaged,0.5,ok,0.0007872770000290075,2.549835682847343e-17,8.637321881783121,84.66998891124804,3.3567630982207803e-16,3.3567630982207803e-16,gauss96,0.4453198721647422,0.0825213767031941,2208,0.09087644440949663,0.03248504513997731,4097,,,,,,,,
sine_n8_jittered_s2,sine,8,jittered,2,False,repeated,0.5,ok,0.0007306280000420884,3.606012204505574e-17,4.200355960379555,138.76090989351871,3.4820257426074727e-15,3.4820257426074727e-15,gauss96,0.4398070203987334,0.05819396641428398,2272,0.10045568081481634,0.034618144595550154,4097,,,,,,,,
sine_n8_jittered_s2,sine,8,jittered,2,False,natural,0.5,ok,0.0007786340000279779,1.0513241848348528e-16,416.8117405867232,136.35072916565167,4.168911982256383e-15,4.168911982256383e-15,gauss96,0.44019230998143044,0.05819396641428398,2272,0.10079537578650606,0.03443898609227474,4097,,,,,,,,
sine_n8_jittered_s2,sine,8,jittered,2,False,averaged,1.0,ok,0.0008100720000356887,2.549835682847343e-17,43.743516639583135,91.02225671251341,4.8398766640412104e-15,4.8398766640412104e-15,gauss96,0.9902570119116316,0.042059900286617935,2208,0.07150054698511984,0.036371300516843626,4097,,,,,,,,
sine_n8_jittered_s2,sine,8,jittered,2,False,repeated,1.0,ok,0.000724385000012262,1.0513241848348528e-16,14.373430817913071,62.355495423413075,1.5953041882025212e-15,1.5953041882025212e-15,gauss96,0.9345139067563817,0.020024964886176944,2272,0.06425890682096638,0.026727827971575184,4097,,,,,,,,
sine_n8_jittered_s2,sine,8,jittered,2,False,natural,1.0,ok,0.0006385750000390544,1.0257018690333375e-16,1328.1003264803783,62.20214126557446,1.1423123405453364e-15,1.1423123405453364e-15,gauss96,1.0398151245629121,0.020024964886176944,2272,0.062934247137986,0.026402132926846216,4097,,,,,,,,
sine_n8_jittered_s3,sine,8,jittered,3,False,averaged,0.0,ok,0.0008984530000475388,1.0811731578190322e-16,4.211952386268619,4639.721105214065,5.125861827000847e-10,0.007035131105699267,adaptive,0.07343826476085036,0.1428571428571428,2189,0.29312145970802983,0.1168226101003107,4097,,,,,,,,
sine_n8_jittered_s3,sine,8,jittered,3,False,repeated,0.0,ok,0.0007929789999820969,1.0814016470143925e-16,2.787791971842099,7750554.067661714,1.3733473421987172e-09,0.8555872892866884,adaptive,0.001994346710067503,0.1428571428571428,2241,0.3070295431582662,0.12267128550774123,4097,,,,,,,,
sine_n8_jittered_s3,sine,8,jittered,3,False,natural,0.0,ok,0.0005362699999977849,1.1144477823176157e-16,405.23244132281934,5390.305841080214,9.757693719406802e-10,0.002085342598035032,adaptive,0.06670015071338503,0.1428571428571428,2241,0.3062544695361112,0.12235562021333644,4097,,,,,,,,
sine_n8_jittered_s3,sine,8,jittered,3,False,averaged,0.5,ok,0.0007585449999965022,1.0895870836098628e-16,9.238212624980635,215.33585640355733,5.235162364897031e-09,5.235162364897031e-09,gauss96,0.09268651580519126,0.11228548243376285,2208,0.21853576163623195,0.09140645972667111,4097,,,,,,,,
sine_n8_jittered_s3,sine,8,jittered,3,False,repeated,0.5,ok,0.0007188649999534391,1.1144477823176157e-16,3.308470430836613,116.71738255792143,4.74842154396191e-15,4.74842154396191e-15,gauss96,0.4680888446213708,0.09388435746409474,2272,0.28893951210951985,0.11985636863156839,4097,,,,,,,,
sine_n8_jittered_s3,sine,8,jittered,3,False,natural,0.5,ok,0.0005816679999952612,1.0811731578190322e-16,756.725346982738,105.8795515122116,4.294949727228641e-15,4.294949727228641e-15,gauss96,0.5286364534022499,0.09388435746409474,2272,0.286601496459553,0.11904494578765229,4097,,,,,,,,
sine_n8_jittered_s3,sine,8,jittered,3,False,averaged,1.0,ok,0.0006583580000096845,1.1144477823176157e-16,39.472955351992645,111.7688149339388,4.38911084559253e-08,4.38911084559253e-08,gauss96,0.43822850242471434,0.07800544174743451,2208,0.16790797741975685,0.06324364406392043,4097,,,,,,,,
sine_n8_jittered_s3,sine,8,jittered,3,False,repeated,1.0,ok,0.0007180599999969672,2.1624605692892008e-16,7.000636347670263,79.03272135988853,2.87695617120216e-15,2.87695617120216e-15,gauss96,0.6788963567793992,0.052604735969120464,2272,0.23181758230570496,0.10276969072187708,4097,,,,,,,,
sine_n8_jittered_s3,sine,8,jittered,3,False,natural,1.0,ok,0.0005740379999679135,2.1654097358843893e-16,2916.914916664245,78.6298617837347,3.7953513111856266e-15,3.7953513111856266e-15,gauss96,0.8867026306419491,0.052604735969120464,2272,0.22385753391483668,0.10030197510222645,4097,,,,,,,,
sine_n8_jittered_s4,sine,8,jittered,4,False,averaged,0.0,ok,0.0006632590000208438,1.0522535919398658e-16,4.211952386268619,402.69720961609545,3.731560204575425e-10,1.8489314320825252e-06,adaptive,0.23756922885677004,0.1428571428571428,2189,0.16152391851191839,0.051281409834507484,4097,,,,,,,,
sine_n8_jittered_s4,sine,8,jittered,4,False,repeated,0.0,ok,0.0007490870000310679,1.0212467336937438e-16,2.787791971842099,415.3552882605463,6.819700125082778e-11,6.819700125082778e-11,gauss96,0.22454969204208836,0.1428571428571428,2241,0.1623104480955733,0.05021485671086849,4097,,,,,,,,
sine_n8_jittered_s4,sine,8,jittered,4,False,natural,0.0,ok,0.0009704999999939901,2.0416718609428944e-16,405.23244132281934,410.36446561418313,1.465716178728678e-10,1.465716178728678e-10,gauss96,0.22392672975826725,0.1428571428571428,2241,0.16158220181105226,0.04998161594005676,4097,,,,,,,,
sine_n8_jittered_s4,sine,8,jittered,4,False,averaged,0.5,ok,0.002609428000027947,1.0522535919398658e-16,6.3406515534272465,73.66277972978875,5.78753127454484e-16,5.78753127454484e-16,gauss96,0.596422490235404,0.1109128339414942,2208,0.1572507512370222,0.05330074287461431,4097,,,,,,,,
sine_n8_jittered_s4,sine,8,jittered,4,False,repeated,0.5,ok,0.0009560100000385319,1.0208359304714472e-16,3.4341832785527346,92.7447728384607,2.1451555696767405e-15,2.1451555696767405e-15,gauss96,0.5610137727820378,0.07571646216227512,2272,0.1582640905023156,0.05126672292863075,4097,,,,,,,,
sine_n8_jittered_s4,sine,8,jittered,4,False,natural,0.5,ok,0.0007732389999546285,2.0489477048500378e-16,437.22221448549703,91.89816412264773,2.7834656689360012e-15,2.7834656689360012e-15,gauss96,0.5635515195268319,0.07571646216227512,2272,0.15693794163407926,0.050851277300131954,4097,,,,,,,,
sine_n8_jittered_s4,sine,8,jittered,4,False,averaged,1.0,ok,0.0007192749999944681,1.0522535919398658e-16,15.93800690102399,87.59855669391598,4.0556760440862936e-15,4.0556760440862936e-15,gauss96,1.0153315301539292,0.08023388023906586,2208,0.13049778885310295,0.05823985897172421,4097,,,,,,,,
sine_n8_jittered_s4,sine,8,jittered,4,False,repeated,1.0,ok,0.0008226630000081059,1.0208359304714472e-16,6.254096658813286,57.03353158292983,2.36708329376583e-15,2.36708329376583e-15,gauss96,0.9672652078427431,0.03510514552196731,2272,0.13071597746240032,0.05024678080753352,4097,,,,,,,,
sine_n8_jittered_s4,sine,8,jittered,4,False,natural,1.0,ok,0.0005398619999823495,2.0489477048500378e-16,833.2969602293238,57.440646468779555,2.102905738445522e-15,2.102905738445522e-15,gauss96,1.129340761110708,0.03510514552196731,2272,0.12882721953628334,0.0496952195185674,4097,,,,,,,,
sine_n8_jittered_s5,sine,8,jittered,5,False,averaged,0.0,ok,0.0006793720000359826,1.013398933083586e-16,4.211952386268619,125.44222123376989,6.426151624161636e-12,6.426151624161636e-12,gauss96,0.3896313299915428,0.1428571428571428,2189,0.14226801870948855,0.04302875539458325,4097,,,,,,,,
sine_n8_jittered_s5,sine,8,jittered,5,False,repeated,0.0,ok,0.0007702509999489848,1.0445877104979672e-16,2.787791971842099,147.83645873594153,1.5380081299793315e-15,1.5380081299793315e-15,gauss96,0.34550985811931423,0.1428571428571428,2241,0.143321142264797,0.043287681090374654,4097,,,,,,,,
sine_n8_jittered_s5,sine,8,jittered,5,False,natural,0.0,ok,0.0005898060000504302,1.013398933083586e-16,405.23244132281934,128.29977944667502,1.3291547134210094e-15,1.3291547134210094e-15,gauss96,0.36778314511280197,0.1428571428571428,2241,0.14259176318208977,0.042915937936340263,4097,,,,,,,,
sine_n8_jittered_s5,sine,8,jittered,5,False,averaged,0.5,ok,0.0006766770000012912,1.0445877104979672e-16,5.367814277362816,58.411797768699095,6.082185131278874e-16,6.082185131278874e-16,gauss96,0.696471080092729,0.11363450332100405,2208,0.14038951491816434,0.04756203217318125,4097,,,,,,,,
sine_n8_jittered_s5,sine,8,jittered,5,False,repeated,0.5,ok,0.0007000040000093577,1.013398933083586e-16,3.0671595959025497,68.1860484256371,1.4588905693061442e-15,1.4588905693061442e-15,gauss96,0.6760226854724404,0.08471532849680188,2272,0.1422477758383998,0.04670632081010186,4097,,,,,,,,
sine_n8_jittered_s5,sine,8,jittered,5,False,natural,0.5,ok,0.0005818080000494774,1.0445877104979672e-16,451.23184474974886,65.33890942313,1.7399561566812873e-15,1.7399561566812873e-15,gauss96,0.6931920564612093,0.08471532849680188,2272,0.14116529533656832,0.04632665880847494,4097,,,,,,,,
sine_n8_jittered_s5,sine,8,jittered,5,False,averaged,1.0,ok,0.0006346520000306555,5.665072256751647e-17,9.233699803609737,82.43668981573033,5.68870737835207e-15,5.68870737835207e-15,gauss96,0.7606748425558174,0.08710653521446618,2208,0.1339075853408107,0.05541656268779268,4097,,,,,,,,
sine_n8_jittered_s5,sine,8,jittered,5,False,repeated,1.0,ok,0.0007497390000139603,1.0445877104979672e-16,4.075988394693626,56.04519702031926,2.535606166225063e-15,2.535606166225063e-15,gauss96,0.8988760288532183,0.0465884918535536,2272,0.1372706003549079,0.05115197548560055,4097,,,,,,,,
sine_n8_jittered_s5,sine,8,jittered,5,False,natural,1.0,ok,0.0005848929999956454,7.600491998126895e-17,649.952360089064,56.34061233276168,2.522311016300135e-15,2.522311016300135e-15,gauss96,1.0563035464797885,0.0465884918535536,2272,0.13584402351984445,0.05069941765485093,4097,,,,,,,,
sine_n8_jittered_s6,sine,8,jittered,6,False,averaged,0.0,ok,0.0007026220000057037,2.52750191073139e-17,4.211952386268619,330.8435004631631,1.3281488547171827e-08,1.3281488547171827e-08,gauss96,0.1741452761070434,0.1428571428571428,2189,0.05152248644957612,0.025293136430055943,4097,,,,,,,,
sine_n8_jittered_s6,sine,8,jittered,6,False,repeated,0.0,ok,0.0007306330000460548,1.0114076096624325e-16,2.787791971842099,439.10565448421625,5.252861234325621e-07,5.252861234325621e-07,gauss96,0.15527930138190602,0.1428571428571428,2241,0.05766391306495718,0.02567611577819728,4097,,,,,,,,
sine_n8_jittered_s6,sine,8,jittered,6,False,natural,0.0,ok,0.0006295289999798115,1.0421157346895981e-16,405.23244132281934,424.734444150188,4.654334974520664e-07,4.654334974520664e-07,gauss96,0.16177225064919534,0.1428571428571428,2241,0.054666910009620345,0.024562294905067728,4097,,,,,,,,
sine_n8_jittered_s6,sine,8,jittered,6,False,averaged,0.5,ok,0.0006504210000457533,5.05500382146278e-17,6.598470266556327,43.887145091710416,1.457120213328434e-15,1.457120213328434e-15,gauss96,0.6162314504654438,0.11807593337147942,2208,0.05039923734128791,0.025504340696049538,4097,,,,,,,,
sine_n8_jittered_s6,sine,8,jittered,6,False,repeated,0.5,ok,0.0007505969999783701,1.0110829041625335e-16,3.1932382633867546,40.02202073220914,5.326138381525541e-16,5.326138381525541e-16,gauss96,0.5877628909731858,0.07372763421717382,2272,0.05565948298321734,0.025154717173409395,4097,,,,,,,,
sine_n8_jittered_s6,sine,8,jittered,6,False,natural,0.5,ok,0.0005659640000317268,2.0377371863633538e-16,343.884854931382,42.05874072623526,8.447028174061334e-16,8.447028174061334e-16,gauss96,0.5908561973225729,0.07372763421717382,2272,0.05319161252900471,0.024022905126642215,4097,,,,,,,,
sine_n8_jittered_s6,sine,8,jittered,6,False,averaged,1.0,ok,0.0006752480000500327,1.011000764292556e-16,14.261914989048499,33.75647215828823,2.104908156362662e-16,2.104908156362662e-16,gauss96,1.180309854894578,0.09982472748061033,2208,0.0637909389217386,0.0263550564656763,4097,,,,,,,,
sine_n8_jittered_s6,sine,8,jittered,6,False,repeated,1.0,ok,0.0007128700000293975,1.011000764292556e-16,4.999797381122755,27.10152338161453,1.835247074596142e-15,1.835247074596142e-15,gauss96,0.9403669010533274,0.036351781794632665,2272,0.0677599445764072,0.0267895187050734,4097,,,,,,,,
sine_n8_jittered_s6,sine,8,jittered,6,False,natural,1.0,ok,0.0006766500000026099,1.0421157346895981e-16,419.4687490019423,27.56183830423964,1.5467968310026747e-15,1.5467968310026747e-15,gauss96,1.133754874763517,0.036351781794632665,2272,0.06363102209349344,0.02556453499575228,4097,,,,,,,,
sine_n8_jittered_s7,sine,8,jittered,7,False,averaged,0.0,ok,0.0007695009999793001,1.0383602095644113e-16,4.211952386268619,99.02116256003814,1.2184279947118664e-13,1.2184279947118664e-13,gauss96,0.6011200067605547,0.1428571428571428,2189,0.07887881109718443,0.026469617193080754,4097,,,,,,,,
sine_n8_jittered_s7,sine,8,jittered,7,False,repeated,0.0,ok,0.0007564680000200497,1.0130538448969169e-16,2.787791971842099,134.12737281108738,3.390414211176388e-15,3.390414211176388e-15,gauss96,0.5751359486484797,0.1428571428571428,2241,0.08156411364412393,0.029438050804429156,4097,,,,,,,,
sine_n8_jittered_s7,sine,8,jittered,7,False,natural,0.0,ok,0.0005448269999988042,2.030393689909772e-16,405.23244132281934,120.52783670715978,3.0655343420206226e-15,3.0655343420206226e-15,gauss96,0.5967931130336132,0.1428571428571428,2241,0.07891680311333231,0.028594276855333684,4097,,,,,,,,
sine_n8_jittered_s7,sine,8,jittered,7,False,averaged,0.5,ok,0.0007121500000266678,1.0383602095644113e-16,5.346661463958199,88.6275361465987,2.830063845038315e-13,2.830063845038315e-13,gauss96,0.8276641030007401,0.11751014590380904,2208,0.06994940081422786,0.02151370996835245,4097,,,,,,,,
sine_n8_jittered_s7,sine,8,jittered,7,False,repeated,0.5,ok,0.0009211500000105843,1.0383602095644113e-16,2.9363507607544634,97.33999359797438,4.233766322637544e-15,4.233766322637544e-15,gauss96,0.8304321614598045,0.09716531637571846,2272,0.07419410267923814,0.026211798585369598,4097,,,,,,,,
sine_n8_jittered_s7,sine,8,jittered,7,False,natural,0.5,ok,0.00097090299999536,1.0383602095644113e-16,373.10260966118784,94.10228918391448,4.530449207487874e-15,4.530449207487874e-15,gauss96,0.8279994618699555,0.09716531637571846,2272,0.07160296308239877,0.025309078595854035,4097,,,,,,,,
sine_n8_jittered_s7,sine,8,jittered,7,False,averaged,1.0,ok,0.001039637000019411,1.0383602095644113e-16,8.580112942133466,102.0060837969709,4.0985143489584407e-10,4.0985143489584407e-10,gauss96,0.9380540845520029,0.09555935043937991,2208,0.06231509602931691,0.02156858134388099,4097,,,,,,,,
sine_n8_jittered_s7,sine,8,jittered,7,False,repeated,1.0,ok,0.001054913000018587,1.0383602095644113e-16,3.520433979350607,84.6616305355292,2.685675600682084e-15,2.685675600682084e-15,gauss96,0.9188369222912637,0.0639187370335994,2272,0.06773125656266042,0.022777529063615423,4097,,,,,,,,
sine_n8_jittered_s7,sine,8,jittered,7,False,natural,1.0,ok,0.0010545189999788818,2.030393689909772e-16,400.14045223958965,84.49212668685054,2.6910634677943088e-15,2.6910634677943088e-15,gauss96,0.9542104402946956,0.0639187370335994,2272,0.06534107231518888,0.021769837766213,4097,,,,,,,,
sine_n8_jittered_s8,sine,8,jittered,8,False,averaged,0.0,ok,0.0008674370000107956,1.010657780391284e-16,4.211952386268619,126.56730531167982,9.510034138860143e-14,9.510034138860143e-14,gauss96,0.5124290042209304,0.1428571428571428,2189,0.06776980432338871,0.02678771608338498,4097,,,,,,,,
sine_n8_jittered_s8,sine,8,jittered,8,False,repeated,0.0,ok,0.0010809620000031828,2.52664445097821e-17,2.787791971842099,141.05693910044084,3.223856648148711e-15,3.223856648148711e-15,gauss96,0.5206250557288944,0.1428571428571428,2241,0.07774911167062262,0.027095270584649882,4097,,,,,,,,
sine_n8_jittered_s8,sine,8,jittered,8,False,natural,0.0,ok,0.0008694750000017848,1.010657780391284e-16,405.23244132281934,137.35115395434426,3.1039101542442917e-15,3.1039101542442917e-15,gauss96,0.5197196840064328,0.1428571428571428,2241,0.07341343096688602,0.02634703016558626,4097,,,,,,,,
sine_n8_jittered_s8,sine,8,jittered,8,False,averaged,0.5,ok,0.0009075629999983903,1.010657780391284e-16,5.017415714191761,76.79341572577995,1.3601953295858347e-11,1.3601953295858347e-11,gauss96,0.8091105298461733,0.13880843481940275,2208,0.07336465840599572,0.025459651089570233,4097,,,,,,,,
sine_n8_jittered_s8,sine,8,jittered,8,False,repeated,0.5,ok,0.0009400970000115194,1.0107398923951568e-16,3.0136927203403645,83.19801038608479,4.782613552645812e-15,4.782613552645812e-15,gauss96,0.8931488108071854,0.10902718987796284,2272,0.08084633585623986,0.02562055480203796,4097,,,,,,,,
sine_n8_jittered_s8,sine,8,jittered,8,False,natural,0.5,ok,0.0008062379999955738,2.0348110725901167e-16,395.08628264120614,82.45918082502268,4.480789390562691e-15,4.480789390562691e-15,gauss96,0.8346782807600115,0.10902718987796284,2272,0.07720135455090299,0.024908696791418165,4097,,,,,,,,
sine_n8_jittered_s8,sine,8,jittered,8,False,averaged,1.0,ok,0.0009152900000231057,1.0417621949763903e-16,7.1157000636270755,84.79174629092654,1.0522905270243218e-10,1.0522905270243218e-10,gauss96,0.8773315605422837,0.14038641770856278,2208,0.0813827094970249,0.027563998413070792,4097,,,,,,,,
sine_n8_jittered_s8,sine,8,jittered,8,False,repeated,1.0,ok,0.000961264000011397,2.0290168665078884e-16,3.9100533888465914,67.47344764096357,2.9485964178306346e-15,2.9485964178306346e-15,gauss96,0.9581349758933448,0.07961685077782987,2272,0.08544941671104732,0.025136214057333867,4097,,,,,,,,
sine_n8_jittered_s8,sine,8,jittered,8,False,natural,1.0,ok,0.0007974819999958527,2.0241791811787698e-16,454.3378420571147,67.65178912286693,2.1005881587836092e-15,2.1005881587836092e-15,gauss96,0.9604131494911912,0.07961685077782987,2272,0.08243768615694427,0.024584870608560565,4097,,,,,,,,
sine_n8_jittered_s9,sine,8,jittered,9,False,averaged,0.0,ok,0.0007996979999802534,2.5749124826110244e-17,4.211952386268619,205.99002925391224,1.9017096100310765e-10,2.1272526163757816e-05,adaptive,0.18980499203682347,0.1428571428571428,2189,0.13767544808195661,0.047797378723660515,4097,,,,,,,,
sine_n8_jittered_s9,sine,8,jittered,9,False,repeated,0.0,ok,0.0009514750000221284,2.5749124826110244e-17,2.787791971842099,228.43448356526352,2.5469110536051833e-09,2.5469110536051833e-09,gauss96,0.17390548673606762,0.1428571428571428,2241,0.13993426988067256,0.04652532272220494,4097,,,,,,,,
sine_n8_jittered_s9,sine,8,jittered,9,False,natural,0.0,ok,0.000755954999988262,2.0599299860888195e-16,405.23244132281934,202.23459945873864,6.139528632379588e-11,6.139528632379588e-11,gauss96,0.1751571503858069,0.1428571428571428,2241,0.1388808944371687,0.046294469848266566,4097,,,,,,,,
sine_n8_jittered_s9,sine,8,jittered,9,False,averaged,0.5,ok,0.0008879019999881166,1.0299649930444098e-16,6.185294899213198,42.49838876908316,6.353328853381447e-15,6.353328853381447e-15,gauss96,0.559654814805294,0.11699146282329653,2208,0.13743112569264224,0.049845711018564415,4097,,,,,,,,
sine_n8_jittered_s9,sine,8,jittered,9,False,repeated,0.5,ok,0.001086390000011761,5.149824965222049e-17,3.3213781979622583,50.44539011854308,1.1268307912225483e-15,1.1268307912225483e-15,gauss96,0.5279321942433697,0.07277772053131476,2272,0.1391134212797315,0.048559413082841965,4097,,,,,,,,
sine_n8_jittered_s9,sine,8,jittered,9,False,natural,0.5,ok,0.0008539239999549864,4.119859972177639e-16,428.00286894368384,46.985353521457576,1.6634907492590545e-15,1.6634907492590545e-15,gauss96,0.5285352237977118,0.07277772053131476,2272,0.1378347219729027,0.048219531569174176,4097,,,,,,,,
sine_n8_jittered_s9,sine,8,jittered,9,False,averaged,1.0,ok,0.000863772999991852,1.0616636142526652e-16,12.661194896208942,36.036003596845276,1.380230506680304e-15,1.380230506680304e-15,gauss96,1.043559802686398,0.09454285552923317,2208,0.12916087958219052,0.05048817019122389,4097,,,,,,,,
sine_n8_jittered_s9,sine,8,jittered,9,False,repeated,1.0,ok,0.0009735309999996389,2.0602298607477565e-16,5.389457557461311,36.9281475893732,3.0785957363951734e-15,3.0785957363951734e-15,gauss96,0.9973947845828142,0.03393149583744762,2272,0.13180989923079883,0.04892049494680221,4097,,,,,,,,
sine_n8_jittered_s9,sine,8,jittered,9,False,natural,1.0,ok,0.00071135600001071,2.5749124826110244e-17,665.5313864351286,36.62059378022361,1.5522254827966616e-15,1.5522254827966616e-15,gauss96,0.9965369804977443,0.03393149583744762,2272,0.13060109662152256,0.04849771339268792,4097,,,,,,,,
sine_n8_clustered_s0,sine,8,clustered,0,False,averaged,0.0,ok,0.0008053999999901862,5.1488918208249136e-17,4.211952386268619,163.5845084851946,6.133137863626402e-14,6.133137863626402e-14,gauss96,0.3215090425680023,0.1428571428571428,2189,0.12849477012526786,0.04335335862817877,4097,,,,,,,,
sine_n8_clustered_s0,sine,8,clustered,0,False,repeated,0.0,ok,0.001046990000020287,1.0532744298144126e-16,2.787791971842099,39.104627532487434,1.0902178804845444e-15,1.0902178804845444e-15,gauss96,0.38764715052827786,0.1428571428571428,2241,0.12845838538748697,0.04320819201821955,4097,,,,,,,,
sine_n8_clustered_s0,sine,8,clustered,0,False,natural,0.0,ok,0.000737188000016431,1.0218305190292435e-16,405.23244132281934,38.90931548133531,7.304602786969568e-16,7.304602786969568e-16,gauss96,0.6114041566684584,0.1428571428571428,2241,0.12847758998203357,0.043177353558569005,4097,,,,,,,,
sine_n8_clustered_s0,sine,8,clustered,0,False,averaged,0.5,ok,0.0008695110000189743,1.0532744298144126e-16,3.9656611356895692,48.079194769379235,7.537081204788444e-15,7.537081204788444e-15,gauss96,0.5348430393254081,0.1469655605350958,2208,0.12563582611858992,0.04337842147007706,4097,,,,,,,,
sine_n8_clustered_s0,sine,8,clustered,0,False,repeated,0.5,ok,0.0009527969999680863,2.043950082430992e-16,2.940884938847204,36.72358715820199,1.9348402232579964e-15,1.9348402232579964e-15,gauss96,0.5258275348805017,0.10827738545904286,2272,0.12520426779713048,0.043191261011220165,4097,,,,,,,,
sine_n8_clustered_s0,sine,8,clustered,0,False,natural,0.5,ok,0.0007312079999906018,3.0681387180489826e-16,694.2522555329194,36.43800600709599,1.560003553699899e-15,1.560003553699899e-15,gauss96,0.805152701261116,0.10827738545904286,2272,0.12528931094362625,0.043151847246567974,4097,,,,,,,,
sine_n8_clustered_s0,sine,8,clustered,0,False,averaged,1.0,ok,0.0008462360000294211,1.0532744298144126e-16,4.933010258396039,39.70179093052053,5.190128418414082e-15,5.190128418414082e-15,gauss96,0.8960229740586415,0.1505495334403446,2208,0.1269891463936411,0.04361004607568452,4097,,,,,,,,
sine_n8_clustered_s0,sine,8,clustered,0,False,repeated,1.0,ok,0.000934323000024051,1.0218262886793032e-16,3.4989545359749763,36.39708094912997,2.7330758514795644e-15,2.7330758514795644e-15,gauss96,0.7583540321862197,0.07721111054222729,2272,0.12121919472583903,0.04239184217775944,4097,,,,,,,,
sine_n8_clustered_s0,sine,8,clustered,0,False,natural,1.0,ok,0.0008156519999715783,2.0595567283299654e-16,1446.6762489310076,36.12669076689737,2.7535315550563287e-15,2.7535315550563287e-15,gauss96,1.0166244255916768,0.07721111054222729,2272,0.12150836488161242,0.042358966230805976,4097,,,,,,,,
sine_n8_clustered_s1,sine,8,clustered,1,False,averaged,0.0,ok,0.0008233030000042163,2.534234189952266e-17,4.211952386268619,97.20088994621439,2.6316156674612663e-14,2.6316156674612663e-14,gauss96,0.5606189489365402,0.1428571428571428,2189,0.1542940778455073,0.04832543215359521,4097,,,,,,,,
sine_n8_clustered_s1,sine,8,clustered,1,False,repeated,0.0,ok,0.0009417069999813066,1.0136936759809064e-16,2.787791971842099,85.43716904720702,1.9959726953054837e-14,1.9959726953054837e-14,gauss96,0.3931120051684622,0.1428571428571428,2241,0.15434402294028182,0.04815033857806633,4097,,,,,,,,
sine_n8_clustered_s1,sine,8,clustered,1,False,natural,0.0,ok,0.0007903210000108629,1.0136936759809064e-16,405.23244132281934,86.00708095871794,2.941074282616443e-14,2.941074282616443e-14,gauss96,0.5595145185896221,0.1428571428571428,2241,0.1543474061478748,0.048190529841654686,4097,,,,,,,,
sine_n8_clustered_s1,sine,8,clustered,1,False,averaged,0.5,ok,0.0008974059999786732,1.0448915245224802e-16,4.476811400067246,32.87118892176339,1.5131181175584565e-15,1.5131181175584565e-15,gauss96,0.6821137801212028,0.15275816017904123,2208,0.13733800022288675,0.04574750905333813,4097,,,,,,,,
sine_n8_clustered_s1,sine,8,clustered,1,False,repeated,0.5,ok,0.001029914000014287,1.0448915245224802e-16,3.181954550756997,31.879591447561122,6.686497883094346e-16,6.686497883094346e-16,gauss96,0.5230958105726023,0.1033171504844281,2272,0.14260080166661168,0.04687575698384924,4097,,,,,,,,
sine_n8_clustered_s1,sine,8,clustered,1,False,natural,0.5,ok,0.0007975399999509136,1.0448915245224802e-16,766.406725662008,31.869197326025578,5.573898900646648e-16,5.573898900646648e-16,gauss96,0.8263680557271283,0.1033171504844281,2272,0.14267751820269794,0.046970726229289265,4097,,,,,,,,
sine_n8_clustered_s1,sine,8,clustered,1,False,averaged,1.0,ok,0.0009037640000428837,1.0136936759809064e-16,8.870908865882958,32.17021856529526,3.7547853407973385e-15,3.7547853407973385e-15,gauss96,1.1002153120721845,0.14296107922556742,2208,0.088817845757718,0.03636283644419634,4097,,,,,,,,
sine_n8_clustered_s1,sine,8,clustered,1,False,repeated,1.0,ok,0.000965358999962973,1.0448915245224802e-16,5.212547351358015,28.338407648229907,1.2536744205606108e-15,1.2536744205606108e-15,gauss96,0.8034120850527005,0.06673741907166603,2272,0.1062204074130382,0.04030711041748288,4097,,,,,,,,
sine_n8_clustered_s1,sine,8,clustered,1,False,natural,1.0,ok,0.0007166020000113349,2.0305781341230434e-16,2455.5927400511905,28.074711710413023,1.2654497454671227e-15,1.2654497454671227e-15,gauss96,1.2036880051905972,0.06673741907166603,2272,0.10656561695493634,0.04057476815459738,4097,,,,,,,,
sine_n8_clustered_s2,sine,8,clustered,2,False,averaged,0.0,ok,0.0008495019999941178,1.0273044445525374e-16,4.211952386268619,348.02587573067456,4.774720837744544e-11,4.774720837744544e-11,gauss96,0.14099538595285163,0.1428571428571428,2189,0.11412790265362953,0.03710281424873083,4097,,,,,,,,
sine_n8_clustered_s2,sine,8,clustered,2,False,repeated,0.0,ok,0.0009647979999840572,1.0370048753834493e-16,2.787791971842099,404.57976876183824,2.809998089364163e-16,2.809998089364163e-16,gauss96,0.12229642080331515,0.1428571428571428,2241,0.10063442043126358,0.03716364986166574,4097,,,,,,,,
sine_n8_clustered_s2,sine,8,clustered,2,False,natural,0.0,ok,0.0007281169999941994,5.742806429017844e-17,405.23244132281934,364.50028930541214,3.1189779832069943e-16,3.1189779832069943e-16,gauss96,0.14681795435077594,0.1428571428571428,2241,0.10525899761361182,0.03768164683535412,4097,,,,,,,,
sine_n8_clustered_s2,sine,8,clustered,2,False,averaged,0.5,ok,0.0008458060000293699,1.0589211836391483e-16,9.87862327998473,88.8568175856225,3.0572503977533875e-10,3.0572503977533875e-10,gauss96,0.39053754821168823,0.07833423618665389,2208,0.11887172915437011,0.04241938926260603,4097,,,,,,,,
sine_n8_clustered_s2,sine,8,clustered,2,False,repeated,0.5,ok,0.0009396610000180772,2.0546506226167308e-16,3.6280141168683975,109.12299525342293,2.474329438646605e-15,2.474329438646605e-15,gauss96,0.3919580728472031,0.053187546974670236,2272,0.0977732639906637,0.03918200844667835,4097,,,,,,,,
sine_n8_clustered_s2,sine,8,clustered,2,False,natural,0.5,ok,0.0007098410000025979,2.055105987862229e-16,485.88967927738827,110.06047309800897,2.5823720933031466e-15,2.5823720933031466e-15,gauss96,0.3882022929469656,0.053187546974670236,2272,0.10382942625055311,0.0404218213064351,4097,,,,,,,,
sine_n8_clustered_s2,sine,8,clustered,2,False,averaged,1.0,ok,0.0008589660000097865,5.136522222762687e-17,51.10249005983124,106.90067208293729,1.384264892126194e-07,1.384264892126194e-07,gauss96,0.9094354561155051,0.03825553288147554,2208,0.14120989617610114,0.06393871328778827,4097,,,,,,,,
sine_n8_clustered_s2,sine,8,clustered,2,False,repeated,1.0,ok,0.00093207300000131,1.027902514082602e-16,7.464832781163696,68.82703791645477,2.890607703535412e-15,2.890607703535412e-15,gauss96,0.8462763125965236,0.01652044580502776,2272,0.09579044370929742,0.04445101833254123,4097,,,,,,,,
sine_n8_clustered_s2,sine,8,clustered,2,False,natural,1.0,ok,0.0007284480000180338,2.059890911178567e-16,1158.7298756447558,69.33565631687698,3.279318139055202e-15,3.279318139055202e-15,gauss96,0.9209791161310509,0.01652044580502776,2272,0.10365444372192126,0.04668150910988633,4097,,,,,,,,
sine_n8_clustered_s3,sine,8,clustered,3,False,averaged,0.0,ok,0.0009227350000173828,1.0107046755980306e-16,4.211952386268619,46.380510426264365,0.0,0.0,gauss96,0.20022324795369814,0.1428571428571428,2189,0.08229417541929676,0.030996729836143596,4097,,,,,,,,
sine_n8_clustered_s3,sine,8,clustered,3,False,repeated,0.0,ok,0.0010038539999754903,1.0418105334490782e-16,2.787791971842099,58.2043277728052,1.5870049390377343e-15,1.5870049390377343e-15,gauss96,0.1962812640847672,0.1428571428571428,2241,0.11153299141232677,0.03788105652430942,4097,,,,,,,,
sine_n8_clustered_s3,sine,8,clustered,3,False,natural,0.0,ok,0.0007574809999937315,1.0418105334490782e-16,405.23244132281934,55.60477274407854,5.111379478379523e-16,5.111379478379523e-16,gauss96,0.19267548823351988,0.1428571428571428,2241,0.1096249586185739,0.03690218156427118,4097,,,,,,,,
sine_n8_clustered_s3,sine,8,clustered,3,False,averaged,0.5,ok,0.0008659239999815327,1.0107046755980306e-16,8.761887754098076,37.20636766917141,7.63893688390167e-16,7.63893688390167e-16,gauss96,0.5339446272849651,0.09579226617450215,2208,0.07425331551218216,0.031583597060246715,4097,,,,,,,,
sine_n8_clustered_s3,sine,8,clustered,3,False,repeated,0.5,ok,0.0009384869999848888,5.092851001301121e-17,3.2873935456685093,40.61394370561732,2.974157495139046e-15,2.974157495139046e-15,gauss96,0.5220645150397494,0.07213021932286307,2272,0.10325317757574169,0.036173709802095,4097,,,,,,,,
sine_n8_clustered_s3,sine,8,clustered,3,False,natural,0.5,ok,0.0007619630000021971,2.0214093511960613e-16,314.7678759322156,40.0613880501813,2.660452259679821e-15,2.660452259679821e-15,gauss96,0.5199410175053212,0.07213021932286307,2272,0.10082519928472215,0.03548712785279879,4097,,,,,,,,
sine_n8_clustered_s3,sine,8,clustered,3,False,averaged,1.0,ok,0.0008941090000007534,5.650010899535174e-17,31.007653383969007,37.92719693633046,3.733763069143099e-13,3.733763069143099e-13,gauss96,0.9280717384219417,0.061349071376688435,2208,0.10874170324053346,0.040563720062938124,4097,,,,,,,,
sine_n8_clustered_s3,sine,8,clustered,3,False,repeated,1.0,ok,0.0009390600000074301,1.0418105334490782e-16,5.162988273632107,37.93841056184616,2.9966157263306235e-15,2.9966157263306235e-15,gauss96,0.860624222415613,0.032330786299122116,2272,0.09243966369353028,0.03513230703496444,4097,,,,,,,,
sine_n8_clustered_s3,sine,8,clustered,3,False,natural,1.0,ok,0.0007953260000022055,5.650010899535174e-17,386.18555243979984,37.836571127345024,2.0657183937347825e-15,2.0657183937347825e-15,gauss96,0.8924663471375035,0.032330786299122116,2272,0.08941727052988208,0.0349510629037436,4097,,,,,,,,
sine_n8_clustered_s4,sine,8,clustered,4,False,averaged,0.0,ok,0.0009603329999663401,1.1474963936966405e-16,4.211952386268619,570.1203435997439,7.430339271445333e-11,7.430339271445333e-11,gauss96,0.17935680458483952,0.1428571428571428,2189,0.1016415421280802,0.03389978722536037,4097,,,,,,,,
sine_n8_clustered_s4,sine,8,clustered,4,False,repeated,0.0,ok,0.0010462690000281327,1.057939401626944e-16,2.787791971842099,844.8962840396916,1.9033899001862016e-09,1.9033899001862016e-09,gauss96,0.17146320389923653,0.1428571428571428,2241,0.08974093344108548,0.03488199993124023,4097,,,,,,,,
sine_n8_clustered_s4,sine,8,clustered,4,False,natural,0.0,ok,0.0007999709999921834,1.1474963936966405e-16,405.23244132281934,757.9186944662453,1.2738691208776722e-09,1.2738691208776722e-09,gauss96,0.17157723252891083,0.1428571428571428,2241,0.09395377481057528,0.0345585061369011,4097,,,,,,,,
sine_n8_clustered_s4,sine,8,clustered,4,False,averaged,0.5,ok,0.0008751670000037848,1.0263519760966197e-16,12.982998096824872,87.42974172371524,1.3028578697525261e-11,1.3028578697525261e-11,gauss96,0.4506183077783533,0.06823387151550608,2208,0.10944034778742151,0.03517900472773401,4097,,,,,,,,
sine_n8_clustered_s4,sine,8,clustered,4,False,repeated,0.5,ok,0.0009681920000161881,1.057939401626944e-16,3.7904647826527493,147.3155346809133,3.665685905748825e-15,3.665685905748825e-15,gauss96,0.4397245080223282,0.06618054276102925,2272,0.08738457011443077,0.034860122422836974,4097,,,,,,,,
sine_n8_clustered_s4,sine,8,clustered,4,False,natural,0.5,ok,0.0007842339999797332,2.5658799402415494e-17,370.1283866921595,136.98721613380667,3.734587680412159e-15,3.734587680412159e-15,gauss96,0.44167697275826606,0.06618054276102925,2272,0.09311081901017866,0.03518620283882181,4097,,,,,,,,
sine_n8_clustered_s4,sine,8,clustered,4,False,averaged,1.0,ok,0.0008577479999871684,1.057939401626944e-16,110.22342670027307,94.17894767639717,2.539516685071207e-09,1.2171785887648562e-06,adaptive,0.9422133255152543,0.025434503977116663,2208,0.1446464966085843,0.0714484155845494,4097,,,,,,,,
sine_n8_clustered_s4,sine,8,clustered,4,False,repeated,1.0,ok,0.0009786950000147954,1.0305809740988984e-16,9.310755987404349,69.30809344429662,3.075583386222425e-15,3.075583386222425e-15,gauss96,1.0283646743169113,0.02388611469786117,2272,0.09433468623430828,0.03862720729304239,4097,,,,,,,,
sine_n8_clustered_s4,sine,8,clustered,4,False,natural,1.0,ok,0.000787032999994608,2.0527039521932395e-16,798.1398588862423,69.0526010122278,2.263772827898852e-15,2.263772827898852e-15,gauss96,0.9583578684729762,0.02388611469786117,2272,0.0957377997688729,0.040824123428945064,4097,,,,,,,,
sine_n8_clustered_s5,sine,8,clustered,5,False,averaged,0.0,ok,0.0009607839999716816,1.0407596149684981e-16,4.211952386268619,37.56685682018393,9.457042668769931e-16,9.457042668769931e-16,gauss96,0.3583826110434592,0.1428571428571428,2189,0.13880375051302754,0.046943397453193696,4097,,,,,,,,
sine_n8_clustered_s5,sine,8,clustered,5,False,repeated,0.0,ok,0.00103860900003383,1.0114781787591764e-16,2.787791971842099,35.18805580950272,8.077090017212197e-16,8.077090017212197e-16,gauss96,0.31238379440498604,0.1428571428571428,2241,0.1389028971706073,0.046988287711602635,4097,,,,,,,,
sine_n8_clustered_s5,sine,8,clustered,5,False,natural,0.0,ok,0.0008346320000214291,1.0407596149684981e-16,405.23244132281934,35.259319611869415,4.0303825688168343e-16,4.0303825688168343e-16,gauss96,0.3416835495301641,0.1428571428571428,2241,0.13919487343685336,0.0466549035319798,4097,,,,,,,,
sine_n8_clustered_s5,sine,8,clustered,5,False,averaged,0.5,ok,0.000986571999987973,1.0096851349158317e-16,5.63329469638825,38.652369522647554,1.1029741429080136e-15,1.1029741429080136e-15,gauss96,0.665039817826756,0.09851041827435292,2208,0.13389506645004468,0.04756512264960792,4097,,,,,,,,
sine_n8_clustered_s5,sine,8,clustered,5,False,repeated,0.5,ok,0.0010375319999980093,2.0350854505792575e-16,3.2115561240912514,36.94262464034221,2.1157051426242952e-15,2.1157051426242952e-15,gauss96,0.6469421944887119,0.08203278790934654,2272,0.13585181718341335,0.048366011062167695,4097,,,,,,,,
sine_n8_clustered_s5,sine,8,clustered,5,False,natural,0.5,ok,0.0007278939999650902,1.0097671678960522e-16,666.3496731630976,37.1869259620854,1.910732649653663e-15,1.910732649653663e-15,gauss96,0.6749158905333946,0.08203278790934654,2272,0.13621708422376258,0.04797449143262733,4097,,,,,,,,
sine_n8_clustered_s5,sine,8,clustered,5,False,averaged,1.0,ok,0.0008372869999675459,1.0407596149684981e-16,13.50135269129292,38.23973680036845,2.0439393017176294e-15,2.0439393017176294e-15,gauss96,0.9264376063725106,0.06294689381951546,2208,0.14122817826790438,0.053296984372482925,4097,,,,,,,,
sine_n8_clustered_s5,sine,8,clustered,5,False,repeated,1.0,ok,0.0009513050000009571,1.0407596149684981e-16,5.117930203378559,35.932978137417074,1.9774112043894596e-15,1.9774112043894596e-15,gauss96,0.865260785091053,0.04182421558887883,2272,0.13423767681468388,0.05053685071438408,4097,,,,,,,,
sine_n8_clustered_s5,sine,8,clustered,5,False,natural,1.0,ok,0.0008184040000287496,1.0109340049568143e-16,1707.0769389395293,36.22663757919172,1.7652437678936207e-15,1.7652437678936207e-15,gauss96,1.1443800453912005,0.04182421558887883,2272,0.1345541230252283,0.050111105357484906,4097,,,,,,,,
sine_n8_clustered_s6,sine,8,clustered,6,False,averaged,0.0,ok,0.0008835180000232867,1.0524354290655165e-16,4.211952386268619,47.852233586070625,5.93947393892964e-16,5.93947393892964e-16,gauss96,0.35505926098205903,0.1428571428571428,2189,0.15234453812424142,0.05006293531786654,4097,,,,,,,,
sine_n8_clustered_s6,sine,8,clustered,6,False,repeated,0.0,ok,0.0010580649999951675,1.0210123383951452e-16,2.787791971842099,39.34410753944008,1.2641789231932048e-15,1.2641789231932048e-15,gauss96,0.3835735086679351,0.1428571428571428,2241,0.15217752852950345,0.04984267895459303,4097,,,,,,,,
sine_n8_clustered_s6,sine,8,clustered,6,False,natural,0.0,ok,0.0007994019999841839,2.0420246767902904e-16,405.23244132281934,39.45572365307357,1.6207748913870816e-15,1.6207748913870816e-15,gauss96,0.3832067528520765,0.1428571428571428,2241,0.15222263782126708,0.04989893213442865,4097,,,,,,,,
sine_n8_clustered_s6,sine,8,clustered,6,False,averaged,0.5,ok,0.0008655020000105651,3.609823740771706e-17,4.543998126362188,31.566011640190652,1.3505844397309015e-15,1.3505844397309015e-15,gauss96,0.7364462881238182,0.15358803568656168,2208,0.1316594321682167,0.047097014616542796,4097,,,,,,,,
sine_n8_clustered_s6,sine,8,clustered,6,False,repeated,0.5,ok,0.0009421600000223407,1.0210123383951452e-16,3.167108059080557,28.976361081854407,1.2260730975723806e-15,1.2260730975723806e-15,gauss96,0.582134607944496,0.09133013586019174,2272,0.13990975942216505,0.04892789699523017,4097,,,,,,,,
sine_n8_clustered_s6,sine,8,clustered,6,False,natural,0.5,ok,0.0007422990000236496,2.0420246767902904e-16,756.775379192858,28.614067348297795,1.241596881546393e-15,1.241596881546393e-15,gauss96,0.7287056779895291,0.09133013586019174,2272,0.14006207317256297,0.04905341133022014,4097,,,,,,,,
sine_n8_clustered_s6,sine,8,clustered,6,False,averaged,1.0,ok,0.000952877000031549,1.0524354290655165e-16,9.27675700446004,32.046042994640715,3.547609224035201e-15,3.547609224035201e-15,gauss96,1.1245943853685438,0.1405082140442786,2208,0.10138916930422702,0.04076932690776438,4097,,,,,,,,
sine_n8_clustered_s6,sine,8,clustered,6,False,repeated,1.0,ok,0.0010217750000265369,2.0421325729091254e-16,4.948379947787272,28.149740992933467,1.514492234806289e-15,1.514492234806289e-15,gauss96,0.8154911439672038,0.052027659197040485,2272,0.11409087332620277,0.044852080699233625,4097,,,,,,,,
sine_n8_clustered_s6,sine,8,clustered,6,False,natural,1.0,ok,0.0007342150000226866,2.0460091189727844e-16,2252.516624754132,27.81952308942289,1.4047634943700328e-15,1.4047634943700328e-15,gauss96,1.224796705549717,0.052027659197040485,2272,0.11451530294306486,0.045157248925754775,4097,,,,,,,,
sine_n8_clustered_s7,sine,8,clustered,7,False,averaged,0.0,ok,0.0007850019999864344,1.0470932431353185e-16,4.211952386268619,46.26955559776313,1.9963570960529953e-15,1.9963570960529953e-15,gauss96,0.5777568324428649,0.1428571428571428,2189,0.14859246848054727,0.04781184323482058,4097,,,,,,,,
sine_n8_clustered_s7,sine,8,clustered,7,False,repeated,0.0,ok,0.0009483970000019326,1.0158296567805818e-16,2.787791971842099,45.66554994362879,1.8671652568832827e-15,1.8671652568832827e-15,gauss96,0.5336032799805056,0.1428571428571428,2241,0.14858915782143373,0.04760647671712711,4097,,,,,,,,
sine_n8_clustered_s7,sine,8,clustered,7,False,natural,0.0,ok,0.0009196670000051199,1.0158296567805818e-16,405.23244132281934,46.172269683406256,1.6927844671603972e-15,1.6927844671603972e-15,gauss96,0.578339159789076,0.1428571428571428,2241,0.14863369114165564,0.04769408870121384,4097,,,,,,,,
sine_n8_clustered_s7,sine,8,clustered,7,False,averaged,0.5,ok,0.0008758270000157609,1.0470932431353185e-16,4.274977386242911,37.819129238383766,3.569704604869652e-15,3.569704604869652e-15,gauss96,0.7328669626923348,0.1542643757903588,2208,0.14359000190020355,0.048758621779519694,4097,,,,,,,,
sine_n8_clustered_s7,sine,8,clustered,7,False,repeated,0.5,ok,0.001054565000004004,1.0470932431353185e-16,3.0407321794776703,34.91806049793694,1.4244202224847418e-15,1.4244202224847418e-15,gauss96,0.6186838593202064,0.11007617335307529,2272,0.14525501738618934,0.04872354942395962,4097,,,,,,,,
sine_n8_clustered_s7,sine,8,clustered,7,False,natural,0.5,ok,0.0008234430000015891,1.0470932431353185e-16,619.2696587260479,34.65593713230397,1.0251385398229202e-15,1.0251385398229202e-15,gauss96,0.7841258631798309,0.11007617335307529,2272,0.14539566348931113,0.048847659489479826,4097,,,,,,,,
sine_n8_clustered_s7,sine,8,clustered,7,False,averaged,1.0,ok,0.0008828370000060204,1.0158296567805818e-16,6.451670275896306,41.89252709737269,6.1059907959020785e-15,6.1059907959020785e-15,gauss96,0.8060619140925852,0.17357084508315612,2208,0.14023149148275318,0.05066349936647554,4097,,,,,,,,
sine_n8_clustered_s7,sine,8,clustered,7,False,repeated,1.0,ok,0.0009797920000096383,1.0158296567805818e-16,4.143088906864747,36.68723987897685,2.5177842746830563e-15,2.5177842746830563e-15,gauss96,0.7871034334946337,0.07845878983137633,2272,0.13767482360106442,0.04935903882258141,4097,,,,,,,,
sine_n8_clustered_s7,sine,8,clustered,7,False,natural,1.0,ok,0.0007506509999757327,1.0158296567805818e-16,1268.9504347782226,36.33326696398304,2.151188358896828e-15,2.151188358896828e-15,gauss96,1.0657676714084672,0.07845878983137633,2272,0.13802891024185915,0.0495679457019617,4097,,,,,,,,
sine_n8_clustered_s8,sine,8,clustered,8,False,averaged,0.0,ok,0.0008468820000189226,1.0586522333085937e-16,4.211952386268619,169.17637017745707,2.0865658174090265e-13,2.0865658174090265e-13,gauss96,0.1318963166969647,0.1428571428571428,2189,0.13547790595990114,0.04353567557367801,4097,,,,,,,,
sine_n8_clustered_s8,sine,8,clustered,8,False,repeated,0.0,ok,0.0009419250000064494,2.5676088110160957e-17,2.787791971842099,187.337424467377,9.102839812560797e-16,9.102839812560797e-16,gauss96,0.13180590939257728,0.1428571428571428,2241,0.12056742006843175,0.04219522418913551,4097,,,,,,,,
sine_n8_clustered_s8,sine,8,clustered,8,False,natural,0.0,ok,0.0007665190000238908,1.0586522333085937e-16,405.23244132281934,172.49430579771362,1.1533828035236229e-15,1.1533828035236229e-15,gauss96,0.13389001038819753,0.1428571428571428,2241,0.12604383064042915,0.04320009107952816,4097,,,,,,,,
sine_n8_clustered_s8,sine,8,clustered,8,False,averaged,0.5,ok,0.0009364559999767152,2.5676088110160957e-17,6.47948201637805,52.27174753043471,1.096974971851744e-13,1.096974971851744e-13,gauss96,0.5362098091462877,0.08828002185097791,2208,0.13487566671349543,0.0474623531244118,4097,,,,,,,,
sine_n8_clustered_s8,sine,8,clustered,8,False,repeated,0.5,ok,0.0010168019999809985,5.1352176220321914e-17,3.264722712364624,53.88572223271579,3.296525992040552e-15,3.296525992040552e-15,gauss96,0.5156853886074796,0.08361434458166805,2272,0.11436405521540648,0.04395681222443294,4097,,,,,,,,
sine_n8_clustered_s8,sine,8,clustered,8,False,natural,0.5,ok,0.0007723539999915374,2.0700724031214143e-16,573.8544418439762,54.076774952841696,2.8906938700309377e-15,2.8906938700309377e-15,gauss96,0.5151935275780798,0.08361434458166805,2272,0.12133353743068905,0.045373545021485946,4097,,,,,,,,
sine_n8_clustered_s8,sine,8,clustered,8,False,averaged,1.0,ok,0.0008780740000133846,5.2932611665429686e-17,18.95103286045626,57.21806097179549,1.722398064109605e-13,1.722398064109605e-13,gauss96,0.9484088938447055,0.04782626674604201,2208,0.1381849205492476,0.05784655387663677,4097,,,,,,,,
sine_n8_clustered_s8,sine,8,clustered,8,False,repeated,1.0,ok,0.0009436310000410231,1.0270435244064383e-16,5.451176729983068,48.849250362927954,2.6182119784151386e-15,2.6182119784151386e-15,gauss96,0.8115272048099598,0.042837820039944796,2272,0.10558550136202047,0.045252698358764346,4097,,,,,,,,
sine_n8_clustered_s8,sine,8,clustered,8,False,natural,1.0,ok,0.0007431779999933497,2.1173044666171874e-16,1322.1259787075533,49.19254324171233,2.7443817883346286e-15,2.7443817883346286e-15,gauss96,0.9286651382144693,0.042837820039944796,2272,0.11436204552920146,0.047106401964903254,4097,,,,,,,,
sine_n8_clustered_s9,sine,8,clustered,9,False,averaged,0.0,ok,0.0009432700000502336,1.0292048014462518e-16,4.211952386268619,71.52474315499437,3.973689128643785e-16,3.973689128643785e-16,gauss96,0.18635255275735563,0.1428571428571428,2189,0.11544684741504914,0.04203238974317658,4097,,,,,,,,
sine_n8_clustered_s9,sine,8,clustered,9,False,repeated,0.0,ok,0.0009612939999783521,1.0310325091830086e-16,2.787791971842099,224.38581852233213,1.266644639914056e-15,1.266644639914056e-15,gauss96,0.17665535168822957,0.1428571428571428,2241,0.1004571531231173,0.043184173884274986,4097,,,,,,,,
sine_n8_clustered_s9,sine,8,clustered,9,False,natural,0.0,ok,0.0008248789999925066,2.0744285962615283e-16,405.23244132281934,128.66539727248812,1.5462740583739601e-15,1.5462740583739601e-15,gauss96,0.1804814586571573,0.1428571428571428,2241,0.10596555305513483,0.043849627526857005,4097,,,,,,,,
sine_n8_clustered_s9,sine,8,clustered,9,False,averaged,0.5,ok,0.0009124040000187961,2.5730120036156294e-17,9.172510728767787,47.46051233546993,1.9462612412588575e-15,1.9462612412588575e-15,gauss96,0.4399385406261331,0.08305712162755097,2208,0.1169979684282929,0.0462345790231628,4097,,,,,,,,
sine_n8_clustered_s9,sine,8,clustered,9,False,repeated,0.5,ok,0.0009604379999927914,1.060880026688937e-16,3.512841728187327,47.038667938043275,1.2084402333773357e-15,1.2084402333773357e-15,gauss96,0.439301219513634,0.06299833759230522,2272,0.09949853731944563,0.04606606813633178,4097,,,,,,,,
sine_n8_clustered_s9,sine,8,clustered,9,False,natural,0.5,ok,0.0007328230000211988,1.060880026688937e-16,432.1364827857807,47.13955552586242,7.536587138271503e-16,7.536587138271503e-16,gauss96,0.4421748246915837,0.06299833759230522,2272,0.10543675784261754,0.046864387915101634,4097,,,,,,,,
sine_n8_clustered_s9,sine,8,clustered,9,False,averaged,1.0,ok,0.0008741149999877962,1.060880026688937e-16,36.753713534805144,1113.1074245235566,6.493297055315531e-13,0.0134740082471175,adaptive,0.2344483513783271,0.0445677162351531,2208,0.11977962605917412,0.050561369969029796,4097,,,,,,,,
sine_n8_clustered_s9,sine,8,clustered,9,False,repeated,1.0,ok,0.0009934260000363793,1.060880026688937e-16,6.722992784995838,46.044123568038025,2.006131260427182e-15,2.006131260427182e-15,gauss96,0.8071768489901165,0.024218351661696946,2272,0.10345871367833334,0.04882990641995753,4097,,,,,,,,
sine_n8_clustered_s9,sine,8,clustered,9,False,natural,1.0,ok,0.0007272170000192091,1.0325757954902509e-16,796.9513760851644,46.42429585698592,1.989702890343637e-15,1.989702890343637e-15,gauss96,0.9374675096341596,0.024218351661696946,2272,0.10515517660699837,0.04975561170377221,4097,,,,,,,,
sine_n16_uniform_s0,sine,16,uniform,0,False,averaged,0.0,ok,0.0009208180000541688,1.0374449668676892e-16,3.8959052280337874,174.93119162788483,1.1373155591144685e-15,1.1373155591144685e-15,gauss96,0.9065470915269667,0.06666666666666654,2442,0.001716970813375557,0.0006307428317040845,4097,,,,,,,,
sine_n16_uniform_s0,sine,16,uniform,0,False,repeated,0.0,ok,0.0009536289999800829,1.0143020191617538e-16,2.9434425762481964,178.09724764557987,1.5958533782040396e-16,1.5958533782040396e-16,gauss96,0.8748408504752406,0.06666666666666665,2497,0.0012163982719572267,0.0004929139878586879,4097,,,,,,,,
sine_n16_uniform_s0,sine,16,uniform,0,False,natural,0.0,ok,0.0007345080000504822,3.019408361760633e-16,1837.459442220874,174.65906677355431,3.254535817170349e-16,3.254535817170349e-16,gauss96,0.9065470915269667,0.06666666666666665,2497,0.0007164481690500992,0.0003031718904235375,4097,,,,,,,,
sine_n16_uniform_s0,sine,16,uniform,0,False,averaged,0.5,ok,0.0009987309999814897,1.125267058121342e-16,5.317330922678874,165.61066093973284,2.7458821087124977e-15,2.7458821087124977e-15,gauss96,1.020713708240208,0.055423540230507884,2463,0.003943239177007362,0.0017617178515967607,4097,,,,,,,,
sine_n16_uniform_s0,sine,16,uniform,0,False,repeated,0.5,ok,0.0009724039999809975,1.0374449668676892e-16,3.0688166912435872,165.83093499946995,1.7138967123652082e-15,1.7138967123652082e-15,gauss96,1.0247796894080505,0.05350531309293316,2527,0.003507804131695954,0.001258925804108915,4097,,,,,,,,
sine_n16_uniform_s0,sine,16,uniform,0,False,natural,0.5,ok,0.0007464189999950577,2.012938907840422e-16,1173.598794346975,166.52489806251592,1.706754350915986e-15,1.706754350915986e-15,gauss96,1.0364429127841142,0.05350531309293316,2527,0.0035136840543809394,0.0014231163877628911,4097,,,,,,,,
sine_n16_uniform_s0,sine,16,uniform,0,False,averaged,1.0,ok,0.0009551900000133173,1.125267058121342e-16,8.677350249945665,9561.233452643419,3.818293420539801e-10,0.03467426807952789,adaptive,0.12234469323782776,0.04408724339397285,2463,0.010603443855518773,0.003687206899240825,4097,,,,,,,,
sine_n16_uniform_s0,sine,16,uniform,0,False,repeated,1.0,ok,0.002052646999970875,2.012938907840422e-16,3.497714316205238,165.4736444083754,2.0611168285091894e-15,2.0611168285091894e-15,gauss96,0.9058919461849464,0.04102677754106343,2527,0.007059120142571073,0.0028873009416140495,4097,,,,,,,,
sine_n16_uniform_s0,sine,16,uniform,0,False,natural,1.0,ok,0.0007639969999786445,1.125267058121342e-16,868.4675275544267,166.2943853784824,2.050944247988901e-15,2.050944247988901e-15,gauss96,1.207980100340221,0.04102677754106343,2527,0.007060395829912915,0.0030677131262614775,4097,,,,,,,,
sine_n16_jittered_s0,sine,16,jittered,0,False,averaged,0.0,ok,0.0009085169999707432,1.0406887204300593e-16,3.8959052280337874,1141.311231392128,9.930471955304456e-11,9.930471955304456e-11,gauss96,0.19625232651438154,0.06666666666666654,2442,0.020707159873028416,0.006479081529033929,4097,,,,,,,,
sine_n16_jittered_s0,sine,16,jittered,0,False,repeated,0.0,ok,0.0009605210000245279,1.1287854028480212e-16,2.9434425762481964,727.2794218376001,2.497961048040065e-13,2.497961048040065e-13,gauss96,0.18349369081875655,0.06666666666666665,2497,0.02072566022948848,0.00643727400354118,4097,,,,,,,,
sine_n16_jittered_s0,sine,16,jittered,0,False,natural,0.0,ok,0.0007200740000143924,1.017473412240954e-16,1837.459442220874,750.790854068857,1.213365872013583e-11,1.213365872013583e-11,gauss96,0.17861879286500726,0.06666666666666665,2497,0.020711716449217987,0.006365795000943045,4097,,,,,,,,
sine_n16_jittered_s0,sine,16,jittered,0,False,averaged,0.5,ok,0.0009297950000473065,1.0406887204300593e-16,5.626150598412156,181.9854211586971,2.498811981702149e-15,2.498811981702149e-15,gauss96,0.5381596365709304,0.04398142614181688,2464,0.013626162416636882,0.004720081013396737,4097,,,,,,,,
sine_n16_jittered_s0,sine,16,jittered,0,False,repeated,0.5,ok,0.001001375999976517,2.0193594554615964e-16,3.560234727003356,179.32787883168018,9.50941134716071e-16,9.50941134716071e-16,gauss96,0.6201622153589895,0.036203804711523846,2528,0.008291664630166437,0.0028293477290531545,4097,,,,,,,,
sine_n16_jittered_s0,sine,16,jittered,0,False,natural,0.5,ok,0.0007244329999593901,3.0314771404361563e-16,2024.5355703358139,179.25104165632405,7.927906350719184e-16,7.927906350719184e-16,gauss96,0.6145802389585642,0.036203804711523846,2528,0.008291361592276284,0.0028024669264616188,4097,,,,,,,,
sine_n16_jittered_s0,sine,16,jittered,0,False,averaged,1.0,ok,0.000952669000014339,1.0406887204300593e-16,20.175697819048246,18133.394428212094,2.6398938244708878e-09,0.14374973971455943,adaptive,0.06035267380078555,0.02522553708271391,2464,0.03529016554176868,0.01163929247459273,4097,,,,,,,,
sine_n16_jittered_s0,sine,16,jittered,0,False,repeated,1.0,ok,0.0009767799999735871,1.0406887204300593e-16,6.9027369106243635,157.240379738583,2.169038981792538e-15,2.169038981792538e-15,gauss96,0.9060620126602212,0.016923137348329398,2528,0.019927497103203597,0.007504950978439738,4097,,,,,,,,
sine_n16_jittered_s0,sine,16,jittered,0,False,natural,1.0,ok,0.0007356689999937771,2.019232714222128e-16,4533.362389598883,157.51619289390632,2.345677709745776e-15,2.345677709745776e-15,gauss96,0.9335560740739537,0.016923137348329398,2528,0.019927602363872296,0.007530004840262327,4097,,,,,,,,
sine_n16_jittered_s1,sine,16,jittered,1,False,averaged,0.0,ok,0.0009212859999934153,1.007010715849694e-16,3.8959052280337874,925.6477411931196,5.4354583508681675e-08,5.4354583508681675e-08,gauss96,0.1699664831930744,0.06666666666666654,2442,0.0191488430269073,0.005448946712048524,4097,,,,,,,,
sine_n16_jittered_s1,sine,16,jittered,1,False,repeated,0.0,ok,0.001412877000007029,1.014847493309858e-16,2.9434425762481964,877.5818111461971,1.0058701962550055e-08,1.0058701962550055e-08,gauss96,0.17163021461959285,0.06666666666666665,2497,0.012813490593930096,0.003921532907549164,4097,,,,,,,,
sine_n16_jittered_s1,sine,16,jittered,1,False,natural,0.0,ok,0.0007557550000001356,3.02365343407048e-16,1837.459442220874,900.0080384137736,2.8317512129534147e-08,2.8317512129534147e-08,gauss96,0.17160831644812902,0.06666666666666665,2497,0.015933902765149492,0.004470039437426437,4097,,,,,,,,
sine_n16_jittered_s1,sine,16,jittered,1,False,averaged,0.5,ok,0.0009425949999695149,1.0380028868942853e-16,6.298391054592459,175.30326230598283,0.0,0.0,gauss96,0.6372047505234846,0.05258864038923994,2464,0.019334181229959523,0.005725483648508761,4097,,,,,,,,
sine_n16_jittered_s1,sine,16,jittered,1,False,repeated,0.5,ok,0.0010894380000081583,1.1258722073553204e-16,3.2957254392402437,189.04543641075801,4.510298154246258e-16,4.510298154246258e-16,gauss96,0.6068370822041644,0.03353394004496571,2528,0.016945144603807465,0.004100932596950017,4097,,,,,,,,
sine_n16_jittered_s1,sine,16,jittered,1,False,natural,0.5,ok,0.0007756530000051498,1.014847493309858e-16,1674.862131922214,190.80133685816924,5.958387901973889e-16,5.958387901973889e-16,gauss96,0.6066880525775251,0.03353394004496571,2528,0.0187613767138937,0.0045356181694547575,4097,,,,,,,,
sine_n16_jittered_s1,sine,16,jittered,1,False,averaged,1.0,ok,0.0009377420000191705,1.0380028868942853e-16,14.482521601839611,182.40677925968856,2.9604847000169446e-15,2.9604847000169446e-15,gauss96,1.0579680987290367,0.04033823186437602,2464,0.02950984090665315,0.008601808106866865,4097,,,,,,,,
sine_n16_jittered_s1,sine,16,jittered,1,False,repeated,1.0,ok,0.000956401999985701,1.1258722073553204e-16,5.039490025696946,153.9474270239167,2.58467413010962e-15,2.58467413010962e-15,gauss96,0.9305297763470728,0.015851513305774362,2528,0.018247499171275328,0.005846169455620141,4097,,,,,,,,
sine_n16_jittered_s1,sine,16,jittered,1,False,natural,1.0,ok,0.0007870680000223729,1.0380028868942853e-16,2121.062641950359,154.1503958278709,2.2125179201335738e-15,2.2125179201335738e-15,gauss96,1.0752608180827075,0.015851513305774362,2528,0.019278901911090062,0.006211457933314714,4097,,,,,,,,
sine_n16_jittered_s2,sine,16,jittered,2,False,averaged,0.0,ok,0.0008993419999683283,1.0379361703183308e-16,3.8959052280337874,16998.85816045986,1.567621242058977e-09,2.5701007490003006e-05,adaptive,0.05414156080590102,0.06666666666666654,2442,0.06888456251405779,0.01748789281673098,4097,,,,,,,,
sine_n16_jittered_s2,sine,16,jittered,2,False,repeated,0.0,ok,0.0009553549999736788,1.125799843068491e-16,2.9434425762481964,57331.25370903427,7.715187261872072e-10,0.0010895279310069222,adaptive,0.027918454167637136,0.06666666666666665,2497,0.06880099430150796,0.01744370079413034,4097,,,,,,,,
sine_n16_jittered_s2,sine,16,jittered,2,False,natural,0.0,ok,0.0007835229999955118,2.013891982527793e-16,1837.459442220874,25632.700833927047,1.5280145146835403e-09,0.00015161163181890894,adaptive,0.04280119479893655,0.06666666666666665,2497,0.06884804022572151,0.017442694115751087,4097,,,,,,,,
sine_n16_jittered_s2,sine,16,jittered,2,False,averaged,0.5,ok,0.0009534669999879952,1.0379361703183308e-16,8.637191198860771,143.8654430599313,9.877879227245741e-16,9.877879227245741e-16,gauss96,0.4748040931936167,0.042400178980124964,2464,0.05966520806593757,0.015057049927905087,4097,,,,,,,,
sine_n16_jittered_s2,sine,16,jittered,2,False,repeated,0.5,ok,0.000963663000050019,1.0379361703183308e-16,4.086005605617804,180.62667914685954,2.5176089879653338e-15,2.5176089879653338e-15,gauss96,0.4286070054226052,0.026774004345610336,2528,0.06437156499906095,0.016359836572172468,4097,,,,,,,,
sine_n16_jittered_s2,sine,16,jittered,2,False,natural,0.5,ok,0.0007485429999860571,2.013891982527793e-16,1347.5860433834657,177.9041006003941,2.8756547376971415e-15,2.8756547376971415e-15,gauss96,0.4286706118597906,0.026774004345610336,2528,0.06441122260966772,0.016369025633485742,4097,,,,,,,,
sine_n16_jittered_s2,sine,16,jittered,2,False,averaged,1.0,ok,0.0009309700000130761,1.0379361703183308e-16,38.15813863604643,185.73591713148764,2.4483544050585315e-15,2.4483544050585315e-15,gauss96,1.1804668520268564,0.02579558175971919,2464,0.027671485548623625,0.00853033341883554,4097,,,,,,,,
sine_n16_jittered_s2,sine,16,jittered,2,False,repeated,1.0,ok,0.0011085779999575607,2.013891982527793e-16,11.89666973223912,123.45972335104628,1.2661570723169557e-15,1.2661570723169557e-15,gauss96,0.9349858925223195,0.00951139385710914,2528,0.052846047435736974,0.014087790339106307,4097,,,,,,,,
sine_n16_jittered_s2,sine,16,jittered,2,False,natural,1.0,ok,0.0008447750000186716,1.0069459912638965e-16,2374.0137654926334,123.28334332109381,1.2679685483551917e-15,1.2679685483551917e-15,gauss96,1.2108292144263415,0.00951139385710914,2528,0.052869084038442225,0.014093803185197507,4097,,,,,,,,
sine_n16_jittered_s3,sine,16,jittered,3,False,averaged,0.0,ok,0.0009774949999723503,1.039169026514885e-16,3.8959052280337874,21899.645354329965,7.439420390733345e-10,0.41447047022542927,adaptive,0.04864175890703766,0.06666666666666654,2442,0.15493974264672825,0.046303955224194046,4097,,,,,,,,
sine_n16_jittered_s3,sine,16,jittered,3,False,repeated,0.0,ok,0.0011236039999857894,2.0319752382177745e-16,2.9434425762481964,36487.63299749426,1.783118190294203e-10,0.28775434258267396,adaptive,0.050218434293876416,0.06666666666666665,2497,0.15493651504746503,0.04619993417483041,4097,,,,,,,,
sine_n16_jittered_s3,sine,16,jittered,3,False,natural,0.0,ok,0.0007569370000055642,3.0250823836402607e-16,1837.459442220874,30102.235944174692,1.2042886634316949e-09,0.18959715106640576,adaptive,0.050025947738180955,0.06666666666666665,2497,0.15494001886572098,0.0461837539112933,4097,,,,,,,,
sine_n16_jittered_s3,sine,16,jittered,3,False,averaged,0.5,ok,0.0010854299999891737,1.039169026514885e-16,14.14717784923369,473.72906801694893,6.118284713119149e-11,1.2403165032897907e-05,adaptive,0.21038127333129597,0.039218508122186746,2464,0.14001574381201226,0.04172696535477402,4097,,,,,,,,
sine_n16_jittered_s3,sine,16,jittered,3,False,repeated,0.5,ok,0.0010952560000418998,1.039169026514885e-16,5.119445384917411,589.0647123338034,9.64977491786959e-16,9.64977491786959e-16,gauss96,0.3000177174579359,0.028149106984761196,2528,0.14668819768478245,0.04355639841647214,4097,,,,,,,,
sine_n16_jittered_s3,sine,16,jittered,3,False,natural,0.5,ok,0.0007513649999850713,1.039169026514885e-16,4205.200144684326,525.3398124280546,2.3804691465470075e-15,2.3804691465470075e-15,gauss96,0.29335676395712906,0.028149106984761196,2528,0.14670611187736438,0.043548607391233084,4097,,,,,,,,
sine_n16_jittered_s3,sine,16,jittered,3,False,averaged,1.0,ok,0.0013374180000482738,1.0081420374567412e-16,161.5577937030457,84.90431301222472,9.540371861319765e-15,9.540371861319765e-15,gauss96,0.9628911463085945,0.015655388874580956,2464,0.09355268921902492,0.03937191546517843,4097,,,,,,,,
sine_n16_jittered_s3,sine,16,jittered,3,False,repeated,1.0,ok,0.0009652459999642815,1.039169026514885e-16,26.300302416185875,87.04536756439421,1.1428061686662869e-15,1.1428061686662869e-15,gauss96,0.8344473525804116,0.007833377535091751,2528,0.1199708364352215,0.043021567696708236,4097,,,,,,,,
sine_n16_jittered_s3,sine,16,jittered,3,False,natural,1.0,ok,0.0007076409999626776,2.0162840749134824e-16,42597.70962117271,85.86838257119004,4.964873317633654e-16,4.964873317633654e-16,gauss96,0.9425355540219873,0.007833377535091751,2528,0.12003439057614716,0.042965818088512645,4097,,,,,,,,
sine_n16_jittered_s4,sine,16,jittered,4,False,averaged,0.0,ok,0.0008839559999955782,1.1296950196971703e-16,3.8959052280337874,9091.71026245499,2.5119208906558027e-10,0.24040139487348577,adaptive,0.11412465380832154,0.06666666666666654,2442,0.04067882820936886,0.012895378165187567,4097,,,,,,,,
sine_n16_jittered_s4,sine,16,jittered,4,False,repeated,0.0,ok,0.000964344000010442,1.0182933297886122e-16,2.9434425762481964,772.3101983178827,1.369717676079696e-10,1.369717676079696e-10,gauss96,0.1876104898178953,0.06666666666666665,2497,0.04034217988975064,0.01231248320557196,4097,,,,,,,,
sine_n16_jittered_s4,sine,16,jittered,4,False,natural,0.0,ok,0.0007544030000303792,2.0209463627212585e-16,1837.459442220874,775.2139283795748,1.5053614964809505e-10,1.5053614964809505e-10,gauss96,0.18739115526251113,0.06666666666666665,2497,0.04031390209321368,0.012275497518197929,4097,,,,,,,,
sine_n16_jittered_s4,sine,16,jittered,4,False,averaged,0.5,ok,0.0009422379999932673,2.0208598863086692e-16,4.4916161386498725,10629.09214151534,1.2736997324851127e-10,0.000810360379264648,adaptive,0.07595722173323041,0.04838924369488168,2464,0.03898859727481723,0.012049736143430068,4097,,,,,,,,
sine_n16_jittered_s4,sine,16,jittered,4,False,repeated,0.5,ok,0.0009707970000363275,2.0209002648491086e-16,3.42487281426412,173.17031805722493,9.847545381655506e-16,9.847545381655506e-16,gauss96,0.5457168955484774,0.029884985934867436,2528,0.04057556246852164,0.012104061345150763,4097,,,,,,,,
sine_n16_jittered_s4,sine,16,jittered,4,False,natural,0.5,ok,0.000737893999996686,1.1296950196971703e-16,2576.667115325138,173.00704665745985,6.571225849933552e-16,6.571225849933552e-16,gauss96,0.5693231514471254,0.029884985934867436,2528,0.04048316984517076,0.012006284003418528,4097,,,,,,,,
sine_n16_jittered_s4,sine,16,jittered,4,False,averaged,1.0,ok,0.0009368699999754426,1.0415273457280426e-16,10.804064664975675,124.20342524911787,3.5468949047714846e-15,3.5468949047714846e-15,gauss96,1.052033410292149,0.03533073624216332,2464,0.037280058118233594,0.012224454323534539,4097,,,,,,,,
sine_n16_jittered_s4,sine,16,jittered,4,False,repeated,1.0,ok,0.0009641999999985273,1.0415273457280426e-16,5.813436165305774,114.88679247983295,3.216054819008986e-15,3.216054819008986e-15,gauss96,0.8629213876812265,0.012533980800946476,2528,0.0416335184240285,0.012721974530771962,4097,,,,,,,,
sine_n16_jittered_s4,sine,16,jittered,4,False,natural,1.0,ok,0.0008236389999751736,2.0213488197223194e-16,6193.785423758958,114.05869697450194,2.9902192661476124e-15,2.9902192661476124e-15,gauss96,1.141231470667774,0.012533980800946476,2528,0.04145753924926241,0.012553490679935372,4097,,,,,,,,
sine_n16_jittered_s5,sine,16,jittered,5,False,averaged,0.0,ok,0.0008940520000351171,1.0421754178605068e-16,3.8959052280337874,11918.136120944451,6.8972721257050085e-09,0.008999347873303176,adaptive,0.03468559001243938,0.06666666666666654,2442,0.05669744320997459,0.01862917197270212,4097,,,,,,,,
sine_n16_jittered_s5,sine,16,jittered,5,False,repeated,0.0,ok,0.0009549570000331187,2.0257578091978904e-16,2.9434425762481964,37266.70163523019,8.165929307111943e-10,0.09193355048443896,adaptive,0.02411550105781779,0.06666666666666665,2497,0.04965295619839661,0.016367736779274167,4097,,,,,,,,
sine_n16_jittered_s5,sine,16,jittered,5,False,natural,0.0,ok,0.0008612550000179908,3.033175996419594e-16,1837.459442220874,1394080.9254487015,9.596174035206572e-11,54.09941067763833,adaptive,0.0038063204470433197,0.06666666666666665,2497,0.0525804472414693,0.016899218381554688,4097,,,,,,,,
sine_n16_jittered_s5,sine,16,jittered,5,False,averaged,0.5,ok,0.0011255470000151035,1.1303979526191451e-16,9.731345397508816,156.6790230580925,0.0,0.0,gauss96,0.5591178945439581,0.04359646747231094,2464,0.055518727354584796,0.01599234812369025,4097,,,,,,,,
sine_n16_jittered_s5,sine,16,jittered,5,False,repeated,0.5,ok,0.0010323260000291157,2.0222241752046058e-16,3.984913779603168,167.63947147099782,2.7126508267782083e-15,2.7126508267782083e-15,gauss96,0.5010610263832433,0.03439663213249178,2528,0.04903681245732487,0.014059435542752215,4097,,,,,,,,
sine_n16_jittered_s5,sine,16,jittered,5,False,natural,0.5,ok,0.0007831720000126552,1.0421754178605068e-16,2193.5478462526507,168.72876454230965,2.358245987902552e-15,2.358245987902552e-15,gauss96,0.500516052479822,0.03439663213249178,2528,0.051773239513824613,0.014656951380107001,4097,,,,,,,,
sine_n16_jittered_s5,sine,16,jittered,5,False,averaged,1.0,ok,0.0010699890000296364,1.0421754178605068e-16,49.23544919573469,141.13362798390403,2.2151971022108197e-15,2.2151971022108197e-15,gauss96,0.949353979402551,0.02665978177208561,2464,0.03779634163511155,0.01147857188780575,4097,,,,,,,,
sine_n16_jittered_s5,sine,16,jittered,5,False,repeated,1.0,ok,0.001052652999987913,5.05529332736599e-17,9.549049050388744,129.41603967183536,1.5373053179290395e-15,1.5373053179290395e-15,gauss96,0.9118030895295272,0.015457813928518083,2528,0.045615118614693535,0.011260616055963039,4097,,,,,,,,
sine_n16_jittered_s5,sine,16,jittered,5,False,natural,1.0,ok,0.0008580479999977797,1.011058665473198e-16,5912.631081523291,129.50562003405116,1.536241948114045e-15,1.536241948114045e-15,gauss96,0.9894789897728371,0.015457813928518083,2528,0.048096802755321064,0.011864396040146654,4097,,,,,,,,
sine_n16_jittered_s6,sine,16,jittered,6,False,averaged,0.0,ok,0.0011114869999460097,1.0406488964500848e-16,3.8959052280337874,7233.4927801584445,2.273189538984741e-09,0.0003192165555906466,adaptive,0.10849719759755032,0.06666666666666654,2442,0.039056193014751,0.010040360514473242,4097,,,,,,,,
sine_n16_jittered_s6,sine,16,jittered,6,False,repeated,0.0,ok,0.00107892900001616,1.0095777221755659e-16,2.9434425762481964,4164.748620283813,6.060364537026827e-10,0.002011266810107044,adaptive,0.11936215139586767,0.06666666666666665,2497,0.024352332047579132,0.006734312267939915,4097,,,,,,,,
sine_n16_jittered_s6,sine,16,jittered,6,False,natural,0.0,ok,0.0008032599999978629,2.0230952635986302e-16,1837.459442220874,4470.448776613381,9.770703556740579e-11,0.001064699107658417,adaptive,0.11452928293410522,0.06666666666666665,2497,0.024351044196657626,0.00680214466619835,4097,,,,,,,,
sine_n16_jittered_s6,sine,16,jittered,6,False,averaged,0.5,ok,0.001259226000001945,2.0812977929001696e-16,14.047972693599853,163.8198772720446,3.2963794636527157e-15,3.2963794636527157e-15,gauss96,0.4308258343477182,0.04060807342612438,2464,0.07055096244916595,0.01631518897985737,4097,,,,,,,,
sine_n16_jittered_s6,sine,16,jittered,6,False,repeated,0.5,ok,0.0010654920000092716,1.0406488964500848e-16,4.284371939329608,227.62011072921726,1.373511341914631e-15,1.373511341914631e-15,gauss96,0.40409581602066924,0.023939881308582378,2528,0.02420524694419418,0.007366935436736579,4097,,,,,,,,
sine_n16_jittered_s6,sine,16,jittered,6,False,natural,0.5,ok,0.0009455160000015894,1.128742207676981e-16,2515.125850522896,215.8381647611024,7.900838888765255e-16,7.900838888765255e-16,gauss96,0.4001603113775808,0.023939881308582378,2528,0.02420485918167216,0.007865575815086645,4097,,,,,,,,
sine_n16_jittered_s6,sine,16,jittered,6,False,averaged,1.0,ok,0.001026004000038938,2.0191554443511317e-16,96.29508399053574,137.62114105367723,3.495766927044025e-11,3.495766927044025e-11,gauss96,0.8963638526205902,0.021937945510070667,2464,0.049760798600647464,0.018017889545861174,4097,,,,,,,,
sine_n16_jittered_s6,sine,16,jittered,6,False,repeated,1.0,ok,0.0010595320000561514,1.0115476317993151e-16,13.281426062017449,129.50380986851138,2.1946620303496335e-15,2.1946620303496335e-15,gauss96,0.9182322032706247,0.007405592047089793,2528,0.0257518333156028,0.01103708547956946,4097,,,,,,,,
sine_n16_jittered_s6,sine,16,jittered,6,False,natural,1.0,ok,0.0008396110000035151,1.0406488964500848e-16,9260.679069078273,129.72253747420734,1.533673098650152e-15,1.533673098650152e-15,gauss96,1.0365620123718677,0.007405592047089793,2528,0.02574622021807791,0.0116122721670609,4097,,,,,,,,
sine_n16_jittered_s7,sine,16,jittered,7,False,averaged,0.0,ok,0.0010988079999947331,1.1263425124888264e-16,3.8959052280337874,1125.3345802948293,6.231003636564679e-08,6.231003636564679e-08,gauss96,0.33724843659247905,0.06666666666666654,2442,0.03571503467303398,0.007582771476274463,4097,,,,,,,,
sine_n16_jittered_s7,sine,16,jittered,7,False,repeated,0.0,ok,0.0013659699999948316,2.0180338095299557e-16,2.9434425762481964,1137.036902140133,5.8738429644810754e-08,5.8738429644810754e-08,gauss96,0.3364913919929853,0.06666666666666665,2497,0.0357112678345452,0.00736813664524798,4097,,,,,,,,
sine_n16_jittered_s7,sine,16,jittered,7,False,natural,0.0,ok,0.0008785000000557375,1.1263425124888264e-16,1837.459442220874,1128.1568309301076,6.115686762465873e-08,6.115686762465873e-08,gauss96,0.33686709225097755,0.06666666666666665,2497,0.03571358028299294,0.007404507082854868,4097,,,,,,,,
sine_n16_jittered_s7,sine,16,jittered,7,False,averaged,0.5,ok,0.0011753009999893038,1.0384364868029704e-16,5.883321890644064,169.22025473735613,1.5116121014629821e-15,1.5116121014629821e-15,gauss96,0.7812679611290554,0.04512978932035294,2464,0.008647782723409774,0.003151427282790612,4097,,,,,,,,
sine_n16_jittered_s7,sine,16,jittered,7,False,repeated,0.5,ok,0.001148931999978231,2.0156971549601512e-16,3.642012098923824,179.91423041766595,1.421762938261271e-15,1.421762938261271e-15,gauss96,0.752207188697406,0.04398349911628355,2528,0.006877806211465888,0.002458567055318882,4097,,,,,,,,
sine_n16_jittered_s7,sine,16,jittered,7,False,natural,0.5,ok,0.000905611999996836,1.0384364868029704e-16,1182.6469338139418,180.2439851112668,1.5768464846612742e-15,1.5768464846612742e-15,gauss96,0.7522161889089619,0.04398349911628355,2528,0.007892963559181522,0.0025859604325231228,4097,,,,,,,,
sine_n16_jittered_s7,sine,16,jittered,7,False,averaged,1.0,ok,0.0013575330000321628,1.0384364868029704e-16,18.33756773935278,1355.1145471534626,4.207484301077958e-10,0.00013476531758771593,adaptive,0.24669082435772235,0.02658561321294206,2464,0.07354991157263592,0.022107552843267722,4097,,,,,,,,
sine_n16_jittered_s7,sine,16,jittered,7,False,repeated,1.0,ok,0.0007494470000324327,2.0157578552857776e-16,7.6857590421966115,160.38275098922904,1.949329349983779e-15,1.949329349983779e-15,gauss96,0.9119635045083269,0.025224258234048086,2528,0.0287737386553603,0.008742763817782854,4097,,,,,,,,
sine_n16_jittered_s7,sine,16,jittered,7,False,natural,1.0,ok,0.0006187669999917489,2.0148627390983372e-16,1469.5184873987748,160.79843475738852,1.9442900934088765e-15,1.9442900934088765e-15,gauss96,1.0506583656178368,0.025224258234048086,2528,0.02877319405930828,0.008789641350373235,4097,,,,,,,,
sine_n16_jittered_s8,sine,16,jittered,8,False,averaged,0.0,ok,0.0007483190000243667,1.0394800495233466e-16,3.8959052280337874,657.0412928426424,3.45918480997948e-12,3.45918480997948e-12,gauss96,0.13280138203474448,0.06666666666666654,2442,0.06462605910071866,0.016000342616202774,4097,,,,,,,,
sine_n16_jittered_s8,sine,16,jittered,8,False,repeated,0.0,ok,0.0008741039999904388,1.0394800495233466e-16,2.9434425762481964,603.7237534044062,3.662428874761535e-12,3.662428874761535e-12,gauss96,0.13284475884342836,0.06666666666666665,2497,0.06327924222763735,0.015272574168404955,4097,,,,,,,,
sine_n16_jittered_s8,sine,16,jittered,8,False,natural,0.0,ok,0.0006370600000309423,1.0084437740957729e-16,1837.459442220874,608.8074912797437,3.951913504949034e-12,3.951913504949034e-12,gauss96,0.13266233563468663,0.06666666666666665,2497,0.06422467228600014,0.015551181534550396,4097,,,,,,,,
sine_n16_jittered_s8,sine,16,jittered,8,False,averaged,0.5,ok,0.0007906150000280832,1.0084437740957729e-16,4.559268306325723,174.22222575693036,1.1419436593032618e-15,1.1419436593032618e-15,gauss96,0.5014213799550814,0.039587554235400946,2464,0.05765163834771248,0.01439794410334443,4097,,,,,,,,
sine_n16_jittered_s8,sine,16,jittered,8,False,repeated,0.5,ok,0.0007880120000436364,2.0168896356680228e-16,3.3367358234317233,163.79342978148279,1.9087383672930978e-15,1.9087383672930978e-15,gauss96,0.4850067542662775,0.028811713215644713,2528,0.057717562880884095,0.014001924877905973,4097,,,,,,,,
sine_n16_jittered_s8,sine,16,jittered,8,False,natural,0.5,ok,0.0005632209999930637,1.0394800495233466e-16,2723.8317773689964,164.96821878219603,1.8951456592206666e-15,1.8951456592206666e-15,gauss96,0.48482184171533127,0.028811713215644713,2528,0.05911672111161897,0.014368531394114347,4097,,,,,,,,
sine_n16_jittered_s8,sine,16,jittered,8,False,averaged,1.0,ok,0.0007876800000303774,1.0394800495233466e-16,10.128044084529868,152.1668935142445,3.922376834108215e-15,3.922376834108215e-15,gauss96,0.6556411826418423,0.021331387886164344,2464,0.04579271794120184,0.015322274470313818,4097,,,,,,,,
sine_n16_jittered_s8,sine,16,jittered,8,False,repeated,1.0,ok,0.0007867569999575608,1.0092538888112022e-16,5.026270172993565,124.94763292644522,9.098758820708652e-16,9.098758820708652e-16,gauss96,0.8701733760111066,0.010844051008319533,2528,0.04994403322870726,0.013978797572045856,4097,,,,,,,,
sine_n16_jittered_s8,sine,16,jittered,8,False,natural,1.0,ok,0.0006331280000040351,2.0208229422715983e-16,7243.470332546178,125.09317761074169,1.249623719317839e-15,1.249623719317839e-15,gauss96,0.8701080890695355,0.010844051008319533,2528,0.05199222766228445,0.01442222523998944,4097,,,,,,,,
sine_n16_jittered_s9,sine,16,jittered,9,False,averaged,0.0,ok,0.0007144239999661295,5.636678331124226e-17,3.8959052280337874,314089.91986401915,4.0345592472893453e-10,0.8927138488689071,adaptive,0.01597559857829487,0.06666666666666654,2442,0.07570644559761516,0.01688747520281547,4097,,,,,,,,
sine_n16_jittered_s9,sine,16,jittered,9,False,repeated,0.0,ok,0.0007820339999966563,5.041598366277535e-17,2.9434425762481964,419513.3996893433,3.829726880270252e-09,0.8462414681961766,adaptive,0.013813275095467108,0.06666666666666665,2497,0.049783870751554625,0.013434701862646456,4097,,,,,,,,
sine_n16_jittered_s9,sine,16,jittered,9,False,natural,0.0,ok,0.0006317950000038763,1.0393521293051856e-16,1837.459442220874,434480.5573340349,6.838967785649423e-09,0.86980466344266,adaptive,0.013524991851814756,0.06666666666666665,2497,0.04655550292718882,0.013219936826098592,4097,,,,,,,,
sine_n16_jittered_s9,sine,16,jittered,9,False,averaged,0.5,ok,0.0007028840000202763,1.008319673255507e-16,5.8617647637506245,182.71925583290397,7.46632885757255e-15,7.46632885757255e-15,gauss96,0.33617903880454736,0.04273825777697571,2464,0.05746008797838041,0.01727746140294137,4097,,,,,,,,
sine_n16_jittered_s9,sine,16,jittered,9,False,repeated,0.5,ok,0.0007543760000316979,1.008319673255507e-16,3.7003769742832855,139.43074181286423,0.0,0.0,gauss96,0.5363377427674983,0.03702912390795557,2528,0.06363823395469176,0.016209028169129128,4097,,,,,,,,
sine_n16_jittered_s9,sine,16,jittered,9,False,natural,0.5,ok,0.0006164100000205508,3.564948392813865e-17,2290.985795350275,142.2946018261797,0.0,0.0,gauss96,0.5368733726872915,0.03702912390795557,2528,0.05977212736613621,0.01541340432409898,4097,,,,,,,,
sine_n16_jittered_s9,sine,16,jittered,9,False,averaged,1.0,ok,0.0007409220000340611,2.0323332746165184e-16,23.46123707725556,104.9495838667692,1.4894713833802858e-15,1.4894713833802858e-15,gauss96,1.3819346916891166,0.02293781390153521,2464,0.0924739154005094,0.02583643174714359,4097,,,,,,,,
sine_n16_jittered_s9,sine,16,jittered,9,False,repeated,1.0,ok,0.000723791000041274,1.0095668543698126e-16,9.493415591377714,96.52868002330507,1.4721898933841273e-15,1.4721898933841273e-15,gauss96,0.9133370768772017,0.017148462636079956,2528,0.09218966455556571,0.0251204389168856,4097,,,,,,,,
sine_n16_jittered_s9,sine,16,jittered,9,False,natural,1.0,ok,0.00054389799998944,2.0323332746165184e-16,8275.784727958746,97.04547791427878,1.6107850177758978e-15,1.6107850177758978e-15,gauss96,1.3538072527228537,0.017148462636079956,2528,0.08789194588833073,0.023860327346196007,4097,,,,,,,,
sine_n16_clustered_s0,sine,16,clustered,0,False,averaged,0.0,ok,0.0007132279999950697,1.0108894510600965e-16,3.8959052280337874,106.71366063557876,2.9296980524554233e-15,2.9296980524554233e-15,gauss96,0.40329490410541163,0.06666666666666654,2442,0.07770378361286331,0.02867179231418986,4097,,,,,,,,
sine_n16_clustered_s0,sine,16,clustered,0,False,repeated,0.0,ok,0.0007012429999804226,1.0420009956358582e-16,2.9434425762481964,106.68896701989642,2.930376143543878e-15,2.930376143543878e-15,gauss96,0.3789741977730875,0.06666666666666665,2497,0.07770273563079445,0.028603749725618008,4097,,,,,,,,
sine_n16_clustered_s0,sine,16,clustered,0,False,natural,0.0,ok,0.0005829769999650125,2.021778902120193e-16,1837.459442220874,106.66905467246805,2.664475608007786e-15,2.664475608007786e-15,gauss96,0.40339744211199097,0.06666666666666665,2497,0.07770529138223986,0.028606083067197967,4097,,,,,,,,
sine_n16_clustered_s0,sine,16,clustered,0,False,averaged,0.5,ok,0.0007865910000077747,1.0108894510600965e-16,4.0898225532174735,78.17457783582043,3.09032087983643e-15,3.09032087983643e-15,gauss96,0.7059143984907071,0.04337182783678084,2464,0.0769518075496474,0.027926252984751244,4097,,,,,,,,
sine_n16_clustered_s0,sine,16,clustered,0,False,repeated,0.5,ok,0.0007571279999751823,2.021778902120193e-16,3.151685962050069,81.8286033980263,3.125989864808151e-15,3.125989864808151e-15,gauss96,0.5317220762139278,0.041774396100200395,2528,0.07650274815206724,0.028675619752525246,4097,,,,,,,,
sine_n16_clustered_s0,sine,16,clustered,0,False,natural,0.5,ok,0.0005574099999989812,1.011867407886145e-16,3914.217222614608,81.80029788666613,3.1270715569769587e-15,3.1270715569769587e-15,gauss96,0.7019177158233836,0.041774396100200395,2528,0.07650486698733895,0.0286810104078738,4097,,,,,,,,
sine_n16_clustered_s0,sine,16,clustered,0,False,averaged,1.0,ok,0.0007891360000371606,1.0420009956358582e-16,6.450762044327926,78.80555796741487,3.2459053837218477e-15,3.2459053837218477e-15,gauss96,1.0438686891297695,0.02477515813660336,2464,0.07297104216123178,0.025129559480788582,4097,,,,,,,,
sine_n16_clustered_s0,sine,16,clustered,0,False,repeated,1.0,ok,0.0007203500000514396,1.0187564136853163e-16,4.030167245890014,75.85203547887274,2.435545864146025e-15,2.435545864146025e-15,gauss96,0.8433129275042616,0.02294372972639247,2528,0.07744861323863832,0.02827983850577546,4097,,,,,,,,
sine_n16_clustered_s0,sine,16,clustered,0,False,natural,1.0,ok,0.0005440909999947507,2.0221097781718828e-16,12317.738724869969,75.86456478832473,2.4351436248673638e-15,2.4351436248673638e-15,gauss96,1.1226950579034634,0.02294372972639247,2528,0.077452731360513,0.028293729105890224,4097,,,,,,,,
sine_n16_clustered_s1,sine,16,clustered,1,False,averaged,0.0,ok,0.0007069589999559867,1.0131963734785521e-16,3.8959052280337874,177.33570945730253,3.205413000842581e-16,3.205413000842581e-16,gauss96,0.5185003241379226,0.06666666666666654,2442,0.0415635551730559,0.015294401009807682,4097,,,,,,,,
sine_n16_clustered_s1,sine,16,clustered,1,False,repeated,0.0,ok,0.0006992090000039752,1.0443789168362077e-16,2.9434425762481964,177.26947047740583,4.809916115932643e-16,4.809916115932643e-16,gauss96,0.4107624471820822,0.06666666666666665,2497,0.041563218076636085,0.015243626762170571,4097,,,,,,,,
sine_n16_clustered_s1,sine,16,clustered,1,False,natural,0.0,ok,0.000530597000022226,1.132787982827154e-16,1837.459442220874,177.27390543233605,3.206530522480347e-16,3.206530522480347e-16,gauss96,0.5199212749983737,0.06666666666666665,2497,0.04156373801768015,0.015243202588988898,4097,,,,,,,,
sine_n16_clustered_s1,sine,16,clustered,1,False,averaged,0.5,ok,0.0007198440000024675,1.0443789168362077e-16,4.012421554839623,117.85439354713314,2.8939142860927693e-15,2.8939142860927693e-15,gauss96,0.8276499148413786,0.05223121840627962,2464,0.054130722123311964,0.014332549186050512,4097,,,,,,,,
sine_n16_clustered_s1,sine,16,clustered,1,False,repeated,0.5,ok,0.0007355819999474988,2.0263927469571042e-16,3.12612974854903,126.80292963432916,3.586252716698677e-15,3.586252716698677e-15,gauss96,0.5718840585824944,0.04613900997751999,2528,0.05166788520965463,0.014608387216332267,4097,,,,,,,,
sine_n16_clustered_s1,sine,16,clustered,1,False,natural,0.5,ok,0.0005382969999914167,2.0263927469571042e-16,3508.848345134786,126.78960403993582,3.4745474560556494e-15,3.4745474560556494e-15,gauss96,0.8240220375563593,0.04613900997751999,2528,0.0516653518654847,0.014607046007021954,4097,,,,,,,,
sine_n16_clustered_s1,sine,16,clustered,1,False,averaged,1.0,ok,0.0007016970000108813,1.0443789168362077e-16,6.0987296371313535,148.27421969426896,5.942185999422117e-15,5.942185999422117e-15,gauss96,0.8353135568231633,0.03696229801269751,2464,0.05883145127859526,0.017535250285125332,4097,,,,,,,,
sine_n16_clustered_s1,sine,16,clustered,1,False,repeated,1.0,ok,0.000818183000035333,2.0263927469571042e-16,3.9057442393792803,116.02837845112607,3.0619351284797872e-15,3.0619351284797872e-15,gauss96,0.8933159764871164,0.028305582280117432,2528,0.0577861096896614,0.014942329831384566,4097,,,,,,,,
sine_n16_clustered_s1,sine,16,clustered,1,False,natural,1.0,ok,0.0005688389999818355,1.0443789168362077e-16,9693.220783552448,115.9976408640675,2.572707055042236e-15,2.572707055042236e-15,gauss96,0.923213053875934,0.028305582280117432,2528,0.05777939985866217,0.01493909344311194,4097,,,,,,,,
sine_n16_clustered_s2,sine,16,clustered,2,False,averaged,0.0,ok,0.00073181499999464,5.677829232081644e-17,3.8959052280337874,162.53845566175133,1.7486144626321944e-16,1.7486144626321944e-16,gauss96,0.22210119968673733,0.06666666666666654,2442,0.043824603219246076,0.01641032837074604,4097,,,,,,,,
sine_n16_clustered_s2,sine,16,clustered,2,False,repeated,0.0,ok,0.0007236980000016047,2.0313619404111975e-16,2.9434425762481964,166.86021232583388,5.109973618199152e-16,5.109973618199152e-16,gauss96,0.22201667096199917,0.06666666666666665,2497,0.04338112449106631,0.015075579724163783,4097,,,,,,,,
sine_n16_clustered_s2,sine,16,clustered,2,False,natural,0.0,ok,0.0005582090000189055,3.0470429106167964e-16,1837.459442220874,165.37779554883022,1.718592833825269e-16,1.718592833825269e-16,gauss96,0.22208192656323636,0.06666666666666665,2497,0.043608292877643486,0.015492623415315862,4097,,,,,,,,
sine_n16_clustered_s2,sine,16,clustered,2,False,averaged,0.5,ok,0.0007023160000017015,1.0156809702055988e-16,6.244394425916444,109.26629285637831,1.5606849296751767e-15,1.5606849296751767e-15,gauss96,0.5160206293956321,0.03357799740639486,2464,0.04077727476819277,0.015392951160017869,4097,,,,,,,,
sine_n16_clustered_s2,sine,16,clustered,2,False,repeated,0.5,ok,0.0007166890000007697,1.0156809702055988e-16,3.212061223642773,117.10104543596859,2.912531753197213e-15,2.912531753197213e-15,gauss96,0.5152922639547952,0.02927496975229002,2528,0.04121181208646726,0.014149472630515804,4097,,,,,,,,
sine_n16_clustered_s2,sine,16,clustered,2,False,natural,0.5,ok,0.0006202799999641684,2.0314488662265236e-16,1668.5693404714907,116.41907734603039,3.1737257416758813e-15,3.1737257416758813e-15,gauss96,0.5153228735099935,0.02927496975229002,2528,0.04146213720276639,0.01455819738152357,4097,,,,,,,,
sine_n16_clustered_s2,sine,16,clustered,2,False,averaged,1.0,ok,0.0006683810000254198,1.1355658464163288e-16,13.817304750767532,127.23973707748694,4.132369623982086e-15,4.132369623982086e-15,gauss96,0.8336870033191816,0.014354190352467905,2464,0.03954658672360373,0.017253226356991135,4097,,,,,,,,
sine_n16_clustered_s2,sine,16,clustered,2,False,repeated,1.0,ok,0.0007108479999828887,2.838914616040822e-17,4.379621408140714,107.02225264575364,1.460625225154279e-15,1.460625225154279e-15,gauss96,0.8981768788674672,0.010807732137603554,2528,0.03778310420723102,0.014143337702779823,4097,,,,,,,,
sine_n16_clustered_s2,sine,16,clustered,2,False,natural,1.0,ok,0.0006513099999665428,4.0718666045876135e-16,2380.503974676869,106.86125677675314,1.4628257853432635e-15,1.4628257853432635e-15,gauss96,0.8983565853182098,0.010807732137603554,2528,0.03804630576402882,0.014528484004059448,4097,,,,,,,,
sine_n16_clustered_s3,sine,16,clustered,3,False,averaged,0.0,ok,0.0009503780000272855,5.680959615338786e-17,3.8959052280337874,121.64170886806448,0.0,0.0,gauss96,0.17772677955976043,0.06666666666666654,2442,0.04694562990134351,0.01591059611875475,4097,,,,,,,,
sine_n16_clustered_s3,sine,16,clustered,3,False,repeated,0.0,ok,0.0008038290000058623,5.081204750931433e-17,2.9434425762481964,138.23071160511185,4.1122134293278074e-16,4.1122134293278074e-16,gauss96,0.17764885364628397,0.06666666666666665,2497,0.05652963731995735,0.01839198790100744,4097,,,,,,,,
sine_n16_clustered_s3,sine,16,clustered,3,False,natural,0.0,ok,0.0005548569999973552,1.0162409501862866e-16,1837.459442220874,131.93162077137518,6.462827318628056e-16,6.462827318628056e-16,gauss96,0.17768953630319093,0.06666666666666665,2497,0.05501881943290271,0.017796500134520846,4097,,,,,,,,
sine_n16_clustered_s3,sine,16,clustered,3,False,averaged,0.5,ok,0.0007372850000137987,1.0162409501862866e-16,6.80258579517555,88.10542882470916,0.0,0.0,gauss96,0.48640224545937594,0.029959662343230498,2464,0.04178096614330555,0.017153757242426838,4097,,,,,,,,
sine_n16_clustered_s3,sine,16,clustered,3,False,repeated,0.5,ok,0.0007890470000120331,1.016832578841972e-16,3.2213474087418152,95.00886542666537,1.3461658747576415e-15,1.3461658747576415e-15,gauss96,0.478312478240407,0.028956628064866152,2528,0.052843705529042835,0.018453922233287064,4097,,,,,,,,
sine_n16_clustered_s3,sine,16,clustered,3,False,natural,0.5,ok,0.0005944729999782794,4.0728954449716294e-16,793.0428916507203,93.72778244980651,1.667802201027586e-15,1.667802201027586e-15,gauss96,0.47832194005701834,0.028956628064866152,2528,0.05087154949955993,0.01805371006822983,4097,,,,,,,,
sine_n16_clustered_s3,sine,16,clustered,3,False,averaged,1.0,ok,0.0007746119999865186,1.0162409501862866e-16,20.539164762172067,83.75196418388435,6.787114716020701e-16,6.787114716020701e-16,gauss96,1.258484041919155,0.011148649094693819,2464,0.04038707604415618,0.0178340691835214,4097,,,,,,,,
sine_n16_clustered_s3,sine,16,clustered,3,False,repeated,1.0,ok,0.0007310589999747208,1.0475171946740288e-16,4.387368122625839,84.47651269472803,2.186893201489309e-15,2.186893201489309e-15,gauss96,1.0235112236638142,0.010405335774244795,2528,0.04816358583755588,0.018414846005559475,4097,,,,,,,,
sine_n16_clustered_s3,sine,16,clustered,3,False,natural,1.0,ok,0.0005737810000141508,2.0482991186944172e-16,576.5993816678233,84.1062998948676,1.3517041870076787e-15,1.3517041870076787e-15,gauss96,1.107530205142204,0.010405335774244795,2528,0.045815597875437916,0.018144728729859057,4097,,,,,,,,
sine_n16_clustered_s4,sine,16,clustered,4,False,averaged,0.0,ok,0.0007594840000137992,1.0374244631569413e-16,3.8959052280337874,185.49911269211722,2.6472918841049983e-11,2.6472918841049983e-11,gauss96,0.17020883117646007,0.06666666666666654,2442,0.0901499741451289,0.02513974218116124,4097,,,,,,,,
sine_n16_clustered_s4,sine,16,clustered,4,False,repeated,0.0,ok,0.0007919560000004822,1.0374244631569413e-16,2.9434425762481964,293.02772038869597,1.757517596614343e-13,1.757517596614343e-13,gauss96,0.17020012174133373,0.06666666666666665,2497,0.09487297538900848,0.02708048257628382,4097,,,,,,,,
sine_n16_clustered_s4,sine,16,clustered,4,False,natural,0.0,ok,0.0006361499999911757,1.0374244631569413e-16,1837.459442220874,250.03946027646882,2.2733779219470483e-16,2.2733779219470483e-16,gauss96,0.1702352588540691,0.06666666666666665,2497,0.09112046138276016,0.026222255557857684,4097,,,,,,,,
sine_n16_clustered_s4,sine,16,clustered,4,False,averaged,0.5,ok,0.0007737270000234275,1.0374244631569413e-16,9.609327424842322,105.2885558925097,4.4945194471025313e-14,4.4945194471025313e-14,gauss96,0.43095282733505724,0.029784951174759988,2464,0.0839742641790552,0.02304996385445632,4097,,,,,,,,
sine_n16_clustered_s4,sine,16,clustered,4,False,repeated,0.5,ok,0.0007231640000213702,2.028563945680763e-16,3.280257420211677,134.65881927246446,2.532775164727658e-15,2.532775164727658e-15,gauss96,0.42932092263164656,0.028165297738361406,2528,0.08884074926253636,0.02594751478593922,4097,,,,,,,,
sine_n16_clustered_s4,sine,16,clustered,4,False,natural,0.5,ok,0.000582312999995338,1.0374244631569413e-16,765.6339339949302,126.65989730597404,3.141514721620484e-15,3.141514721620484e-15,gauss96,0.4293293054046731,0.028165297738361406,2528,0.08542182108992412,0.024971901282641557,4097,,,,,,,,
sine_n16_clustered_s4,sine,16,clustered,4,False,averaged,1.0,ok,0.00075188400001025,1.0374244631569413e-16,50.07083699113449,120.3756567877569,1.876494552220921e-09,1.876494552220921e-09,gauss96,0.7482035697667714,0.0100275251975539,2464,0.08001637286844536,0.022964576168217222,4097,,,,,,,,
sine_n16_clustered_s4,sine,16,clustered,4,False,repeated,1.0,ok,0.001038526999991518,1.0064495623990039e-16,5.422418144053746,96.31123390816023,1.1804109770831584e-15,1.1804109770831584e-15,gauss96,0.9900437309418483,0.008953363865319974,2528,0.08369602917069305,0.02336995746904229,4097,,,,,,,,
sine_n16_clustered_s4,sine,16,clustered,4,False,natural,1.0,ok,0.0008012320000148065,1.0064495623990039e-16,749.0579798834922,95.67162712424754,2.9707563553291605e-16,2.9707563553291605e-16,gauss96,0.9708539861870935,0.008953363865319974,2528,0.08059503300223995,0.022264300532283746,4097,,,,,,,,
sine_n16_clustered_s5,sine,16,clustered,5,False,averaged,0.0,ok,0.0007390749999558466,1.0092907992665726e-16,3.8959052280337874,98.62356170579856,1.1527350640686891e-15,1.1527350640686891e-15,gauss96,0.22155623805356764,0.06666666666666654,2442,0.07189985326969915,0.025295953265097978,4097,,,,,,,,
sine_n16_clustered_s5,sine,16,clustered,5,False,repeated,0.0,ok,0.0008297310000102698,1.0403531430850376e-16,2.9434425762481964,98.50066064875683,2.885433381178313e-16,2.885433381178313e-16,gauss96,0.21867451116409117,0.06666666666666665,2497,0.07179897145626878,0.02506724097539987,4097,,,,,,,,
sine_n16_clustered_s5,sine,16,clustered,5,False,natural,0.0,ok,0.0005787960000134262,2.0202365115032692e-16,1837.459442220874,98.45935766386627,0.0,0.0,gauss96,0.22116713163911184,0.06666666666666665,2497,0.07190037507638376,0.025173894676922392,4097,,,,,,,,
sine_n16_clustered_s5,sine,16,clustered,5,False,averaged,0.5,ok,0.00080161699997916,2.03429064166834e-16,5.114239983622682,87.25405158660428,2.2801458774135856e-15,2.2801458774135856e-15,gauss96,0.5155264757333249,0.032454584829749944,2464,0.06570957755136446,0.023860924799502588,4097,,,,,,,,
sine_n16_clustered_s5,sine,16,clustered,5,False,repeated,0.5,ok,0.0007265309999979763,1.0092907992665726e-16,3.163302237666355,89.6623497117573,1.584929991338221e-15,1.584929991338221e-15,gauss96,0.5151274467343797,0.03045167053568354,2528,0.06737210712736426,0.02440489092502842,4097,,,,,,,,
sine_n16_clustered_s5,sine,16,clustered,5,False,natural,0.5,ok,0.0005400079999731133,1.0403531430850376e-16,1941.3219420869964,89.62283104670664,2.219880399773858e-15,2.219880399773858e-15,gauss96,0.5153433025126702,0.03045167053568354,2528,0.06756061787401704,0.024551614883040772,4097,,,,,,,,
sine_n16_clustered_s5,sine,16,clustered,5,False,averaged,1.0,ok,0.0007023750000030304,1.0403531430850376e-16,9.568774529127825,88.83013090395757,2.079712248734235e-15,2.079712248734235e-15,gauss96,1.1059584930981852,0.013263965506218778,2464,0.05788356531096249,0.020820518749879786,4097,,,,,,,,
sine_n16_clustered_s5,sine,16,clustered,5,False,repeated,1.0,ok,0.0007932100000402897,1.0403531430850376e-16,4.027293209637115,84.99877680896556,1.8390782518970754e-15,1.8390782518970754e-15,gauss96,0.8632016386062082,0.011650884336432799,2528,0.06095065639200646,0.022998797366581145,4097,,,,,,,,
sine_n16_clustered_s5,sine,16,clustered,5,False,natural,1.0,ok,0.0007519570000340536,2.0185836877629622e-16,3183.4761342526854,84.95935113939397,1.8399316822788188e-15,1.8399316822788188e-15,gauss96,1.2242892916084667,0.011650884336432799,2528,0.06129151748203119,0.02320870015387042,4097,,,,,,,,
sine_n16_clustered_s6,sine,16,clustered,6,False,averaged,0.0,ok,0.0007252989999528836,2.0275063911999435e-16,3.8959052280337874,166.9403811631108,1.8727572176139764e-15,1.8727572176139764e-15,gauss96,0.3978520024385765,0.06666666666666654,2442,0.06908834759390231,0.020251350783951405,4097,,,,,,,,
sine_n16_clustered_s6,sine,16,clustered,6,False,repeated,0.0,ok,0.0007246530000202256,1.0137531955999718e-16,2.9434425762481964,166.86682273709505,8.516285311905135e-16,8.516285311905135e-16,gauss96,0.36295246330189873,0.06666666666666665,2497,0.06909071800223886,0.020200839764119564,4097,,,,,,,,
sine_n16_clustered_s6,sine,16,clustered,6,False,natural,0.0,ok,0.0006959689999916918,2.0278015457885264e-16,1837.459442220874,166.89409976767627,5.1089360504598265e-16,5.1089360504598265e-16,gauss96,0.38458747550451267,0.06666666666666665,2497,0.06908952149425099,0.020200430725047284,4097,,,,,,,,
sine_n16_clustered_s6,sine,16,clustered,6,False,averaged,0.5,ok,0.0007318849999933263,1.0449528759415311e-16,4.229397106218638,116.79705102680384,2.7984410186404203e-15,2.7984410186404203e-15,gauss96,0.7092563403031991,0.05099322754719082,2464,0.07384802319922124,0.01927254585150321,4097,,,,,,,,
sine_n16_clustered_s6,sine,16,clustered,6,False,repeated,0.5,ok,0.0007197989999667698,1.0449528759415311e-16,3.1137303123758677,125.27262470203127,4.197258784296458e-15,4.197258784296458e-15,gauss96,0.5977639728214771,0.039332231332618685,2528,0.07260025019666354,0.01957967733574871,4097,,,,,,,,
sine_n16_clustered_s6,sine,16,clustered,6,False,natural,0.5,ok,0.0005559840000159966,1.0449528759415311e-16,3656.701429783611,125.28137493390045,4.764123145626319e-15,4.764123145626319e-15,gauss96,0.7006678565824445,0.039332231332618685,2528,0.0725969659679601,0.01957848556485408,4097,,,,,,,,
sine_n16_clustered_s6,sine,16,clustered,6,False,averaged,1.0,ok,0.0008453759999724753,1.0137531955999718e-16,5.57882361770171,133.93386621152155,6.154004187260687e-15,6.154004187260687e-15,gauss96,0.8513761589386726,0.034871975042923165,2464,0.07620483742890422,0.020159807610482458,4097,,,,,,,,
sine_n16_clustered_s6,sine,16,clustered,6,False,repeated,1.0,ok,0.0007596359999979541,1.0449528759415311e-16,3.7481585219830715,111.973297492539,3.0459093444807555e-15,3.0459093444807555e-15,gauss96,0.886806834505643,0.020585342005649293,2528,0.07484753765611521,0.019379227585778713,4097,,,,,,,,
sine_n16_clustered_s6,sine,16,clustered,6,False,natural,1.0,ok,0.0005869249999932435,1.0449528759415311e-16,9621.363505831105,111.95381754228322,3.3003092766863838e-15,3.3003092766863838e-15,gauss96,0.9314662388921954,0.020585342005649293,2528,0.07483971435527147,0.019376423401046474,4097,,,,,,,,
sine_n16_clustered_s7,sine,16,clustered,7,False,averaged,0.0,ok,0.000816224000004695,1.1305954249521582e-16,3.8959052280337874,266.0961602801012,4.272396775734971e-16,4.272396775734971e-16,gauss96,0.4942640427179087,0.06666666666666654,2442,0.048723015599482576,0.014786703438773216,4097,,,,,,,,
sine_n16_clustered_s7,sine,16,clustered,7,False,repeated,0.0,ok,0.0007195860000024368,1.0423574783558367e-16,2.9434425762481964,266.12166587073347,6.407980952037847e-16,6.407980952037847e-16,gauss96,0.4741198914100396,0.06666666666666665,2497,0.048723037796866264,0.014730520213313085,4097,,,,,,,,
sine_n16_clustered_s7,sine,16,clustered,7,False,natural,0.0,ok,0.0006708559999992758,3.0337058702919453e-16,1837.459442220874,266.0715952750339,6.409186835827013e-16,6.409186835827013e-16,gauss96,0.4937781119977266,0.06666666666666665,2497,0.04872307743421856,0.014730209161596187,4097,,,,,,,,
sine_n16_clustered_s7,sine,16,clustered,7,False,averaged,0.5,ok,0.0007126219999804562,1.0423574783558367e-16,4.252359678942734,145.90191851010366,1.948001076383092e-15,1.948001076383092e-15,gauss96,0.7917227143567362,0.04592548577426836,2464,0.025154233995034966,0.010681295804972683,4097,,,,,,,,
sine_n16_clustered_s7,sine,16,clustered,7,False,repeated,0.5,ok,0.0007171139999968545,2.0382098882350024e-16,3.2044194908076045,163.60858527377306,3.8217897087893346e-15,3.8217897087893346e-15,gauss96,0.6160525745052081,0.04290524098638704,2528,0.030269180899962687,0.011398492915228549,4097,,,,,,,,
sine_n16_clustered_s7,sine,16,clustered,7,False,natural,0.5,ok,0.0005681899999672169,1.0191049441175012e-16,3328.776389426603,163.60218547748184,3.6482147001675305e-15,3.6482147001675305e-15,gauss96,0.7905301627045364,0.04290524098638704,2528,0.030270715507216994,0.011400856650494237,4097,,,,,,,,
sine_n16_clustered_s7,sine,16,clustered,7,False,averaged,1.0,ok,0.0007468689999541311,1.0112352900973151e-16,8.413527341967834,174.28812697205126,3.587608739229594e-15,3.587608739229594e-15,gauss96,0.9451874305389658,0.027353661546367092,2464,0.05567276206561988,0.020006649066084747,4097,,,,,,,,
sine_n16_clustered_s7,sine,16,clustered,7,False,repeated,1.0,ok,0.0009088830000223425,1.0112352900973151e-16,4.496823504096778,140.55299994474709,7.886325216975082e-15,7.886325216975082e-15,gauss96,0.917123678434921,0.02378948992249874,2528,0.03256565523209907,0.0121271710869176,4097,,,,,,,,
sine_n16_clustered_s7,sine,16,clustered,7,False,natural,1.0,ok,0.0007239669999989928,1.0132084340030114e-16,10193.74785281962,140.60503569384048,7.883406609983275e-15,7.883406609983275e-15,gauss96,0.9871251942819894,0.02378948992249874,2528,0.03257746290160697,0.012135367656806686,4097,,,,,,,,
sine_n16_clustered_s8,sine,16,clustered,8,False,averaged,0.0,ok,0.0008020970000188754,1.0088519294961579e-16,3.8959052280337874,188.96383319203946,3.9106131194931475e-15,3.9106131194931475e-15,gauss96,0.304094945908936,0.06666666666666654,2442,0.034865184466012306,0.013188653407178405,4097,,,,,,,,
sine_n16_clustered_s8,sine,16,clustered,8,False,repeated,0.0,ok,0.0008094080000091708,1.0399007664802099e-16,2.9434425762481964,157.71087005051388,2.162568205067973e-15,2.162568205067973e-15,gauss96,0.3026791155480398,0.06666666666666665,2497,0.03485908846518282,0.012955038718751942,4097,,,,,,,,
sine_n16_clustered_s8,sine,16,clustered,8,False,natural,0.0,ok,0.0005831290000060108,3.0265557884884736e-16,1837.459442220874,155.78182595212837,2.3717928605407008e-15,2.3717928605407008e-15,gauss96,0.30363616797563153,0.06666666666666665,2497,0.034851753653628706,0.012890664610102142,4097,,,,,,,,
sine_n16_clustered_s8,sine,16,clustered,8,False,averaged,0.5,ok,0.0007548270000370394,5.639653733963085e-17,4.533085141947773,143.63772857443652,5.1446402872317426e-15,5.1446402872317426e-15,gauss96,0.6149434044090987,0.03873602348943131,2464,0.04401135436579395,0.012700751314720232,4097,,,,,,,,
sine_n16_clustered_s8,sine,16,clustered,8,False,repeated,0.5,ok,0.0007867740000051526,1.0088524633452957e-16,3.096020157000318,134.41750993786434,4.440313604339092e-15,4.440313604339092e-15,gauss96,0.6110131174983393,0.03480383037276591,2528,0.04326925847303506,0.012779729413657858,4097,,,,,,,,
sine_n16_clustered_s8,sine,16,clustered,8,False,natural,0.5,ok,0.0005768370000396317,1.0167030356832924e-16,3331.634735606092,133.3180755318377,4.4769315462849515e-15,4.4769315462849515e-15,gauss96,0.6119692058661733,0.03480383037276591,2528,0.043261008189006536,0.012715837011852926,4097,,,,,,,,
sine_n16_clustered_s8,sine,16,clustered,8,False,averaged,1.0,ok,0.0007040599999754704,1.0088519294961579e-16,6.08887257078628,154.59173427893361,6.067054073609311e-15,6.067054073609311e-15,gauss96,0.7547624861906709,0.019388517286436036,2464,0.04203675766632771,0.013437364618649502,4097,,,,,,,,
sine_n16_clustered_s8,sine,16,clustered,8,False,repeated,1.0,ok,0.0007358610000096633,1.0167030356832924e-16,3.6913244083072065,127.14073901521861,3.353178884739921e-15,3.353178884739921e-15,gauss96,0.8353877601506452,0.015571682385428998,2528,0.045951989531562216,0.01314467597522225,4097,,,,,,,,
sine_n16_clustered_s8,sine,16,clustered,8,False,natural,1.0,ok,0.0005520790000446141,3.0265557884884736e-16,8417.801451841928,126.60374165940753,3.4796483136841575e-15,3.4796483136841575e-15,gauss96,0.8630871866477898,0.015571682385428998,2528,0.04594330415736433,0.013096226782367128,4097,,,,,,,,
sine_n16_clustered_s9,sine,16,clustered,9,False,averaged,0.0,ok,0.0007035049999899456,1.0400375059549542e-16,3.8959052280337874,258.72143525178643,2.2360823046931148e-08,2.2360823046931148e-08,gauss96,0.15436411206237569,0.06666666666666654,2442,0.0430520500445541,0.012704985418425394,4097,,,,,,,,
sine_n16_clustered_s9,sine,16,clustered,9,False,repeated,0.0,ok,0.0007571180000240929,1.0089845862720547e-16,2.9434425762481964,289.64337563063845,2.531665368516915e-13,2.531665368516915e-13,gauss96,0.15469688639926185,0.06666666666666665,2497,0.039908489867674465,0.011153696677258521,4097,,,,,,,,
sine_n16_clustered_s9,sine,16,clustered,9,False,natural,0.0,ok,0.0006243089999884432,2.0179691725441094e-16,1837.459442220874,272.378755997067,2.5105714518458403e-13,2.5105714518458403e-13,gauss96,0.15452402387895992,0.06666666666666665,2497,0.040709331498949196,0.011470719386156184,4097,,,,,,,,
sine_n16_clustered_s9,sine,16,clustered,9,False,averaged,0.5,ok,0.0007333580000477014,2.0800750119099085e-16,8.159096194784517,148.89049567505307,2.6942026279854155e-11,2.6942026279854155e-11,gauss96,0.4264569964680562,0.03022330696770492,2464,0.02256738679748574,0.008398373005432043,4097,,,,,,,,
sine_n16_clustered_s9,sine,16,clustered,9,False,repeated,0.5,ok,0.0007113789999948494,1.1280790615769079e-16,3.3444074658687306,162.97253311793642,3.487914053570782e-15,3.487914053570782e-15,gauss96,0.423562795469395,0.026473274000663793,2528,0.022687690633986554,0.006003180588500258,4097,,,,,,,,
sine_n16_clustered_s9,sine,16,clustered,9,False,natural,0.5,ok,0.0006480530000203544,2.0336734496464197e-16,1014.5361561375835,161.21012601966447,3.5260451848957823e-15,3.5260451848957823e-15,gauss96,0.42351360065821253,0.026473274000663793,2528,0.023566245498664113,0.006438137682938802,4097,,,,,,,,
sine_n16_clustered_s9,sine,16,clustered,9,False,averaged,1.0,ok,0.000735781000003044,2.0179691725441094e-16,33.48979471318956,220.93280856885943,5.878547993331801e-11,5.878547993331801e-11,gauss96,0.7082708510044333,0.010509191303197163,2464,0.05235468175973814,0.019713513563115726,4097,,,,,,,,
sine_n16_clustered_s9,sine,16,clustered,9,False,repeated,1.0,ok,0.0007522359999825312,2.0185934636573145e-16,5.698294626295282,138.60370649803608,2.870802968254634e-15,2.870802968254634e-15,gauss96,0.9187902501839831,0.007982539381760079,2528,0.022462358747017654,0.008754970016543243,4097,,,,,,,,
sine_n16_clustered_s9,sine,16,clustered,9,False,natural,1.0,ok,0.0005712649999622954,1.0400375059549542e-16,1202.0280314879478,138.14861161025,2.674527223173615e-15,2.674527223173615e-15,gauss96,0.962176293919242,0.007982539381760079,2528,0.022599451469917497,0.009288727970525233,4097,,,,,,,,
sine_n32_uniform_s0,sine,32,uniform,0,False,averaged,0.0,ok,0.0008683550000228024,1.0370486018902675e-16,3.8917527268816934,175.38890539299305,1.6204964257413903e-16,1.6204964257413903e-16,gauss96,0.9062007372345068,0.032258064516129004,2953,0.000716174443723549,0.00017366700912357157,4097,,,,,,,,
sine_n32_uniform_s0,sine,32,uniform,0,False,repeated,0.0,ok,0.0010657259999788948,1.1248371399412652e-16,2.985623407240252,175.75615995239352,1.6171102872355939e-16,1.6171102872355939e-16,gauss96,0.9040987893466254,0.032258064516129004,3009,0.0007484209168430292,0.00017393115894859775,4097,,,,,,,,
sine_n32_uniform_s0,sine,32,uniform,0,False,natural,0.0,ok,0.0006561769999962053,3.0208736468792197e-16,7844.662972109781,175.40078866129835,1.6203866383569557e-16,1.6203866383569557e-16,gauss96,0.9062007372345048,0.032258064516129004,3009,0.0007161744437235377,0.00017223073826445916,4097,,,,,,,,
sine_n32_uniform_s0,sine,32,uniform,0,False,averaged,0.5,ok,0.0010851859999547742,1.0370486018902675e-16,4.81838293436477,173.70657510773322,4.908572300060052e-16,4.908572300060052e-16,gauss96,1.1315526270350782,0.02676571462711136,2976,0.0004982043665201981,0.00019411390329698755,4097,,,,,,,,
sine_n32_uniform_s0,sine,32,uniform,0,False,repeated,0.5,ok,0.0007580289999964407,1.0370486018902675e-16,3.0459822158093024,173.96353546693086,6.535095841578078e-16,6.535095841578078e-16,gauss96,1.1329872136264292,0.02564166767667686,3040,0.0005367412885038964,0.0001805126992642843,4097,,,,,,,,
sine_n32_uniform_s0,sine,32,uniform,0,False,natural,0.5,ok,0.0005937320000271029,2.0153366790716516e-16,4139.155970559823,173.91179549418905,4.9027800586453615e-16,4.9027800586453615e-16,gauss96,1.133765141322151,0.02564166767667686,3040,0.0004942816388354059,0.00018539354079071763,4097,,,,,,,,
sine_n32_uniform_s0,sine,32,uniform,0,False,averaged,1.0,ok,0.0008228460000054838,1.1248371399412652e-16,7.063599691778783,174.6176000773051,6.510617353078134e-16,6.510617353078134e-16,gauss96,1.4537258483307156,0.021218817322573913,2975,0.0010406583041618097,0.0004037147647858114,4097,,,,,,,,
sine_n32_uniform_s0,sine,32,uniform,0,False,repeated,1.0,ok,0.0007442920000357844,1.0370486018902675e-16,3.2724262189809625,173.99510545024506,6.533910102093387e-16,6.533910102093387e-16,gauss96,0.960599674159636,0.019453985000428275,3039,0.0008021898818471168,0.00027706260385064273,4097,,,,,,,,
sine_n32_uniform_s0,sine,32,uniform,0,False,natural,1.0,ok,0.0006620350000048347,2.0122559513694716e-16,2466.962318547518,174.03176423913092,6.532533771559251e-16,6.532533771559251e-16,gauss96,1.4679038982780819,0.019453985000428275,3039,0.0008205463602308705,0.00028382652243161727,4097,,,,,,,,
sine_n32_jittered_s0,sine,32,jittered,0,False,averaged,0.0,ok,0.0009405150000247886,1.0064091297960541e-16,3.8917527268816934,211108.1956132053,8.112854479684831e-11,0.27163715766695773,adaptive,0.030991570784478846,0.032258064516129004,2953,0.008597587815341541,0.0022234127927936212,4097,,,,,,,,
sine_n32_jittered_s0,sine,32,jittered,0,False,repeated,0.0,ok,0.0007716959999584105,1.0373827861837712e-16,2.985623407240252,1110.145374955821,3.2938239720393163e-12,3.2938239720393163e-12,gauss96,0.2536609136004898,0.032258064516129004,3009,0.008597591085633457,0.002213177301753443,4097,,,,,,,,
sine_n32_jittered_s0,sine,32,jittered,0,False,natural,0.0,ok,0.000651075000007495,5.032438762191212e-16,7844.662972109781,1108.5542292937562,3.2960904102098666e-12,3.2960904102098666e-12,gauss96,0.25366092256715617,0.032258064516129004,3009,0.008597591957329462,0.002209372251367748,4097,,,,,,,,
sine_n32_jittered_s0,sine,32,jittered,0,False,averaged,0.5,ok,0.0008348210000121981,1.0373827861837712e-16,4.784176142057872,209.41743845984934,4.071539071353865e-16,4.071539071353865e-16,gauss96,0.6793984942866114,0.01940972739157204,2976,0.006868118976876121,0.0015500503018285813,4097,,,,,,,,
sine_n32_jittered_s0,sine,32,jittered,0,False,repeated,0.5,ok,0.0007697389999634652,1.0064091297960541e-16,3.3079078593726337,223.16159068287837,3.820779733210327e-16,3.820779733210327e-16,gauss96,0.7170662101003797,0.016988674798510184,3040,0.006715120384574003,0.001596066365584772,4097,,,,,,,,
sine_n32_jittered_s0,sine,32,jittered,0,False,natural,0.5,ok,0.0006216540000423265,2.0128591442464786e-16,7698.172020532824,222.9761787582136,2.5493045569879794e-16,2.5493045569879794e-16,gauss96,0.7170662150396893,0.016988674798510184,3040,0.0067151217552450845,0.0015954093240140017,4097,,,,,,,,
sine_n32_jittered_s0,sine,32,jittered,0,False,averaged,1.0,ok,0.0008804439999607894,1.0373827861837712e-16,9.07310361447539,172.8161616848183,9.867726196432757e-16,9.867726196432757e-16,gauss96,1.3421877099073056,0.0109221677903103,2976,0.00399233155848772,0.0009920085461945151,4097,,,,,,,,
sine_n32_jittered_s0,sine,32,jittered,0,False,repeated,1.0,ok,0.0007717440000192255,2.0284824511641593e-16,4.841366280502517,172.15604968456407,9.905562824825563e-16,9.905562824825563e-16,gauss96,0.9322521466094892,0.008301671976276848,3040,0.004232617777994358,0.000966050386795674,4097,,,,,,,,
sine_n32_jittered_s0,sine,32,jittered,0,False,natural,1.0,ok,0.0005741140000168343,2.0284824511641593e-16,10645.253229441936,172.16200680074172,9.905220074472863e-16,9.905220074472863e-16,gauss96,1.3541778201297794,0.008301671976276848,3040,0.004233648583217472,0.0009694009240760243,4097,,,,,,,,
sine_n32_jittered_s1,sine,32,jittered,1,False,averaged,0.0,ok,0.0008752019999747063,1.037394169764385e-16,3.8917527268816934,8554.61615154017,6.232718871949419e-09,6.232718871949419e-09,gauss96,0.06423679455732607,0.032258064516129004,2953,0.027345361419581552,0.005988641518874003,4097,,,,,,,,
sine_n32_jittered_s1,sine,32,jittered,1,False,repeated,0.0,ok,0.0007209360000501874,2.0128424302704506e-16,2.985623407240252,8516.120485971005,2.870472475719243e-10,2.870472475719243e-10,gauss96,0.06602917484426163,0.032258064516129004,3009,0.030386450995300116,0.00692635742223169,4097,,,,,,,,
sine_n32_jittered_s1,sine,32,jittered,1,False,natural,0.0,ok,0.0005744610000419925,2.028504710443775e-16,7844.662972109781,8503.881760822107,2.670360202740809e-10,2.670360202740809e-10,gauss96,0.06534202143184704,0.032258064516129004,3009,0.02991349870631294,0.006736824764958897,4097,,,,,,,,
sine_n32_jittered_s1,sine,32,jittered,1,False,averaged,0.5,ok,0.0008436139999616898,2.028504710443775e-16,10.936952476677057,243.88728024245157,1.7480437726487587e-15,1.7480437726487587e-15,gauss96,0.4565567386208064,0.016574556757444348,2976,0.010240119324960767,0.0024646405793776064,4097,,,,,,,,
sine_n32_jittered_s1,sine,32,jittered,1,False,repeated,0.5,ok,0.0007306050000011055,1.037394169764385e-16,3.8673642343984747,305.6965365690484,1.3016304878409395e-15,1.3016304878409395e-15,gauss96,0.4283498539939986,0.012441086610058494,3040,0.021985081467460123,0.005006514831779073,4097,,,,,,,,
sine_n32_jittered_s1,sine,32,jittered,1,False,natural,0.5,ok,0.0005888310000159436,1.037394169764385e-16,5058.750676282081,291.0591449457843,1.1717910915610556e-15,1.1717910915610556e-15,gauss96,0.4283839043497203,0.012441086610058494,3040,0.02049218931449344,0.004738697617672057,4097,,,,,,,,
sine_n32_jittered_s1,sine,32,jittered,1,False,averaged,1.0,ok,0.0008739369999943847,1.037394169764385e-16,69.04743017239011,163.50936654770038,5.214693817943313e-16,5.214693817943313e-16,gauss96,1.3260785066479688,0.007978440039347556,2976,0.05459616883528111,0.012840829909855906,4097,,,,,,,,
sine_n32_jittered_s1,sine,32,jittered,1,False,repeated,1.0,ok,0.0010930049999728908,2.028504710443775e-16,9.600000021941353,170.4648292922641,1.1671144531035336e-15,1.1671144531035336e-15,gauss96,0.9429293265099093,0.004158333010792936,3040,0.006428753804569583,0.0015681425718637966,4097,,,,,,,,
sine_n32_jittered_s1,sine,32,jittered,1,False,natural,1.0,ok,0.0009231839999870317,2.0133273401230452e-16,6575.185391443343,169.54259047289133,6.705503166167191e-16,6.705503166167191e-16,gauss96,1.0848035819769806,0.004158333010792936,3040,0.009826339075628679,0.002440813038647771,4097,,,,,,,,
sine_n32_jittered_s2,sine,32,jittered,2,False,averaged,0.0,ok,0.0008849440000062714,1.0417539357539284e-16,3.8917527268816934,2928.7711343283568,1.7136749101272714e-08,1.7136749101272714e-08,gauss96,0.2271452219372417,0.032258064516129004,2953,0.03655945309885176,0.008861744560719217,4097,,,,,,,,
sine_n32_jittered_s2,sine,32,jittered,2,False,repeated,0.0,ok,0.0007698120000441122,1.0417539357539284e-16,2.985623407240252,9512.671138207998,2.8151052078120993e-10,6.320346380337427e-05,adaptive,0.07892685577017311,0.032258064516129004,3009,0.03666171244933415,0.00886559690134693,4097,,,,,,,,
sine_n32_jittered_s2,sine,32,jittered,2,False,natural,0.0,ok,0.0007023420000109581,2.0217885753209256e-16,7844.662972109781,3187.6993493764985,7.918701179014459e-08,7.918701179014459e-08,gauss96,0.1790240474164564,0.032258064516129004,3009,0.03661465271485957,0.008854867932729209,4097,,,,,,,,
sine_n32_jittered_s2,sine,32,jittered,2,False,averaged,0.5,ok,0.0010943569999994907,1.0417539357539284e-16,9.862115186432556,265.93595168264807,6.412455912915624e-16,6.412455912915624e-16,gauss96,0.658183354785106,0.021928782746703845,2976,0.030640373546114725,0.007457534006465982,4097,,,,,,,,
sine_n32_jittered_s2,sine,32,jittered,2,False,repeated,0.5,ok,0.0007723820000364867,2.02134059246438e-16,3.6308611606078873,319.6215498208607,3.5569202948091093e-16,3.5569202948091093e-16,gauss96,0.6464486843252061,0.016862092506079285,3040,0.031973699845951734,0.007686304495284425,4097,,,,,,,,
sine_n32_jittered_s2,sine,32,jittered,2,False,natural,0.5,ok,0.0006872810000118079,2.0212995355371112e-16,5853.607229735662,318.7394058508259,3.566764436237386e-16,3.566764436237386e-16,gauss96,0.6464508440746142,0.016862092506079285,3040,0.031940496473721464,0.007678639709049902,4097,,,,,,,,
sine_n32_jittered_s2,sine,32,jittered,2,False,averaged,1.0,ok,0.0008869429999549538,2.0212995355371112e-16,46.49971917783138,157.1720668901578,3.6166362118616117e-16,3.6166362118616117e-16,gauss96,1.3823547057930317,0.01353892461844719,2976,0.01396739712983132,0.003568575160888422,4097,,,,,,,,
sine_n32_jittered_s2,sine,32,jittered,2,False,repeated,1.0,ok,0.0008360289999700399,2.0370297302520416e-16,7.1947914323801525,157.68898858346805,7.209560968262488e-16,7.209560968262488e-16,gauss96,0.9398243484252022,0.007977934718654711,3040,0.020236949025771868,0.004927521808233872,4097,,,,,,,,
sine_n32_jittered_s2,sine,32,jittered,2,False,natural,1.0,ok,0.0006031200000506942,2.0212995355371112e-16,7416.906887731135,157.6655174784644,1.4421268459940146e-15,1.4421268459940146e-15,gauss96,1.3408631771458437,0.007977934718654711,3040,0.02022248744057436,0.004923466958610695,4097,,,,,,,,
sine_n32_jittered_s3,sine,32,jittered,3,False,averaged,0.0,ok,0.0008511969999744906,1.0376063694079483e-16,3.8917527268816934,5306528.999432951,3.740125901356116e-11,0.9885907259085742,adaptive,0.007633352217538692,0.032258064516129004,2953,0.11012461837835562,0.026625630615458713,4097,,,,,,,,
sine_n32_jittered_s3,sine,32,jittered,3,False,repeated,0.0,ok,0.000892692000036277,1.0376063694079483e-16,2.985623407240252,3033212.218312544,7.295065775013864e-10,0.9927026754053316,adaptive,0.009551175117772386,0.032258064516129004,3009,0.11012433545150983,0.0266079560121295,4097,,,,,,,,
sine_n32_jittered_s3,sine,32,jittered,3,False,natural,0.0,ok,0.0005968640000446612,5.033130186920739e-16,7844.662972109781,1864818.9558441045,3.013833372177991e-11,0.5357368964460123,adaptive,0.010803433274873252,0.032258064516129004,3009,0.11012445076963477,0.026599294856446246,4097,,,,,,,,
sine_n32_jittered_s3,sine,32,jittered,3,False,averaged,0.5,ok,0.0008473970000295594,2.0132520747682956e-16,20.272767554659968,592.3730324405999,3.417046603114521e-10,3.0532993962598693e-06,adaptive,0.0709661438308743,0.018658382515080063,2976,0.10421321819591037,0.025445939938052935,4097,,,,,,,,
sine_n32_jittered_s3,sine,32,jittered,3,False,repeated,0.5,ok,0.0007630410000274424,1.0376063694079483e-16,4.982041557961261,287.57744627165187,5.929889801627123e-16,5.929889801627123e-16,gauss96,0.3625532734772562,0.0135863590838846,3040,0.10541812016933169,0.02568192233477148,4097,,,,,,,,
sine_n32_jittered_s3,sine,32,jittered,3,False,natural,0.5,ok,0.000643132999982754,1.0376063694079483e-16,18182.329343955596,258.56316923310874,2.1984344881525096e-16,2.1984344881525096e-16,gauss96,0.3841846560115765,0.0135863590838846,3040,0.1054181864722481,0.02568089039879918,4097,,,,,,,,
sine_n32_jittered_s3,sine,32,jittered,3,False,averaged,1.0,ok,0.0008350069999778498,2.0132520747682956e-16,303.9231302992924,162.76648584476513,1.2223153002306262e-15,1.2223153002306262e-15,gauss96,1.1514769423173483,0.008672845584291794,2976,0.1002731168395963,0.026213548211810735,4097,,,,,,,,
sine_n32_jittered_s3,sine,32,jittered,3,False,repeated,1.0,ok,0.0007912689999898248,1.1254421237560995e-16,25.514988523363325,124.175534145558,9.155333093905023e-16,9.155333093905023e-16,gauss96,0.8593481663427305,0.004432770050891294,3040,0.10067648214896703,0.025562439977774614,4097,,,,,,,,
sine_n32_jittered_s3,sine,32,jittered,3,False,natural,1.0,ok,0.0006371069999886458,2.0132929682343826e-16,145339.3759139478,124.0770276372387,4.581300821212439e-16,4.581300821212439e-16,gauss96,1.2843770280421256,0.004432770050891294,3040,0.10067649324062773,0.025576982207158077,4097,,,,,,,,
sine_n32_jittered_s4,sine,32,jittered,4,False,averaged,0.0,ok,0.0008611389999941821,1.037081220829129e-16,3.8917527268816934,377027.58810903446,1.739420128236839e-10,0.25885746308452057,adaptive,0.03768798438820268,0.032258064516129004,2953,0.033734402898607414,0.007416318724563655,4097,,,,,,,,
sine_n32_jittered_s4,sine,32,jittered,4,False,repeated,0.0,ok,0.0007612670000298749,2.013215432809418e-16,2.985623407240252,375031.15322462603,1.8656594262162512e-10,0.26012238595588516,adaptive,0.03768800031724015,0.032258064516129004,3009,0.033734402794876266,0.007380316733746487,4097,,,,,,,,
sine_n32_jittered_s4,sine,32,jittered,4,False,natural,0.0,ok,0.0006336060000080579,2.013215432809418e-16,7844.662972109781,374930.7366228257,1.8301017694086257e-10,0.26016600331618905,adaptive,0.03768799651497106,0.032258064516129004,3009,0.033734402823419364,0.007376782591517739,4097,,,,,,,,
sine_n32_jittered_s4,sine,32,jittered,4,False,averaged,0.5,ok,0.0008352130000162106,1.037081220829129e-16,6.753894845495759,539.4261234458488,6.685225259426092e-10,6.685225259426092e-10,gauss96,0.48550126168921703,0.019777063858942734,2976,0.025222341872961563,0.006035281361434813,4097,,,,,,,,
sine_n32_jittered_s4,sine,32,jittered,4,False,repeated,0.5,ok,0.0007534029999760605,1.037081220829129e-16,5.11801987233967,710.2619742868421,1.4405692216902045e-15,1.4405692216902045e-15,gauss96,0.4527284827978952,0.014227683357092125,3040,0.020175521174899687,0.005091011869513069,4097,,,,,,,,
sine_n32_jittered_s4,sine,32,jittered,4,False,natural,0.5,ok,0.0005857020000235025,1.037081220829129e-16,9563.280692049722,709.6770920444465,1.1213661438031474e-15,1.1213661438031474e-15,gauss96,0.45272848264778953,0.014227683357092125,3040,0.020175521178345392,0.005086094752343461,4097,,,,,,,,
sine_n32_jittered_s4,sine,32,jittered,4,False,averaged,1.0,ok,0.0011816349999662634,1.0061165684289443e-16,61.58421342790997,165.1095886424061,6.885538184450249e-16,6.885538184450249e-16,gauss96,1.347362024697858,0.009758137123154764,2976,0.03159366224131926,0.0075107719241487075,4097,,,,,,,,
sine_n32_jittered_s4,sine,32,jittered,4,False,repeated,1.0,ok,0.0007520039999917572,1.0061165684289443e-16,27.277545252638998,164.87297298421555,1.8962404697122505e-15,1.8962404697122505e-15,gauss96,0.9459841049844309,0.005049038559481245,3040,0.02028304279945689,0.0051932623331274064,4097,,,,,,,,
sine_n32_jittered_s4,sine,32,jittered,4,False,natural,1.0,ok,0.0005744009999943955,2.0122331368578886e-16,56946.80102508203,164.79105806580458,6.898847489420115e-16,6.898847489420115e-16,gauss96,1.2575435109454502,0.005049038559481245,3040,0.020283042804389036,0.005196928697557247,4097,,,,,,,,
sine_n32_jittered_s5,sine,32,jittered,5,False,averaged,0.0,ok,0.0008806320000189771,1.041553885402526e-16,3.8917527268816934,186195.35635760048,2.9339056171632856e-09,1.7945786614024868,adaptive,0.04315543296890671,0.032258064516129004,2953,0.01465652858491178,0.0035301287850703572,4097,,,,,,,,
sine_n32_jittered_s5,sine,32,jittered,5,False,repeated,0.0,ok,0.0007691170000043712,1.041553885402526e-16,2.985623407240252,113418.27706387619,2.879284016248033e-09,2.802693008810417,adaptive,0.043155439641171855,0.032258064516129004,3009,0.014656499909878204,0.0035219492924894163,4097,,,,,,,,
sine_n32_jittered_s5,sine,32,jittered,5,False,natural,0.0,ok,0.0008620509999559545,2.0209134724821214e-16,7844.662972109781,113418.66670441374,2.8792630011317154e-09,2.802679944192091,adaptive,0.04315543628852485,0.032258064516129004,3009,0.014656515211217644,0.003520885194111046,4097,,,,,,,,
sine_n32_jittered_s5,sine,32,jittered,5,False,averaged,0.5,ok,0.0008372880000138139,2.021897913182309e-16,5.431486486139762,201.84990931699684,2.816123081409851e-16,2.816123081409851e-16,gauss96,0.6044700720844685,0.020183041930906587,2976,0.010839341760785833,0.0026290825525055266,4097,,,,,,,,
sine_n32_jittered_s5,sine,32,jittered,5,False,repeated,0.5,ok,0.0009553009999763162,2.0209311270023247e-16,3.937376499176336,201.36832016218645,1.552571941220138e-15,1.552571941220138e-15,gauss96,0.6202275537177905,0.016306075735595504,3040,0.011767406409327967,0.0027210313912831782,4097,,,,,,,,
sine_n32_jittered_s5,sine,32,jittered,5,False,natural,0.5,ok,0.0006054849999941325,1.263069613025614e-16,9068.173798230107,201.3877116438445,1.8346810715476215e-15,1.8346810715476215e-15,gauss96,0.6202275536864548,0.016306075735595504,3040,0.011767427979623749,0.002719549521602035,4097,,,,,,,,
sine_n32_jittered_s5,sine,32,jittered,5,False,averaged,1.0,ok,0.0009378390000165382,1.041553885402526e-16,44.53346492789697,169.01766756192205,8.407910794293533e-16,8.407910794293533e-16,gauss96,1.2590692126814846,0.011444134966424269,2976,0.00962337953996788,0.0024784362943386833,4097,,,,,,,,
sine_n32_jittered_s5,sine,32,jittered,5,False,repeated,1.0,ok,0.0008009890000266751,1.041553885402526e-16,11.397058497276253,167.605025578542,1.52617968339957e-15,1.52617968339957e-15,gauss96,0.9318912230104509,0.007229602953477743,3040,0.00797167514160568,0.00203499758170197,4097,,,,,,,,
sine_n32_jittered_s5,sine,32,jittered,5,False,natural,1.0,ok,0.0006198629999971672,2.0209134724821214e-16,30695.711295370205,167.59267249049765,1.5262921765755566e-15,1.5262921765755566e-15,gauss96,1.2212649923961825,0.007229602953477743,3040,0.007971700233116797,0.0020329333966423173,4097,,,,,,,,
sine_n32_jittered_s6,sine,32,jittered,6,False,averaged,0.0,ok,0.0008654569999748674,1.0376716941491465e-16,3.8917527268816934,13752.335881721416,5.396951078730103e-10,0.005669705692871681,adaptive,0.09029440961392182,0.032258064516129004,2953,0.014225039518241339,0.003646931434792556,4097,,,,,,,,
sine_n32_jittered_s6,sine,32,jittered,6,False,repeated,0.0,ok,0.0008219370000119852,1.1255129783861747e-16,2.985623407240252,14851.636494648179,5.0552526393726e-10,0.010217761149963736,adaptive,0.0904387918646788,0.032258064516129004,3009,0.012527437822176348,0.003108605781668844,4097,,,,,,,,
sine_n32_jittered_s6,sine,32,jittered,6,False,natural,0.0,ok,0.0006746720000023743,2.0133788233837904e-16,7844.662972109781,14944.102850163365,4.997177685445087e-10,0.010527850329697205,adaptive,0.09030619638211324,0.032258064516129004,3009,0.013315722985266317,0.0032324113930852017,4097,,,,,,,,
sine_n32_jittered_s6,sine,32,jittered,6,False,averaged,0.5,ok,0.0008562859999869943,2.0290473773857724e-16,16.72489364405467,422.6186076128491,1.345028776226553e-16,1.345028776226553e-16,gauss96,0.4289444548671367,0.0175253944423861,2976,0.015891325640940836,0.0037490743468382693,4097,,,,,,,,
sine_n32_jittered_s6,sine,32,jittered,6,False,repeated,0.5,ok,0.0007450850000054743,1.0376716941491465e-16,4.823128892470575,420.17159419207076,2.705724025447731e-16,2.705724025447731e-16,gauss96,0.4160210510235916,0.011449489676670102,3040,0.010865634033140188,0.0025872440524173294,4097,,,,,,,,
sine_n32_jittered_s6,sine,32,jittered,6,False,natural,0.5,ok,0.0006078000000115935,2.0173073711650246e-16,6347.349981427915,437.95185695347527,1.2979376147923637e-15,1.2979376147923637e-15,gauss96,0.41615482404787546,0.011449489676670102,3040,0.01149738678781452,0.0027022685769881017,4097,,,,,,,,
sine_n32_jittered_s6,sine,32,jittered,6,False,averaged,1.0,ok,0.0008395330000325885,1.1255129783861747e-16,144.49381429242985,197.91505232428958,2.1540839691036392e-15,2.1540839691036392e-15,gauss96,1.0322227885933442,0.008815445008077849,2976,0.013388975087916625,0.0028926395593669766,4097,,,,,,,,
sine_n32_jittered_s6,sine,32,jittered,6,False,repeated,1.0,ok,0.0007544320000079097,1.0376716941491465e-16,19.61464625116142,170.35276048012653,1.001041932644926e-15,1.001041932644926e-15,gauss96,0.870973967635828,0.0034821337420838094,3040,0.004784343864521152,0.0011153428524970474,4097,,,,,,,,
sine_n32_jittered_s6,sine,32,jittered,6,False,natural,1.0,ok,0.0006028130000004239,1.0376716941491465e-16,16253.200765410274,170.48037037774878,8.335771845001115e-16,8.335771845001115e-16,gauss96,1.2681481020144665,0.0034821337420838094,3040,0.004784343895742459,0.0010925087444717655,4097,,,,,,,,
sine_n32_jittered_s7,sine,32,jittered,7,False,averaged,0.0,ok,0.0008634189999838782,1.0370398384306934e-16,3.8917527268816934,37472353.08187275,2.5387183771027817e-11,0.45683198343840636,adaptive,0.002386075667436055,0.032258064516129004,2953,0.014236502381893263,0.0030883209135352443,4097,,,,,,,,
sine_n32_jittered_s7,sine,32,jittered,7,False,repeated,0.0,ok,0.0007747750000248743,1.0370398384306934e-16,2.985623407240252,857.5776161274862,4.175873204809183e-14,4.175873204809183e-14,gauss96,0.2091845539575263,0.032258064516129004,3009,0.014236762025026332,0.0030740947936168423,4097,,,,,,,,
sine_n32_jittered_s7,sine,32,jittered,7,False,natural,0.0,ok,0.0006814160000203628,2.013135099966142e-16,7844.662972109781,858.6991021547083,3.95858856652664e-14,3.95858856652664e-14,gauss96,0.20907040750588946,0.032258064516129004,3009,0.014236222969270046,0.003075614870406985,4097,,,,,,,,
sine_n32_jittered_s7,sine,32,jittered,7,False,averaged,0.5,ok,0.0009073570000168729,1.0370398384306934e-16,6.2398709644156645,231.8747567295877,2.451470770796271e-16,2.451470770796271e-16,gauss96,0.5978270684633906,0.01951522102105363,2976,0.010328855133936936,0.002224710506378719,4097,,,,,,,,
sine_n32_jittered_s7,sine,32,jittered,7,False,repeated,0.5,ok,0.0007838870000114184,2.013135099966142e-16,3.347019043857268,243.96352884276467,2.0969969248026173e-15,2.0969969248026173e-15,gauss96,0.5822766696152198,0.015178990530870795,3040,0.01117009750421705,0.002346748231807865,4097,,,,,,,,
sine_n32_jittered_s7,sine,32,jittered,7,False,natural,0.5,ok,0.0006288319999612213,2.013135099966142e-16,7679.931496154552,243.8955230921148,1.3983877557114319e-15,1.3983877557114319e-15,gauss96,0.5821755018285919,0.015178990530870795,3040,0.01116965303649344,0.0023467734912628944,4097,,,,,,,,
sine_n32_jittered_s7,sine,32,jittered,7,False,averaged,1.0,ok,0.0008793629999672703,1.5299309899895573e-16,16.122730497309053,174.76414229457913,1.1384026688808874e-15,1.1384026688808874e-15,gauss96,1.354871145804484,0.010573544999651574,2976,0.003801005631912573,0.0008369050956657353,4097,,,,,,,,
sine_n32_jittered_s7,sine,32,jittered,7,False,repeated,1.0,ok,0.0008673279999698025,1.0370398384306934e-16,5.322966146155371,173.78948166232317,1.1447871534561347e-15,1.1447871534561347e-15,gauss96,0.9267601480210478,0.00636786482594387,3040,0.006345335700106339,0.0012381678190512622,4097,,,,,,,,
sine_n32_jittered_s7,sine,32,jittered,7,False,natural,1.0,ok,0.0006159029999821541,1.0370398384306934e-16,12040.354913648629,173.7815688061954,6.541938739683137e-16,6.541938739683137e-16,gauss96,1.3943485935331226,0.00636786482594387,3040,0.006345009022204687,0.001236799254841017,4097,,,,,,,,
sine_n32_jittered_s8,sine,32,jittered,8,False,averaged,0.0,ok,0.0008996459999934814,1.0401411901187534e-16,3.8917527268816934,34609.333640671815,7.977461145183258e-11,0.08018313982417398,adaptive,0.09202915306460226,0.032258064516129004,2953,0.03024885860388887,0.004718316607582777,4097,,,,,,,,
sine_n32_jittered_s8,sine,32,jittered,8,False,repeated,0.0,ok,0.0007560950000424782,1.0401411901187534e-16,2.985623407240252,30087.221852438335,5.8915389244170335e-09,0.4127175814793053,adaptive,0.0889748910442164,0.032258064516129004,3009,0.016662817398467412,0.004165802166500809,4097,,,,,,,,
sine_n32_jittered_s8,sine,32,jittered,8,False,natural,0.0,ok,0.0006973039999706998,2.0191555436455486e-16,7844.662972109781,29657.0527747713,1.2463754618399693e-10,0.408359094829117,adaptive,0.08938952222999073,0.032258064516129004,3009,0.016662817377788228,0.004177879791777775,4097,,,,,,,,
sine_n32_jittered_s8,sine,32,jittered,8,False,averaged,0.5,ok,0.0008249409999621093,1.0401411901187534e-16,8.90722366952388,3631.072184360546,1.870708857615997e-10,0.01242982105126404,adaptive,0.24946762872509273,0.021923867060696933,2976,0.012686025191054386,0.003075675559475828,4097,,,,,,,,
sine_n32_jittered_s8,sine,32,jittered,8,False,repeated,0.5,ok,0.0007673840000279597,1.0090893522878128e-16,4.062289664598511,320.98070797932166,1.9480223948822807e-15,1.9480223948822807e-15,gauss96,0.520843816671073,0.014877171193680594,3040,0.013094180139546554,0.0028507929661638013,4097,,,,,,,,
sine_n32_jittered_s8,sine,32,jittered,8,False,natural,0.5,ok,0.000618654999982482,2.0191555436455486e-16,13907.049303306068,324.2670746254242,1.7529815176724453e-16,1.7529815176724453e-16,gauss96,0.5190689184142161,0.014877171193680594,3040,0.01309418020137211,0.002872258060471435,4097,,,,,,,,
sine_n32_jittered_s8,sine,32,jittered,8,False,averaged,1.0,ok,0.000816320000012638,1.0401411901187534e-16,50.11755127637454,169.24343036098384,1.007603404272151e-15,1.007603404272151e-15,gauss96,1.2798410546397019,0.013634856640622028,2976,0.014493188054181044,0.0029846561959358765,4097,,,,,,,,
sine_n32_jittered_s8,sine,32,jittered,8,False,repeated,1.0,ok,0.0007522729999891453,2.0181764932389066e-16,13.947071232203294,165.04804599185496,8.610132055670203e-16,8.610132055670203e-16,gauss96,0.905493942747449,0.006004456885764453,3040,0.01026797193797499,0.002622370087558948,4097,,,,,,,,
sine_n32_jittered_s8,sine,32,jittered,8,False,natural,1.0,ok,0.0006060740000179976,1.0401411901187534e-16,78971.06986075037,165.03502237350148,8.610811517957985e-16,8.610811517957985e-16,gauss96,1.3691827659345714,0.006004456885764453,3040,0.01026797161668297,0.0026009440987013605,4097,,,,,,,,
sine_n32_jittered_s9,sine,32,jittered,9,False,averaged,0.0,ok,0.0008463169999686215,1.0372528040432849e-16,3.8917527268816934,554833.928016619,2.078187719674107e-10,0.8285536945739151,adaptive,0.01980673586519408,0.032258064516129004,2953,0.05542956313291953,0.0126690859811688,4097,,,,,,,,
sine_n32_jittered_s9,sine,32,jittered,9,False,repeated,0.0,ok,0.0008039119999807554,1.0372528040432849e-16,2.985623407240252,86087.07774823955,1.159853861800092e-09,0.16539690432070006,adaptive,0.04809288592916482,0.032258064516129004,3009,0.05542956338020012,0.012637602642323666,4097,,,,,,,,
sine_n32_jittered_s9,sine,32,jittered,9,False,natural,0.0,ok,0.0006806879999885496,4.0251321143892333e-16,7844.662972109781,86012.2417616369,1.1601432009026485e-09,0.16502393789817466,adaptive,0.04813246932426,0.032258064516129004,3009,0.055429563425009244,0.01263731822655055,4097,,,,,,,,
sine_n32_jittered_s9,sine,32,jittered,9,False,averaged,0.5,ok,0.0008398990000273443,2.016493019089096e-16,5.342869133770985,359.6040316759125,9.484335077539496e-16,9.484335077539496e-16,gauss96,0.26765163836729344,0.017424618133505265,2976,0.0499066990954984,0.011396253031082274,4097,,,,,,,,
sine_n32_jittered_s9,sine,32,jittered,9,False,repeated,0.5,ok,0.0007796570000095926,1.1250586282739733e-16,3.911115885744719,474.6445471889371,1.3173597193353831e-15,1.3173597193353831e-15,gauss96,0.41564292187732466,0.01327096700546343,3040,0.05043814252738828,0.011495127762002115,4097,,,,,,,,
sine_n32_jittered_s9,sine,32,jittered,9,False,natural,0.5,ok,0.0006362999999964813,3.018849085791925e-16,10112.909780051941,474.36461604491876,2.156951646236735e-15,2.156951646236735e-15,gauss96,0.4156428992735079,0.01327096700546343,3040,0.05043814264360551,0.011494970633010715,4097,,,,,,,,
sine_n32_jittered_s9,sine,32,jittered,9,False,averaged,1.0,ok,0.0008087069999760388,1.0372528040432849e-16,20.33507435415044,164.19256480309414,1.0385991398997288e-15,1.0385991398997288e-15,gauss96,1.3341507902475889,0.00830320772176385,2976,0.028739254564683684,0.006041065747743659,4097,,,,,,,,
sine_n32_jittered_s9,sine,32,jittered,9,False,repeated,1.0,ok,0.0007599709999794868,2.028228286072495e-16,11.08705145167112,156.9794892161881,1.08632189742683e-15,1.08632189742683e-15,gauss96,0.8971545676711887,0.00465642914506223,3040,0.03737467245028834,0.008188599310011105,4097,,,,,,,,
sine_n32_jittered_s9,sine,32,jittered,9,False,natural,1.0,ok,0.0006325460000198291,1.0372528040432849e-16,35951.80663730876,156.9707953824956,7.2425470893863915e-16,7.2425470893863915e-16,gauss96,1.3227195500591324,0.00465642914506223,3040,0.03737467256933391,0.0081885884044468,4097,,,,,,,,
sine_n32_clustered_s0,sine,32,clustered,0,False,averaged,0.0,ok,0.0010099479999894356,2.0161803192264495e-16,3.8917527268816934,200.89101795003415,1.4147824885567103e-16,1.4147824885567103e-16,gauss96,0.5260263122787883,0.032258064516129004,2953,0.012020393250675974,0.0023833898900479035,4097,,,,,,,,
sine_n32_clustered_s0,sine,32,clustered,0,False,repeated,0.0,ok,0.0007625519999692187,1.0370919560729305e-16,2.985623407240252,200.88948800516508,7.073966316662935e-16,7.073966316662935e-16,gauss96,0.5230754274771162,0.032258064516129004,3009,0.012020394579380289,0.002376894894356458,4097,,,,,,,,
sine_n32_clustered_s0,sine,32,clustered,0,False,natural,0.0,ok,0.0006215619999920818,2.0279137664086693e-16,7844.662972109781,200.88835687500088,2.829602459050317e-16,2.829602459050317e-16,gauss96,0.5262922882431289,0.032258064516129004,3009,0.012020391482946029,0.0023768092813568316,4097,,,,,,,,
sine_n32_clustered_s0,sine,32,clustered,0,False,averaged,0.5,ok,0.0008407330000181901,1.0370919560729305e-16,4.110645480895661,173.67032104317119,9.819193950820959e-16,9.819193950820959e-16,gauss96,0.834143467513719,0.020805186871730164,2976,0.01085972481266502,0.002165432506813547,4097,,,,,,,,
sine_n32_clustered_s0,sine,32,clustered,0,False,repeated,0.5,ok,0.0008262110000032408,2.0124995877702748e-16,3.089990688102134,174.43670139787028,1.466408059908195e-15,1.466408059908195e-15,gauss96,0.6648407644648374,0.020405768087229936,3040,0.011339549569605955,0.002227496430671016,4097,,,,,,,,
sine_n32_clustered_s0,sine,32,clustered,0,False,natural,0.5,ok,0.0006402640000260362,2.0122539662904112e-16,13916.401586451122,174.43735351259133,1.3034689581369948e-15,1.3034689581369948e-15,gauss96,0.8344670089988282,0.020405768087229936,3040,0.01133954195608254,0.0022275281068213403,4097,,,,,,,,
sine_n32_clustered_s0,sine,32,clustered,0,False,averaged,1.0,ok,0.0009741619999772411,1.0370919560729305e-16,5.031713633766456,173.73714142956533,2.126673775998805e-15,2.126673775998805e-15,gauss96,1.214292196297193,0.011963977237805734,2976,0.010026114690152087,0.0027456437943674783,4097,,,,,,,,
sine_n32_clustered_s0,sine,32,clustered,0,False,repeated,1.0,ok,0.0008557040000027882,2.0124995877702748e-16,3.6741518902029724,172.4817746612417,1.6478094271829542e-15,1.6478094271829542e-15,gauss96,0.9340985379850848,0.01150466375479553,3040,0.01095871725456788,0.002923540159882398,4097,,,,,,,,
sine_n32_clustered_s0,sine,32,clustered,0,False,natural,1.0,ok,0.0006390910000391159,1.0370919560729305e-16,32295.03796275084,172.4859128734101,1.318215914885205e-15,1.318215914885205e-15,gauss96,1.2539888050761283,0.01150466375479553,3040,0.010958699436567373,0.0029235875430541286,4097,,,,,,,,
sine_n32_clustered_s1,sine,32,clustered,1,False,averaged,0.0,ok,0.0008648369999946226,1.0374574005035791e-16,3.8917527268816934,187.7773199493452,2.646890367902849e-09,2.646890367902849e-09,gauss96,0.04738863298139395,0.032258064516129004,2953,0.007099318171296036,0.0014569500294315972,4097,,,,,,,,
sine_n32_clustered_s1,sine,32,clustered,1,False,repeated,0.0,ok,0.0007458419999579746,1.0374574005035791e-16,2.985623407240252,183.82172190123342,9.276937176883218e-16,9.276937176883218e-16,gauss96,0.2596163094959326,0.032258064516129004,3009,0.007099318180391599,0.001452377160032249,4097,,,,,,,,
sine_n32_clustered_s1,sine,32,clustered,1,False,natural,0.0,ok,0.0005952559999968798,3.0194445489564575e-16,7844.662972109781,183.82195408269408,1.0823079702619612e-15,1.0823079702619612e-15,gauss96,0.4095058556694314,0.032258064516129004,3009,0.007099318169220457,0.0014524313180399727,4097,,,,,,,,
sine_n32_clustered_s1,sine,32,clustered,1,False,averaged,0.5,ok,0.0014704719999940608,2.0168907691190843e-16,4.094144374133742,180.14385575358986,1.7354952375510809e-15,1.7354952375510809e-15,gauss96,0.5553416944015439,0.023206256610190525,2976,0.005303049964196604,0.001095597558586905,4097,,,,,,,,
sine_n32_clustered_s1,sine,32,clustered,1,False,repeated,0.5,ok,0.0012150270000006458,1.0374574005035791e-16,3.102371975407258,180.99084624830516,1.7273735673102954e-15,1.7273735673102954e-15,gauss96,0.4796880046663219,0.02050712042302605,3040,0.006284241206704323,0.0012777738339726764,4097,,,,,,,,
sine_n32_clustered_s1,sine,32,clustered,1,False,natural,0.5,ok,0.0008163379999928111,2.0129632989350904e-16,18642.770623144082,180.9909443908005,2.041440381666036e-15,2.041440381666036e-15,gauss96,0.7619161837813856,0.02050712042302605,3040,0.00628424116095431,0.001277806868397817,4097,,,,,,,,
sine_n32_clustered_s1,sine,32,clustered,1,False,averaged,1.0,ok,0.0008351949999791941,1.0064815163188191e-16,4.966496539192872,177.68024283100752,1.9195184998099776e-15,1.9195184998099776e-15,gauss96,1.0996991557445799,0.014826444021436808,2976,0.005546988008559258,0.001583167086853399,4097,,,,,,,,
sine_n32_clustered_s1,sine,32,clustered,1,False,repeated,1.0,ok,0.0007569599999897036,2.0168907691190843e-16,3.649017238123094,176.82887846678184,1.7680302360407426e-15,1.7680302360407426e-15,gauss96,0.930536322549156,0.011488191392382996,3040,0.0028006263247966666,0.0009311228977096949,4097,,,,,,,,
sine_n32_clustered_s1,sine,32,clustered,1,False,natural,1.0,ok,0.0005737619999877097,2.0129630326376383e-16,60174.923602278686,176.82880766018357,1.7680309440034796e-15,1.7680309440034796e-15,gauss96,1.1366743571984883,0.011488191392382996,3040,0.0028006261893355144,0.0009307604917418859,4097,,,,,,,,
sine_n32_clustered_s2,sine,32,clustered,2,False,averaged,0.0,ok,0.0009324619999802053,1.0371721586625088e-16,3.8917527268816934,225.67095116221722,7.556588728154168e-16,7.556588728154168e-16,gauss96,0.2346094766644696,0.032258064516129004,2953,0.011804630108325633,0.003189242618631477,4097,,,,,,,,
sine_n32_clustered_s2,sine,32,clustered,2,False,repeated,0.0,ok,0.0007691710000017338,1.0371721586625088e-16,2.985623407240252,224.4965167128156,3.7980601899621624e-16,3.7980601899621624e-16,gauss96,0.23460946756701112,0.032258064516129004,3009,0.011802752949420625,0.0031789297000870635,4097,,,,,,,,
sine_n32_clustered_s2,sine,32,clustered,2,False,natural,0.0,ok,0.0006292400000234011,2.0124504585252104e-16,7844.662972109781,224.94635925059654,7.580929833696421e-16,7.580929833696421e-16,gauss96,0.23460947853838798,0.032258064516129004,3009,0.01179884311025601,0.003179197326504496,4097,,,,,,,,
sine_n32_clustered_s2,sine,32,clustered,2,False,averaged,0.5,ok,0.000994856999966487,1.0371721586625088e-16,4.975249468538289,179.2321203338226,1.744323523887066e-15,1.744323523887066e-15,gauss96,0.5385083483438936,0.01487273296438435,2976,0.00968312210653374,0.0023570598694193355,4097,,,,,,,,
sine_n32_clustered_s2,sine,32,clustered,2,False,repeated,0.5,ok,0.0007646020000038334,2.0124211583334668e-16,3.165784666121623,182.25811141670437,2.0272470713278127e-15,2.0272470713278127e-15,gauss96,0.5368413746317666,0.014763745775947856,3040,0.009899483649282972,0.002364055115114835,4097,,,,,,,,
sine_n32_clustered_s2,sine,32,clustered,2,False,natural,0.5,ok,0.0006355760000360533,1.0371721586625088e-16,6786.199427276559,182.3310408845002,2.1823159133814916e-15,2.1823159133814916e-15,gauss96,0.5368413803784565,0.014763745775947856,3040,0.009893937095404468,0.002363443831066216,4097,,,,,,,,
sine_n32_clustered_s2,sine,32,clustered,2,False,averaged,1.0,ok,0.0008539010000276903,2.0124095821719542e-16,7.244620245188619,169.71019096202355,1.507248229606176e-15,1.507248229606176e-15,gauss96,1.1458282803593303,0.005552669214271083,2976,0.013280190108171396,0.003366235188054252,4097,,,,,,,,
sine_n32_clustered_s2,sine,32,clustered,2,False,repeated,1.0,ok,0.0007858959999680337,1.0140352966635053e-16,3.939868476765426,171.2403487333373,1.991706485578127e-15,1.991706485578127e-15,gauss96,0.9368907159841433,0.00547144055697682,3040,0.008122221770332371,0.0027161455974715606,4097,,,,,,,,
sine_n32_clustered_s2,sine,32,clustered,2,False,natural,1.0,ok,0.0007272049999755836,1.0371721586625088e-16,9249.041120388505,171.26831598897292,1.991381249914358e-15,1.991381249914358e-15,gauss96,1.1553268515288613,0.00547144055697682,3040,0.008122255928559384,0.002715408903567614,4097,,,,,,,,
sine_n32_clustered_s3,sine,32,clustered,3,False,averaged,0.0,ok,0.0008906659999752264,1.0374799111784586e-16,3.8917527268816934,263.23249638979536,8.63775098293854e-16,8.63775098293854e-16,gauss96,0.18989187326383886,0.032258064516129004,2953,0.009179875940003567,0.0024663038151027865,4097,,,,,,,,
sine_n32_clustered_s3,sine,32,clustered,3,False,repeated,0.0,ok,0.0008081249999918327,2.0130087932222666e-16,2.985623407240252,268.8906762278683,1.4797981752571332e-15,1.4797981752571332e-15,gauss96,0.1898932754061333,0.032258064516129004,3009,0.009126808229902441,0.0024727979550239077,4097,,,,,,,,
sine_n32_clustered_s3,sine,32,clustered,3,False,natural,0.0,ok,0.0006410359999904358,3.0299763354185094e-16,7844.662972109781,266.73429039403726,6.393263360721475e-16,6.393263360721475e-16,gauss96,0.18989501734614508,0.032258064516129004,3009,0.009166466244171789,0.0024137208061872904,4097,,,,,,,,
sine_n32_clustered_s3,sine,32,clustered,3,False,averaged,0.5,ok,0.0010297930000433553,1.0374799111784586e-16,5.657145996932078,178.5082808194062,7.96089383079034e-16,7.96089383079034e-16,gauss96,0.4635516247754008,0.01364646004120873,2976,0.0017572590372185205,0.0005319180240946084,4097,,,,,,,,
sine_n32_clustered_s3,sine,32,clustered,3,False,repeated,0.5,ok,0.0008074209999904269,1.0374799111784586e-16,3.157667107097526,183.60991013819523,9.28763901981507e-16,9.28763901981507e-16,gauss96,0.4636835455163259,0.01334229299755646,3040,0.002685344823388029,0.0006909599365088947,4097,,,,,,,,
sine_n32_clustered_s3,sine,32,clustered,3,False,natural,0.5,ok,0.0006186279999838007,1.0065033548812267e-16,3002.9412872939333,183.42366290257422,1.0846581235186745e-15,1.0846581235186745e-15,gauss96,0.4636835447001735,0.01334229299755646,3040,0.0026988427818166283,0.0007900011216550131,4097,,,,,,,,
sine_n32_clustered_s3,sine,32,clustered,3,False,averaged,1.0,ok,0.0008345800000029158,1.0374799111784586e-16,12.183868068063713,856.88810739055,6.143553189042781e-08,6.143553189042781e-08,gauss96,0.2777022375932504,0.004364460026867467,2976,0.012871248588527315,0.003962333816425638,4097,,,,,,,,
sine_n32_clustered_s3,sine,32,clustered,3,False,repeated,1.0,ok,0.0007449380000252859,1.0374799111784586e-16,4.084687540000302,168.28909133603432,1.8577484806200353e-15,1.8577484806200353e-15,gauss96,0.9208946429123519,0.004170230793280716,3040,0.00704553888297991,0.0024585035875456184,4097,,,,,,,,
sine_n32_clustered_s3,sine,32,clustered,3,False,natural,1.0,ok,0.0006022100000109276,1.0065033548812267e-16,2157.270492329653,168.49506768827013,1.8554774808770772e-15,1.8554774808770772e-15,gauss96,1.157579081492029,0.004170230793280716,3040,0.007566487974322433,0.0026193987784969173,4097,,,,,,,,
sine_n32_clustered_s4,sine,32,clustered,4,False,averaged,0.0,ok,0.000913074000038705,1.0406818075784865e-16,3.8917527268816934,193.1742913542031,8.827792528030601e-16,8.827792528030601e-16,gauss96,0.15554229497746463,0.032258064516129004,2953,0.027598864789333964,0.006367772109548986,4097,,,,,,,,
sine_n32_clustered_s4,sine,32,clustered,4,False,repeated,0.0,ok,0.0007591579999939313,1.0406818075784865e-16,2.985623407240252,182.97704828185104,0.0,0.0,gauss96,0.15554229269259262,0.032258064516129004,3009,0.019946618207161586,0.0044072573263219915,4097,,,,,,,,
sine_n32_clustered_s4,sine,32,clustered,4,False,natural,0.0,ok,0.0006046309999874211,2.0349333071975555e-16,7844.662972109781,185.47334149674802,6.129551384806929e-16,6.129551384806929e-16,gauss96,0.15554229420924098,0.032258064516129004,3009,0.023393362452457236,0.0050883366857312155,4097,,,,,,,,
sine_n32_clustered_s4,sine,32,clustered,4,False,averaged,0.5,ok,0.0008963790000393601,1.0406818075784865e-16,7.890904118316397,154.89880534439078,3.6697131869046036e-16,3.6697131869046036e-16,gauss96,0.44499216774754713,0.01416261693285703,2976,0.029199525687842703,0.007599075871134261,4097,,,,,,,,
sine_n32_clustered_s4,sine,32,clustered,4,False,repeated,0.5,ok,0.0007697839999991629,1.0406818075784865e-16,3.1217813340965352,154.89796358674673,7.339466258247389e-16,7.339466258247389e-16,gauss96,0.4381748135606471,0.013700822260711454,3040,0.024491540062947847,0.005595785389302888,4097,,,,,,,,
sine_n32_clustered_s4,sine,32,clustered,4,False,natural,0.5,ok,0.0006890709999538558,2.0349333071975555e-16,2031.1630381440189,156.73291875453694,5.440154433973614e-16,5.440154433973614e-16,gauss96,0.43817481381905565,0.013700822260711454,3040,0.026797572597591614,0.006130606890584568,4097,,,,,,,,
sine_n32_clustered_s4,sine,32,clustered,4,False,averaged,1.0,ok,0.0008530700000051183,1.0406818075784865e-16,26.809610723893304,302.96757154616387,4.05431181333335e-09,4.05431181333335e-09,gauss96,0.6818459189942778,0.004718806359819472,2976,0.02886835177476084,0.009446258067043516,4097,,,,,,,,
sine_n32_clustered_s4,sine,32,clustered,4,False,repeated,1.0,ok,0.0007993009999722744,2.0193259924525734e-16,4.402255172620428,145.38148919711978,1.1729846593551231e-15,1.1729846593551231e-15,gauss96,0.9047720262667345,0.004414709374358394,3040,0.026898317536494964,0.006564711312511061,4097,,,,,,,,
sine_n32_clustered_s4,sine,32,clustered,4,False,natural,1.0,ok,0.0006223529999829225,2.0349333071975555e-16,1127.6353478329845,145.4179944373412,9.77241831053122e-16,9.77241831053122e-16,gauss96,1.274582440551533,0.004414709374358394,3040,0.02840189666974774,0.007047472455382872,4097,,,,,,,,
sine_n32_clustered_s5,sine,32,clustered,5,False,averaged,0.0,ok,0.0009266510000429662,2.0126877251427704e-16,3.8917527268816934,228.0893361744694,0.0,0.0,gauss96,0.18663829119561126,0.032258064516129004,2953,0.0092115800220831,0.002525982822365808,4097,,,,,,,,
sine_n32_clustered_s5,sine,32,clustered,5,False,repeated,0.0,ok,0.0007730359999982284,2.0283509008672101e-16,2.985623407240252,228.07402841187732,9.969292734752748e-16,9.969292734752748e-16,gauss96,0.18663815873679424,0.032258064516129004,3009,0.009211577187334953,0.002518550757196027,4097,,,,,,,,
sine_n32_clustered_s5,sine,32,clustered,5,False,natural,0.0,ok,0.000698429000010492,2.0166149244383499e-16,7844.662972109781,228.0741149170905,2.49232223838605e-16,2.49232223838605e-16,gauss96,0.18663823591072984,0.032258064516129004,3009,0.009211598406468676,0.0025227471503697545,4097,,,,,,,,
sine_n32_clustered_s5,sine,32,clustered,5,False,averaged,0.5,ok,0.0008897799999658673,2.0126877251427704e-16,5.125633501853376,166.67083576072645,3.4105198189809723e-16,3.4105198189809723e-16,gauss96,0.46582846792775706,0.013874854672083492,2976,0.005201286519342754,0.0017296020221021803,4097,,,,,,,,
sine_n32_clustered_s5,sine,32,clustered,5,False,repeated,0.5,ok,0.0008507000000008702,2.0283509008672101e-16,3.2300561595564314,171.5570327476098,1.6566915955125709e-15,1.6566915955125709e-15,gauss96,0.4654749055636888,0.013178571170244124,3040,0.003940402433406886,0.001084075858185492,4097,,,,,,,,
sine_n32_clustered_s5,sine,32,clustered,5,False,natural,0.5,ok,0.0006133340000360477,3.0190315877141556e-16,4679.1973875447275,171.5386045854377,0.0,0.0,gauss96,0.465474933393728,0.013178571170244124,3040,0.00393907229725924,0.001092360413191356,4097,,,,,,,,
sine_n32_clustered_s5,sine,32,clustered,5,False,averaged,1.0,ok,0.0009457140000108666,2.0126877251427704e-16,8.541212943358307,157.49625864865303,2.1655150166182376e-15,2.1655150166182376e-15,gauss96,1.1810886369587281,0.0046445423618118875,2976,0.029300750894540376,0.00933763374053609,4097,,,,,,,,
sine_n32_clustered_s5,sine,32,clustered,5,False,repeated,1.0,ok,0.0009391589999836469,2.0126993029042693e-16,4.54733979207375,158.9377699114841,1.4305830235938342e-15,1.4305830235938342e-15,gauss96,0.9474970000570492,0.004183582732043223,3040,0.019625995321377796,0.006230780850352951,4097,,,,,,,,
sine_n32_clustered_s5,sine,32,clustered,5,False,natural,1.0,ok,0.0006418670000130078,2.0283509008672101e-16,5186.158059961992,158.85823037707996,2.3258613778978676e-15,2.3258613778978676e-15,gauss96,1.1846973634604667,0.004183582732043223,3040,0.019624702426959413,0.00623149730918439,4097,,,,,,,,
sine_n32_clustered_s6,sine,32,clustered,6,False,averaged,0.0,ok,0.0008582059999753255,1.0378295628223641e-16,3.8917527268816934,210.80623864664196,2.6964770694519247e-16,2.6964770694519247e-16,gauss96,0.390810459825374,0.032258064516129004,2953,0.008014297365335476,0.0019432680327202787,4097,,,,,,,,
sine_n32_clustered_s6,sine,32,clustered,6,False,repeated,0.0,ok,0.0008825269999874763,2.029356071377494e-16,2.985623407240252,210.8068659046241,4.0447035690853046e-16,4.0447035690853046e-16,gauss96,0.34708351644331403,0.032258064516129004,3009,0.008014297440550669,0.0019354420522544056,4097,,,,,,,,
sine_n32_clustered_s6,sine,32,clustered,6,False,natural,0.0,ok,0.0006288609999955952,2.01368513360245e-16,7844.662972109781,210.80635893794837,2.6964755307756195e-16,2.6964755307756195e-16,gauss96,0.37234307166517366,0.032258064516129004,3009,0.008014297402128771,0.0019354321507598228,4097,,,,,,,,
sine_n32_clustered_s6,sine,32,clustered,6,False,averaged,0.5,ok,0.0009600820000059684,2.01368513360245e-16,4.328550558168665,160.99346030092397,1.059237165681601e-15,1.059237165681601e-15,gauss96,0.7117156225031256,0.022813577365733154,2976,0.014766656895625506,0.003619531869319729,4097,,,,,,,,
sine_n32_clustered_s6,sine,32,clustered,6,False,repeated,0.5,ok,0.000788605999957781,1.0378295628223641e-16,3.173615222696326,166.20634159823146,1.5390230144886234e-15,1.5390230144886234e-15,gauss96,0.5362864092317368,0.018601732891768998,3040,0.013338505523506652,0.0029494204890339617,4097,,,,,,,,
sine_n32_clustered_s6,sine,32,clustered,6,False,natural,0.5,ok,0.0006183330000339993,2.0139309297746932e-16,18375.815712460782,166.20619094901377,1.0260162729722669e-15,1.0260162729722669e-15,gauss96,0.6990785425603059,0.018601732891768998,3040,0.013338505497844946,0.002949432883168651,4097,,,,,,,,
sine_n32_clustered_s6,sine,32,clustered,6,False,averaged,1.0,ok,0.0008164210000245475,2.01368513360245e-16,6.011227532193806,148.6829322387903,1.5292520265746543e-15,1.5292520265746543e-15,gauss96,1.246179489538886,0.014061420852509172,2976,0.0309678386354858,0.00943099373793347,4097,,,,,,,,
sine_n32_clustered_s6,sine,32,clustered,6,False,repeated,1.0,ok,0.0007678329999976086,2.014668138363758e-16,4.0713331202489655,150.49461326577267,1.133131963210328e-15,1.133131963210328e-15,gauss96,0.9390556832631537,0.009146677354575295,3040,0.022584001837253318,0.0071027000846288265,4097,,,,,,,,
sine_n32_clustered_s6,sine,32,clustered,6,False,natural,1.0,ok,0.0006702900000163936,2.01368513360245e-16,62502.690813214314,150.49454377647146,1.3219879008260265e-15,1.3219879008260265e-15,gauss96,1.173419239409038,0.009146677354575295,3040,0.02258400180855001,0.007102703854948427,4097,,,,,,,,
sine_n32_clustered_s7,sine,32,clustered,7,False,averaged,0.0,ok,0.0009515130000181671,2.0175665623376261e-16,3.8917527268816934,192.42786924850026,4.431017639191396e-16,4.431017639191396e-16,gauss96,0.40775912255794344,0.032258064516129004,2953,0.005984277924177437,0.001766021570548334,4097,,,,,,,,
sine_n32_clustered_s7,sine,32,clustered,7,False,repeated,0.0,ok,0.0008137810000334866,2.0332677062393243e-16,2.985623407240252,192.42834157013317,5.908009017485675e-16,5.908009017485675e-16,gauss96,0.40770577354967563,0.032258064516129004,3009,0.005984277932115658,0.0017599590583295005,4097,,,,,,,,
sine_n32_clustered_s7,sine,32,clustered,7,False,natural,0.0,ok,0.0006513810000114972,2.0175665623376261e-16,7844.662972109781,192.42779209341808,0.0,0.0,gauss96,0.40774030809948,0.032258064516129004,3009,0.005984277922359892,0.0017599491243109303,4097,,,,,,,,
sine_n32_clustered_s7,sine,32,clustered,7,False,averaged,0.5,ok,0.0008722329999955036,2.0175665623376261e-16,4.0427916690400965,157.8662807018064,9.001830316155282e-16,9.001830316155282e-16,gauss96,0.7288177855987373,0.0207814736045564,2976,0.010311534072306571,0.0031674662629395237,4097,,,,,,,,
sine_n32_clustered_s7,sine,32,clustered,7,False,repeated,0.5,ok,0.0007760320000329557,1.0398300054040439e-16,3.100647165059536,161.4060666321133,1.2326176466854354e-15,1.2326176466854354e-15,gauss96,0.6228539026664218,0.01883633052467848,3040,0.009601071922411582,0.0030031282660556505,4097,,,,,,,,
sine_n32_clustered_s7,sine,32,clustered,7,False,natural,0.5,ok,0.0006115590000490556,1.1278539956293748e-16,15011.641112333931,161.40517878435983,8.804460192809524e-16,8.804460192809524e-16,gauss96,0.7267444449148039,0.01883633052467848,3040,0.009601065419586417,0.003003055057590348,4097,,,,,,,,
sine_n32_clustered_s7,sine,32,clustered,7,False,averaged,1.0,ok,0.0008390959999928782,2.0175665623376261e-16,4.697441905344336,154.94476991235544,1.834312280852123e-15,1.834312280852123e-15,gauss96,1.3297811046593762,0.011623466725550369,2976,0.02367409001450023,0.006669290100867415,4097,,,,,,,,
sine_n32_clustered_s7,sine,32,clustered,7,False,repeated,1.0,ok,0.0007577609999884771,2.0175665623376261e-16,3.58411327303492,154.09082486712086,1.844477726361272e-15,1.844477726361272e-15,gauss96,0.9368887054193894,0.009504729037746018,3040,0.018147179590954434,0.005662664807770128,4097,,,,,,,,
sine_n32_clustered_s7,sine,32,clustered,7,False,natural,1.0,ok,0.0006108870000502975,1.1278539956293748e-16,39107.54987433495,154.08936693890942,1.844495178026926e-15,1.844495178026926e-15,gauss96,1.3221167393126747,0.009504729037746018,3040,0.018147169538583474,0.0056625951331984925,4097,,,,,,,,
sine_n32_clustered_s8,sine,32,clustered,8,False,averaged,0.0,ok,0.000870457000019087,1.037005532103888e-16,3.8917527268816934,198.74292265908812,1.4300740398769786e-15,1.4300740398769786e-15,gauss96,0.4239191974077209,0.032258064516129004,2953,0.009662639287570836,0.0022883514079698724,4097,,,,,,,,
sine_n32_clustered_s8,sine,32,clustered,8,False,repeated,0.0,ok,0.0007623070000022381,1.006043139579806e-16,2.985623407240252,198.22878151178347,1.7205398255680352e-15,1.7205398255680352e-15,gauss96,0.42154747532745507,0.032258064516129004,3009,0.009662699401568945,0.002278706385759908,4097,,,,,,,,
sine_n32_clustered_s8,sine,32,clustered,8,False,natural,0.0,ok,0.0006446689999961563,3.0182931582984015e-16,7844.662972109781,198.20272612202868,1.5773688377119488e-15,1.5773688377119488e-15,gauss96,0.4232530980032695,0.032258064516129004,3009,0.009662672831506913,0.0022784904928197605,4097,,,,,,,,
sine_n32_clustered_s8,sine,32,clustered,8,False,averaged,0.5,ok,0.000846050000006926,1.037005532103888e-16,4.239257905600248,177.08770669141862,1.2839608106701526e-15,1.2839608106701526e-15,gauss96,0.7449402231513486,0.020084027766916826,2976,0.007601060086334939,0.001800718762289432,4097,,,,,,,,
sine_n32_clustered_s8,sine,32,clustered,8,False,repeated,0.5,ok,0.0007750369999826034,2.012115020616191e-16,3.1219894030827695,178.82780371236126,1.7482673121530558e-15,1.7482673121530558e-15,gauss96,0.6459143219849209,0.01937290038320054,3040,0.007483752588832334,0.0017695751887890274,4097,,,,,,,,
sine_n32_clustered_s8,sine,32,clustered,8,False,natural,0.5,ok,0.0006717690000073162,4.024295364445817e-16,12409.391505517646,178.80741612817476,1.7484666492263093e-15,1.7484666492263093e-15,gauss96,0.7418441427608204,0.01937290038320054,3040,0.007483690346714778,0.0017692906815750902,4097,,,,,,,,
sine_n32_clustered_s8,sine,32,clustered,8,False,averaged,1.0,ok,0.0015377820000139764,2.012086279159612e-16,5.45730215758067,171.13307223505694,2.4911937586820606e-15,2.4911937586820606e-15,gauss96,1.1591394461966213,0.010750758223288866,2976,0.007585648691113409,0.0024140780236223676,4097,,,,,,,,
sine_n32_clustered_s8,sine,32,clustered,8,False,repeated,1.0,ok,0.0013581079999767098,2.0121398629348205e-16,3.76664020117389,172.0912151752872,1.816704027663464e-15,1.816704027663464e-15,gauss96,0.9310635660728284,0.009982366551717865,3040,0.007013832455746702,0.001627136630396745,4097,,,,,,,,
sine_n32_clustered_s8,sine,32,clustered,8,False,natural,1.0,ok,0.0006272589999980482,1.037005532103888e-16,28180.034373212904,172.07854719284464,1.6516706988787174e-15,1.6516706988787174e-15,gauss96,1.2054580970493545,0.009982366551717865,3040,0.0070136992099044575,0.0016268579465716648,4097,,,,,,,,
sine_n32_clustered_s9,sine,32,clustered,9,False,averaged,0.0,ok,0.0009337889999869731,2.0298776358770363e-16,3.8917527268816934,232.21092877983602,1.2239608867570233e-16,1.2239608867570233e-16,gauss96,0.15883756073453376,0.032258064516129004,2953,0.01127578895291357,0.0030487832448053242,4097,,,,,,,,
sine_n32_clustered_s9,sine,32,clustered,9,False,repeated,0.0,ok,0.0007778180000173052,2.0298776358770363e-16,2.985623407240252,234.3587017098351,1.212743935814834e-16,1.212743935814834e-16,gauss96,0.15883825002275812,0.032258064516129004,3009,0.011782597832574467,0.003135624981603606,4097,,,,,,,,
sine_n32_clustered_s9,sine,32,clustered,9,False,natural,0.0,ok,0.0006001509999578047,1.0380962952426515e-16,7844.662972109781,234.2727761480949,6.06594370411125e-16,6.06594370411125e-16,gauss96,0.15883744990326484,0.032258064516129004,3009,0.011352778956153657,0.003026385950546909,4097,,,,,,,,
sine_n32_clustered_s9,sine,32,clustered,9,False,averaged,0.5,ok,0.0009271220000073299,2.0142026705166252e-16,5.909052086300631,180.41402278581967,1.4178242961596514e-15,1.4178242961596514e-15,gauss96,0.44374504261711256,0.014082182686357303,2976,0.00992940998678253,0.003167437343204827,4097,,,,,,,,
sine_n32_clustered_s9,sine,32,clustered,9,False,repeated,0.5,ok,0.0007809350000229642,1.0380962952426515e-16,3.205208591226415,181.37300685251785,7.835154173055894e-16,7.835154173055894e-16,gauss96,0.4392965417631032,0.013197074322530256,3040,0.010236956973272017,0.003012188012635934,4097,,,,,,,,
sine_n32_clustered_s9,sine,32,clustered,9,False,natural,0.5,ok,0.0007104050000066309,1.1259735229341964e-16,3408.641087929312,181.07893751736088,7.847878339710019e-16,7.847878339710019e-16,gauss96,0.43929632075356684,0.013197074322530256,3040,0.009877175265898746,0.002949264655381895,4097,,,,,,,,
sine_n32_clustered_s9,sine,32,clustered,9,False,averaged,1.0,ok,0.0011660970000093585,2.076192590485303e-16,15.070284361513202,224.53462513727575,4.05057661470645e-15,4.05057661470645e-15,gauss96,0.8224829237069161,0.00474207666815929,2976,0.01335311522222263,0.0035505823069599037,4097,,,,,,,,
sine_n32_clustered_s9,sine,32,clustered,9,False,repeated,1.0,ok,0.0008111750000239226,1.0380962952426515e-16,4.515299344681882,170.73368570218855,8.323404169924648e-16,8.323404169924648e-16,gauss96,0.8998365516759831,0.00415548926240672,3040,0.009239064894702883,0.002976774746734105,4097,,,,,,,,
sine_n32_clustered_s9,sine,32,clustered,9,False,natural,1.0,ok,0.0006330079999656846,4.0284053410332504e-16,2742.1036241751003,170.61887331106735,2.332121437117975e-15,2.332121437117975e-15,gauss96,1.1919915625878401,0.00415548926240672,3040,0.009021757724789697,0.002944229515862428,4097,,,,,,,,
spiral_n8_uniform_s0,spiral,8,uniform,0,False,averaged,0.0,ok,0.0006572220000293783,6.97363466681973e-17,4.211952386268619,19.081681696753606,9.30922581997825e-16,9.30922581997825e-16,gauss96,0.965341904958215,0.1428571428571428,2189,0.002909608141891193,0.0011829957006992413,4097,,,,,,,,
spiral_n8_uniform_s0,spiral,8,uniform,0,False,repeated,0.0,ok,0.0007054800000219075,8.821027646823917e-17,2.787791971842099,15.098678249178219,2.3529964809958553e-16,2.3529964809958553e-16,gauss96,0.6619341132152752,0.1428571428571428,2241,0.01746815394716326,0.0053072876788022305,4097,,,,,,,,
spiral_n8_uniform_s0,spiral,8,uniform,0,False,natural,0.0,ok,0.0006451449999644865,1.247481693220641e-16,405.23244132281934,15.207688695137403,2.336129934022431e-16,2.336129934022431e-16,gauss96,1.0335645075199222,0.1428571428571428,2241,0.015694723120993966,0.004351116522579395,4097,,,,,,,,
spiral_n8_uniform_s0,spiral,8,uniform,0,False,averaged,0.5,ok,0.0006621079999717949,1.2858746967932673e-16,4.29642507051519,17.94499868319979,3.9595585840043245e-16,3.9595585840043245e-16,gauss96,1.382198712592826,0.13300475034411083,2208,0.0038873880442539008,0.0012633217327196523,4097,,,,,,,,
spiral_n8_uniform_s0,spiral,8,uniform,0,False,repeated,0.5,ok,0.0007975039999905675,6.237408466103205e-17,2.808558395217574,15.043604071527756,4.723221459310455e-16,4.723221459310455e-16,gauss96,0.8892500429615298,0.10843417328979837,2272,0.016397774180595178,0.00523537447694834,4097,,,,,,,,
spiral_n8_uniform_s0,spiral,8,uniform,0,False,natural,0.5,ok,0.0005536339999707707,1.2858746967932673e-16,692.4334945782849,15.11830286012645,4.699884255091297e-16,4.699884255091297e-16,gauss96,1.3567322017346486,0.10843417328979837,2272,0.014562707978149425,0.0042826803933661535,4097,,,,,,,,
spiral_n8_uniform_s0,spiral,8,uniform,0,False,averaged,1.0,ok,0.000635044000034668,6.237408466103205e-17,4.639796759047954,17.134096671943055,0.0,0.0,gauss96,1.8304673645308562,0.12165107067924938,2208,0.004463953736150834,0.001342226275419394,4097,,,,,,,,
spiral_n8_uniform_s0,spiral,8,uniform,0,False,repeated,1.0,ok,0.0006883969999762485,6.237408466103205e-17,2.876982640741881,15.050269474956403,2.3605648288970535e-16,2.3605648288970535e-16,gauss96,1.2163721349733592,0.08045699308492861,2272,0.015302844641247398,0.00518008421238936,4097,,,,,,,,
spiral_n8_uniform_s0,spiral,8,uniform,0,False,natural,1.0,ok,0.0005396980000114127,9.356112699154807e-17,1249.6562268439075,15.069555151635958,4.715087662577507e-16,4.715087662577507e-16,gauss96,1.7774056449958109,0.08045699308492861,2272,0.01342033007555392,0.004206892775639676,4097,,,,,,,,
spiral_n8_jittered_s0,spiral,8,jittered,0,False,averaged,0.0,ok,0.0006583890000229076,6.300295269907421e-17,4.211952386268619,23.408565112603135,7.588490925673452e-16,7.588490925673452e-16,gauss96,0.6820656954400346,0.1428571428571428,2189,0.07003042322310861,0.023239226520568406,4097,,,,,,,,
spiral_n8_jittered_s0,spiral,8,jittered,0,False,repeated,0.0,ok,0.0007822929999861117,6.833629686468655e-17,2.787791971842099,22.979200466769736,9.27633757476833e-16,9.27633757476833e-16,gauss96,0.5375117955486824,0.1428571428571428,2241,0.10764663495321425,0.03725207771318377,4097,,,,,,,,
spiral_n8_jittered_s0,spiral,8,jittered,0,False,natural,0.0,ok,0.0006837140000470754,1.2224368409603588e-16,405.23244132281934,20.81778784599204,5.119727953445097e-16,5.119727953445097e-16,gauss96,0.6966658044059142,0.1428571428571428,2241,0.10507475843486852,0.035574239152025074,4097,,,,,,,,
spiral_n8_jittered_s0,spiral,8,jittered,0,False,averaged,0.5,ok,0.0008340029999658327,3.056092102400897e-17,6.795302289306774,16.180623168585495,4.39131872955061e-16,4.39131872955061e-16,gauss96,1.0760892160416047,0.1269537355107453,2208,0.02262321214976321,0.007137688955621566,4097,,,,,,,,
spiral_n8_jittered_s0,spiral,8,jittered,0,False,repeated,0.5,ok,0.0007071429999996326,6.833629686468655e-17,2.9739601250504615,17.269479287712226,6.171663232478065e-16,6.171663232478065e-16,gauss96,0.7431521884504838,0.10166222796919865,2272,0.08909129532476161,0.03214507736031485,4097,,,,,,,,
spiral_n8_jittered_s0,spiral,8,jittered,0,False,natural,0.5,ok,0.0005139009999766131,8.64393379815331e-17,898.9335994989311,16.730006343487812,6.370673637281796e-16,6.370673637281796e-16,gauss96,1.0706292890811273,0.10166222796919865,2272,0.08529952229310746,0.030340251656125663,4097,,,,,,,,
spiral_n8_jittered_s0,spiral,8,jittered,0,False,averaged,1.0,ok,0.0006657620000396491,6.300295269907421e-17,16.855771402167896,17.528062648923772,0.0,0.0,gauss96,1.7500076611172348,0.10413792697523572,2208,0.019724037454032728,0.007438068682247283,4097,,,,,,,,
spiral_n8_jittered_s0,spiral,8,jittered,0,False,repeated,1.0,ok,0.0007026819999964573,6.833629686468655e-17,3.768814453894796,15.742107808717762,5.642055247571512e-16,5.642055247571512e-16,gauss96,1.147863557154889,0.06532370421579334,2272,0.06411472185795529,0.02487381968005229,4097,,,,,,,,
spiral_n8_jittered_s0,spiral,8,jittered,0,False,natural,1.0,ok,0.0005444710000119812,6.112184204801794e-17,2867.631562262593,15.647931152116424,4.540809445368741e-16,4.540809445368741e-16,gauss96,1.5821172184179324,0.06532370421579334,2272,0.059228457850964124,0.02228234899128294,4097,,,,,,,,
spiral_n8_jittered_s1,spiral,8,jittered,1,False,averaged,0.0,ok,0.0006918529999779821,8.925165064235373e-17,4.211952386268619,5452.036507790687,3.3273386645864636e-10,0.12548981142266188,adaptive,0.09313218507951745,0.1428571428571428,2189,0.04228598436173866,0.016845141355102015,4097,,,,,,,,
spiral_n8_jittered_s1,spiral,8,jittered,1,False,repeated,0.0,ok,0.0007232430000385648,8.925165064235373e-17,2.787791971842099,90.32723889677149,3.068021132782123e-12,3.068021132782123e-12,gauss96,0.37682732529019963,0.1428571428571428,2241,0.04044432244384617,0.013992761210599294,4097,,,,,,,,
spiral_n8_jittered_s1,spiral,8,jittered,1,False,natural,0.0,ok,0.0005551010000317547,1.301055203577758e-16,405.23244132281934,91.74943998152945,3.2938406646877065e-12,3.2938406646877065e-12,gauss96,0.37435275640498467,0.1428571428571428,2241,0.03980272096684026,0.013925552314061129,4097,,,,,,,,
spiral_n8_jittered_s1,spiral,8,jittered,1,False,averaged,0.5,ok,0.0008025120000070274,7.055962523986699e-17,4.585767606910289,28.550603200246442,1.493228141156682e-15,1.493228141156682e-15,gauss96,0.891840329893369,0.12715578296376429,2208,0.03480179280018824,0.01218358062791812,4097,,,,,,,,
spiral_n8_jittered_s1,spiral,8,jittered,1,False,repeated,0.5,ok,0.0009419460000117397,6.3110447401301e-17,3.1167375450380566,18.70410520324749,5.698289717997838e-16,5.698289717997838e-16,gauss96,0.8612776322285693,0.08887599260508805,2272,0.031486201564840575,0.010599761999493144,4097,,,,,,,,
spiral_n8_jittered_s1,spiral,8,jittered,1,False,natural,0.5,ok,0.0007653719999893838,8.925165064235373e-17,628.6677263053228,19.108084990693122,0.0,0.0,gauss96,0.9739700522805577,0.08887599260508805,2272,0.03020551990778206,0.01009109092798965,4097,,,,,,,,
spiral_n8_jittered_s1,spiral,8,jittered,1,False,averaged,1.0,ok,0.0008277359999624423,7.055962523986699e-17,7.165296822519194,17.002564899087,2.0895163170300697e-16,2.0895163170300697e-16,gauss96,1.8193299348791137,0.11203016441534414,2208,0.004044481051849652,0.0017358660199216784,4097,,,,,,,,
spiral_n8_jittered_s1,spiral,8,jittered,1,False,repeated,1.0,ok,0.0007238760000518596,6.360158669496588e-17,4.5176947426506775,15.00333191314188,2.3679497989966945e-16,2.3679497989966945e-16,gauss96,1.1580611434053878,0.05230490998659326,2272,0.008499775087568833,0.004502210907792892,4097,,,,,,,,
spiral_n8_jittered_s1,spiral,8,jittered,1,False,natural,1.0,ok,0.0005762860000118053,6.360158669496588e-17,1398.2819657055031,15.161117417819748,8.201570855975801e-16,8.201570855975801e-16,gauss96,1.7628230317179396,0.05230490998659326,2272,0.007719280450645791,0.003038453843667381,4097,,,,,,,,
spiral_n8_jittered_s2,spiral,8,jittered,2,False,averaged,0.0,ok,0.0008542430000488821,7.756277947980764e-17,4.211952386268619,1473.3772770028147,7.429069080230086e-11,0.01032047995761888,adaptive,0.1840024312831482,0.1428571428571428,2189,0.13648831971533928,0.05413828650670537,4097,,,,,,,,
spiral_n8_jittered_s2,spiral,8,jittered,2,False,repeated,0.0,ok,0.0007277050000311647,6.25331119840651e-17,2.787791971842099,1378.978309383826,1.7212514711555067e-12,0.014589943758881004,adaptive,0.17920891433700825,0.1428571428571428,2241,0.13135862415582372,0.04993657594673873,4097,,,,,,,,
spiral_n8_jittered_s2,spiral,8,jittered,2,False,natural,0.0,ok,0.0005657280000264109,1.3253933567454286e-16,405.23244132281934,1363.9643159400957,3.561259125794884e-12,0.014172267617113217,adaptive,0.18051915845600747,0.1428571428571428,2241,0.13139883264277377,0.05008121429873577,4097,,,,,,,,
spiral_n8_jittered_s2,spiral,8,jittered,2,False,averaged,0.5,ok,0.0007792359999712062,6.395990648234739e-17,7.376623413628054,108.27593533808037,9.253060048888915e-11,9.253060048888915e-11,gauss96,0.5851571316528476,0.08479768650911973,2208,0.12949843878017797,0.05104371411938179,4097,,,,,,,,
spiral_n8_jittered_s2,spiral,8,jittered,2,False,repeated,0.5,ok,0.0008027639999568237,6.937425897627027e-17,4.031911332005786,55.769784258618664,3.8221919550475553e-16,3.8221919550475553e-16,gauss96,0.5633860166049961,0.06395193359949858,2272,0.11825734539824287,0.046315953089244646,4097,,,,,,,,
spiral_n8_jittered_s2,spiral,8,jittered,2,False,natural,0.5,ok,0.0005691259999593967,1.8759933595219527e-16,853.110525103194,55.56420291095387,0.0,0.0,gauss96,0.5634079460749646,0.06395193359949858,2272,0.1176419854713387,0.0460138081993336,4097,,,,,,,,
spiral_n8_jittered_s2,spiral,8,jittered,2,False,averaged,1.0,ok,0.0007300080000050002,6.937425897627027e-17,38.886240898106905,18.07544334558126,5.8964755843773e-16,5.8964755843773e-16,gauss96,1.5718985334247972,0.042178149295778844,2208,0.03559378449773081,0.013924637704649504,4097,,,,,,,,
spiral_n8_jittered_s2,spiral,8,jittered,2,False,repeated,1.0,ok,0.0007042500000125074,3.4687129488135136e-17,12.501782180083293,17.15665613163416,1.0353747407252218e-15,1.0353747407252218e-15,gauss96,1.0436239155100886,0.023249991366067008,2272,0.05441326621536373,0.023000684082089377,4097,,,,,,,,
spiral_n8_jittered_s2,spiral,8,jittered,2,False,natural,1.0,ok,0.0006809079999925416,8.775226774055806e-17,6170.142372443653,17.09656556520267,8.312110792664656e-16,8.312110792664656e-16,gauss96,1.6406813133871163,0.023249991366067008,2272,0.052082146350283444,0.021264191576771785,4097,,,,,,,,
spiral_n8_jittered_s3,spiral,8,jittered,3,False,averaged,0.0,ok,0.0006568549999883544,1.41338471385653e-16,4.211952386268619,1425.1965040321456,4.3297114174258016e-09,0.013351280243985452,adaptive,0.18598045388764947,0.1428571428571428,2189,0.28715788699169903,0.11345235936407669,4097,,,,,,,,
spiral_n8_jittered_s3,spiral,8,jittered,3,False,repeated,0.0,ok,0.0007323280000264276,7.840047781179566e-17,2.787791971842099,1561.6845033386587,6.474326525166792e-11,0.002255227008583342,adaptive,0.16142887014299073,0.1428571428571428,2241,0.2701565943327128,0.10925093439857754,4097,,,,,,,,
spiral_n8_jittered_s3,spiral,8,jittered,3,False,natural,0.0,ok,0.0006535690000077921,7.840047781179566e-17,405.23244132281934,1097.2168478771564,6.975947151969307e-11,0.004773387927445105,adaptive,0.17199996700863898,0.1428571428571428,2241,0.27030146677318334,0.10908446796042172,4097,,,,,,,,
spiral_n8_jittered_s3,spiral,8,jittered,3,False,averaged,0.5,ok,0.0006866490000447811,7.228166906588547e-17,7.4599647923139845,36.07695310940108,2.2845819162099147e-10,2.2845819162099147e-10,gauss96,0.6106784764782277,0.12620997255653532,2208,0.2651334321226896,0.10801041002661198,4097,,,,,,,,
spiral_n8_jittered_s3,spiral,8,jittered,3,False,repeated,0.5,ok,0.0007910379999884753,9.916963181230725e-17,3.368045065820825,44.14181785214246,1.609681635994548e-16,1.609681635994548e-16,gauss96,0.616987087157313,0.0762216325989585,2272,0.2531059439045219,0.10560786057357961,4097,,,,,,,,
spiral_n8_jittered_s3,spiral,8,jittered,3,False,natural,0.5,ok,0.0005701480000084302,1.4978390254656937e-16,1118.316063387134,37.397355377994586,7.59992495274892e-16,7.59992495274892e-16,gauss96,0.7530570745983426,0.0762216325989585,2272,0.25210918901357987,0.10501671443384969,4097,,,,,,,,
spiral_n8_jittered_s3,spiral,8,jittered,3,False,averaged,1.0,ok,0.0006688240000016776,7.228166906588547e-17,22.10007390468181,10.978894369590478,9.707845505757481e-16,9.707845505757481e-16,gauss96,1.663916206230039,0.110500743409152,2208,0.11648480099358065,0.047119341832222446,4097,,,,,,,,
spiral_n8_jittered_s3,spiral,8,jittered,3,False,repeated,1.0,ok,0.0007499879999954828,7.840047781179566e-17,6.850753277687017,12.498646004974452,8.527436517651249e-16,8.527436517651249e-16,gauss96,1.128340872139533,0.03667983910873418,2272,0.1954550792611103,0.08474854587757637,4097,,,,,,,,
spiral_n8_jittered_s3,spiral,8,jittered,3,False,natural,1.0,ok,0.0006359500000030494,7.840047781179566e-17,5615.6803259364315,12.20911418161574,2.909886520801085e-16,2.909886520801085e-16,gauss96,1.4438464698190205,0.03667983910873418,2272,0.19184182549294557,0.08220457857431156,4097,,,,,,,,
spiral_n8_jittered_s4,spiral,8,jittered,4,False,averaged,0.0,ok,0.0006735649999995985,7.601200396743892e-17,4.211952386268619,355.8099308395215,4.710319437094637e-10,1.0179616664924676e-06,adaptive,0.35208771546568596,0.1428571428571428,2189,0.13699720236009266,0.05546695786979172,4097,,,,,,,,
spiral_n8_jittered_s4,spiral,8,jittered,4,False,repeated,0.0,ok,0.0008432289999973364,9.614842482034492e-17,2.787791971842099,104.7284040137415,8.820009864438783e-14,8.820009864438783e-14,gauss96,0.2660407872656154,0.1428571428571428,2241,0.1365033243107082,0.05252636683495739,4097,,,,,,,,
spiral_n8_jittered_s4,spiral,8,jittered,4,False,natural,0.0,ok,0.0006048579999742287,1.3762424113955292e-16,405.23244132281934,108.53041816699748,2.2037018643827307e-13,2.2037018643827307e-13,gauss96,0.343782246535946,0.1428571428571428,2241,0.13626085067653207,0.052545862931250666,4097,,,,,,,,
spiral_n8_jittered_s4,spiral,8,jittered,4,False,averaged,0.5,ok,0.0006889979999868956,6.798720319087084e-17,4.770519815287009,34.305003804631085,3.7282518073807115e-15,3.7282518073807115e-15,gauss96,0.5533846530729106,0.15063825833728872,2208,0.10139801519539933,0.0392754283171337,4097,,,,,,,,
spiral_n8_jittered_s4,spiral,8,jittered,4,False,repeated,0.5,ok,0.0008850980000261188,3.399360159543542e-17,3.271601173874378,25.706974093651414,1.3820038351685576e-15,1.3820038351685576e-15,gauss96,0.5429027593855184,0.08127671362998734,2272,0.10885132973685475,0.04233828333716767,4097,,,,,,,,
spiral_n8_jittered_s4,spiral,8,jittered,4,False,natural,0.5,ok,0.0005204059999641686,9.614842482034492e-17,1252.6556353741596,25.431053584331366,1.3969982277845565e-15,1.3969982277845565e-15,gauss96,0.8626721535630363,0.08127671362998734,2272,0.10768412872206005,0.04188907980030209,4097,,,,,,,,
spiral_n8_jittered_s4,spiral,8,jittered,4,False,averaged,1.0,ok,0.0006696979999674113,6.811986127445938e-17,10.125600844086797,16.46751845552331,8.629627319734742e-16,8.629627319734742e-16,gauss96,1.8650469068335251,0.15097362057600705,2208,0.033725160394409884,0.012439799289788047,4097,,,,,,,,
spiral_n8_jittered_s4,spiral,8,jittered,4,False,repeated,1.0,ok,0.0011325660000238713,7.601200396743892e-17,5.604817555481353,16.659706729819842,1.2795112434151186e-15,1.2795112434151186e-15,gauss96,1.18304683643763,0.04121299311931096,2272,0.06251652092091171,0.025301265089764855,4097,,,,,,,,
spiral_n8_jittered_s4,spiral,8,jittered,4,False,natural,1.0,ok,0.0006580010000334369,1.3703258892768659e-16,6786.838582659379,16.44578222553318,1.296154952101217e-15,1.296154952101217e-15,gauss96,1.8129949074728229,0.04121299311931096,2272,0.05845713749646691,0.023426792885622157,4097,,,,,,,,
spiral_n8_jittered_s5,spiral,8,jittered,5,False,averaged,0.0,ok,0.0006296040000393077,9.024072275874156e-17,4.211952386268619,111.50494674880454,5.37598910633474e-11,5.37598910633474e-11,gauss96,0.44512077537910527,0.1428571428571428,2189,0.08558472661438785,0.032763271133418016,4097,,,,,,,,
spiral_n8_jittered_s5,spiral,8,jittered,5,False,repeated,0.0,ok,0.0007456479999632393,7.134155540435417e-17,2.787791971842099,20.67935662313798,6.872000408030868e-16,6.872000408030868e-16,gauss96,0.3847802244993416,0.1428571428571428,2241,0.08446236769961435,0.03135021751777906,4097,,,,,,,,
spiral_n8_jittered_s5,spiral,8,jittered,5,False,natural,0.0,ok,0.000552980000009029,1.3154732834057338e-16,405.23244132281934,20.26899687652602,7.011128770590474e-16,7.011128770590474e-16,gauss96,0.452483840109412,0.1428571428571428,2241,0.08360101550874748,0.030910430787743456,4097,,,,,,,,
spiral_n8_jittered_s5,spiral,8,jittered,5,False,averaged,0.5,ok,0.0006932350000283805,6.380982700188136e-17,4.370626076242276,16.972187157505633,0.0,0.0,gauss96,0.8417359869404031,0.11702781904944395,2208,0.053714597027181114,0.019841434506868053,4097,,,,,,,,
spiral_n8_jittered_s5,spiral,8,jittered,5,False,repeated,0.5,ok,0.0007755540000289329,9.024072275874156e-17,3.0561849973304898,17.56589298096802,8.09002692353809e-16,8.09002692353809e-16,gauss96,0.6363074599706104,0.07802092452337943,2272,0.05951789079398477,0.022391506260920385,4097,,,,,,,,
spiral_n8_jittered_s5,spiral,8,jittered,5,False,natural,0.5,ok,0.000551859000040622,7.134155540435417e-17,1203.297251250993,17.234050015948224,8.245801017202234e-16,8.245801017202234e-16,gauss96,0.8483608055073939,0.07802092452337943,2272,0.05776676922191781,0.021531574483136834,4097,,,,,,,,
spiral_n8_jittered_s5,spiral,8,jittered,5,False,averaged,1.0,ok,0.0009284779999916282,4.512036137937078e-17,8.070670690154016,16.87116179719711,4.211581539560282e-16,4.211581539560282e-16,gauss96,1.782871312490883,0.09181792972951035,2208,0.014252742590884014,0.00502795897818261,4097,,,,,,,,
spiral_n8_jittered_s5,spiral,8,jittered,5,False,repeated,1.0,ok,0.0007114420000107202,6.380982700188136e-17,4.152346746597656,16.049413339908543,8.854438735069044e-16,8.854438735069044e-16,gauss96,1.1527924269352,0.03779188874321687,2272,0.027959534999010105,0.011183518172734443,4097,,,,,,,,
spiral_n8_jittered_s5,spiral,8,jittered,5,False,natural,1.0,ok,0.0005458520000161116,1.3629785022303453e-16,5319.636367510246,15.89912854422343,7.820867565926771e-16,7.820867565926771e-16,gauss96,1.8017230595563456,0.03779188874321687,2272,0.024492874506918005,0.00952285479251956,4097,,,,,,,,
spiral_n8_jittered_s6,spiral,8,jittered,6,False,averaged,0.0,ok,0.0007982129999959398,6.44712274846526e-17,4.211952386268619,990.7082908257843,2.9583520307101788e-09,2.783445231306096e-05,adaptive,0.15471207925775288,0.1428571428571428,2189,0.09443149671128352,0.03451308060409326,4097,,,,,,,,
spiral_n8_jittered_s6,spiral,8,jittered,6,False,repeated,0.0,ok,0.0010788660000002892,6.254627781939931e-17,2.787791971842099,1267.928089078201,3.951981613959433e-09,0.0003820139639101205,adaptive,0.1441629393466801,0.1428571428571428,2241,0.06362495178850909,0.0232126732748922,4097,,,,,,,,
spiral_n8_jittered_s6,spiral,8,jittered,6,False,natural,0.0,ok,0.0005703100000005179,6.992886447188208e-17,405.23244132281934,1195.4784467977101,2.457504480127138e-09,0.00025503225409474024,adaptive,0.14806651339283608,0.1428571428571428,2241,0.06671582710660422,0.025065343690675732,4097,,,,,,,,
spiral_n8_jittered_s6,spiral,8,jittered,6,False,averaged,0.5,ok,0.0006551709999484956,7.818284727424914e-17,8.08169147267267,50.048705874801705,6.399876964941896e-12,6.399876964941896e-12,gauss96,0.598467919252607,0.10788695274022514,2208,0.060375274630103594,0.02480035448248008,4097,,,,,,,,
spiral_n8_jittered_s6,spiral,8,jittered,6,False,repeated,0.5,ok,0.0012173319999533305,6.254627781939931e-17,3.808859974217576,35.20179961687506,2.0184841215318998e-16,2.0184841215318998e-16,gauss96,0.5338174921746599,0.05572627337873792,2272,0.04734464096960823,0.0160464629048767,4097,,,,,,,,
spiral_n8_jittered_s6,spiral,8,jittered,6,False,natural,0.5,ok,0.0005859639999812316,1.3985772894376417e-16,583.9573080640183,38.492252912703925,3.6918739849887753e-16,3.6918739849887753e-16,gauss96,0.5398284391238832,0.05572627337873792,2272,0.05226215131122094,0.018158547051580744,4097,,,,,,,,
spiral_n8_jittered_s6,spiral,8,jittered,6,False,averaged,1.0,ok,0.0006519309999930556,6.992886447188208e-17,28.016455569009608,18.55374286637854,1.9148231730851549e-16,1.9148231730851549e-16,gauss96,1.8006738740101362,0.08586008975200299,2208,0.012212269683440434,0.004424154431407773,4097,,,,,,,,
spiral_n8_jittered_s6,spiral,8,jittered,6,False,repeated,1.0,ok,0.0007957560000022568,6.254627781939931e-17,9.412507861439634,15.11898205989336,8.224427958537745e-16,8.224427958537745e-16,gauss96,1.163520003131931,0.019501004998671412,2272,0.009967431429212505,0.004396821845970033,4097,,,,,,,,
spiral_n8_jittered_s6,spiral,8,jittered,6,False,natural,1.0,ok,0.0006425250000461347,1.4751510120714587e-16,1919.221821354918,15.653928981495229,1.36172088796374e-15,1.36172088796374e-15,gauss96,1.6943088986497283,0.019501004998671412,2272,0.012216602696253409,0.004916179359185728,4097,,,,,,,,
spiral_n8_jittered_s7,spiral,8,jittered,7,False,averaged,0.0,ok,0.0006870220000223526,3.06581384894988e-17,4.211952386268619,34.54489600260474,6.170602473718758e-16,6.170602473718758e-16,gauss96,1.2001892859656853,0.1428571428571428,2189,0.03903101891131647,0.015102186136712985,4097,,,,,,,,
spiral_n8_jittered_s7,spiral,8,jittered,7,False,repeated,0.0,ok,0.0008974730000090858,1.2640674327701785e-16,2.787791971842099,21.277268486965752,5.009167902792869e-16,5.009167902792869e-16,gauss96,0.7937365548775209,0.1428571428571428,2241,0.04318627567168779,0.014774177545726372,4097,,,,,,,,
spiral_n8_jittered_s7,spiral,8,jittered,7,False,natural,0.0,ok,0.0008644570000342355,6.13162769789976e-17,405.23244132281934,20.598146744797262,3.449546915863055e-16,3.449546915863055e-16,gauss96,1.2077986544123904,0.1428571428571428,2241,0.04228428416139463,0.01419713897111662,4097,,,,,,,,
spiral_n8_jittered_s7,spiral,8,jittered,7,False,averaged,0.5,ok,0.0007321749999960048,6.320337163850892e-17,5.001476138556287,21.970669875155547,0.0,0.0,gauss96,1.478585212503269,0.1331458796866547,2208,0.02550520491200773,0.009045211004804467,4097,,,,,,,,
spiral_n8_jittered_s7,spiral,8,jittered,7,False,repeated,0.5,ok,0.000820235999981378,6.855368172612204e-17,2.8440059474288115,16.392071077575533,6.502010018112912e-16,6.502010018112912e-16,gauss96,0.9684882869697552,0.11888679857760504,2272,0.03554811059923431,0.011481403448746999,4097,,,,,,,,
spiral_n8_jittered_s7,spiral,8,jittered,7,False,natural,0.5,ok,0.000540377999982411,8.671431049792361e-17,601.1659087690339,16.51940245711621,4.3012617290767276e-16,4.3012617290767276e-16,gauss96,1.4552966458758883,0.11888679857760504,2272,0.03398594120349217,0.010946686737523177,4097,,,,,,,,
spiral_n8_jittered_s7,spiral,8,jittered,7,False,averaged,1.0,ok,0.0007512930000075357,8.671431049792361e-17,6.927399344437521,17.289687883020637,0.0,0.0,gauss96,1.7747142958127418,0.12176219687707657,2208,0.004515886891583483,0.0016067087163178946,4097,,,,,,,,
spiral_n8_jittered_s7,spiral,8,jittered,7,False,repeated,1.0,ok,0.0007146359999978813,6.855368172612204e-17,3.028720052357206,14.953210596893427,5.939717186118189e-16,5.939717186118189e-16,gauss96,1.208277748807995,0.09652778064611103,2272,0.02235482451640577,0.00784352129214978,4097,,,,,,,,
spiral_n8_jittered_s7,spiral,8,jittered,7,False,natural,1.0,ok,0.0005690810000373858,1.1053949033416403e-16,993.275178204601,15.128872904624497,8.219051051715065e-16,8.219051051715065e-16,gauss96,1.7017058003203986,0.09652778064611103,2272,0.01995756530284337,0.0067676323673157325,4097,,,,,,,,
spiral_n8_jittered_s8,spiral,8,jittered,8,False,averaged,0.0,ok,0.0006394409999757045,6.095634642169993e-17,4.211952386268619,53.29165604081679,1.4666404975996142e-15,1.4666404975996142e-15,gauss96,0.6670199834552886,0.1428571428571428,2189,0.07977994092615509,0.03175151378957516,4097,,,,,,,,
spiral_n8_jittered_s8,spiral,8,jittered,8,False,repeated,0.0,ok,0.0012943349999545717,6.815126712947355e-17,2.787791971842099,42.83766570888488,9.952121209247793e-16,9.952121209247793e-16,gauss96,0.4228973641017719,0.1428571428571428,2241,0.046967833851029706,0.02138209523547558,4097,,,,,,,,
spiral_n8_jittered_s8,spiral,8,jittered,8,False,natural,0.0,ok,0.0005692380000255071,8.620529182228072e-17,405.23244132281934,44.297063417893575,1.1228281891732715e-15,1.1228281891732715e-15,gauss96,0.6668429289243635,0.1428571428571428,2241,0.05277548535368969,0.023108469950053157,4097,,,,,,,,
spiral_n8_jittered_s8,spiral,8,jittered,8,False,averaged,0.5,ok,0.0006385870000258365,6.169595545336846e-17,4.908570465072029,26.927447948107556,3.95809549309724e-16,3.95809549309724e-16,gauss96,1.0304435793413864,0.13363722565625905,2208,0.05444604084694925,0.022708468661029654,4097,,,,,,,,
spiral_n8_jittered_s8,spiral,8,jittered,8,False,repeated,0.5,ok,0.00069027299997515,6.169595545336846e-17,2.944980942587087,20.18074029478696,1.7604476480569096e-16,1.7604476480569096e-16,gauss96,0.6654143974945624,0.0919161082323295,2272,0.030800831052837544,0.012935017534718948,4097,,,,,,,,
spiral_n8_jittered_s8,spiral,8,jittered,8,False,natural,0.5,ok,0.0005439679999881264,6.815126712947355e-17,950.9319701944346,20.906440804966323,0.0,0.0,gauss96,1.0519932933114282,0.0919161082323295,2272,0.03731407330841186,0.014874872484513413,4097,,,,,,,,
spiral_n8_jittered_s8,spiral,8,jittered,8,False,averaged,1.0,ok,0.0006289910000418786,6.386341025946886e-17,7.213946277380008,18.41173857487651,1.9295916376133587e-16,1.9295916376133587e-16,gauss96,1.774251424367896,0.12057367758321044,2208,0.012810998223680222,0.004635624930978099,4097,,,,,,,,
spiral_n8_jittered_s8,spiral,8,jittered,8,False,repeated,1.0,ok,0.0007997540000133085,6.815126712947355e-17,3.522555045764466,16.037688647201133,6.645683970340415e-16,6.645683970340415e-16,gauss96,1.1417638090011395,0.05468700031616404,2272,0.01347718283157087,0.004288384412090238,4097,,,,,,,,
spiral_n8_jittered_s8,spiral,8,jittered,8,False,natural,1.0,ok,0.0009249660000136828,9.143451963254989e-17,2834.218273424939,16.130400877397005,6.60748676825286e-16,6.60748676825286e-16,gauss96,1.735855301263887,0.05468700031616404,2272,0.011506363587317367,0.00440519921770018,4097,,,,,,,,
spiral_n8_jittered_s9,spiral,8,jittered,9,False,averaged,0.0,ok,0.0007411470000420195,1.6007506696293687e-16,4.211952386268619,389.98148966923446,7.194319205014456e-07,7.194319205014456e-07,gauss96,0.1462115817203723,0.1428571428571428,2189,0.07805302975100101,0.035582798744260444,4097,,,,,,,,
spiral_n8_jittered_s9,spiral,8,jittered,9,False,repeated,0.0,ok,0.000777744000004077,1.3200128182320173e-16,2.787791971842099,250.47789264103343,5.932459945061945e-09,5.932459945061945e-09,gauss96,0.13895976924710565,0.1428571428571428,2241,0.07641416565623156,0.03167780789720746,4097,,,,,,,,
spiral_n8_jittered_s9,spiral,8,jittered,9,False,natural,0.0,ok,0.0006819540000151392,7.158774624639152e-17,405.23244132281934,250.9331849408962,8.051816900992749e-11,8.051816900992749e-11,gauss96,0.14010008752009148,0.1428571428571428,2241,0.0742657194132453,0.03089154105620543,4097,,,,,,,,
spiral_n8_jittered_s9,spiral,8,jittered,9,False,averaged,0.5,ok,0.0008538410000369367,3.579387312319576e-17,4.954032039923611,62.90957476709753,2.1459868437233073e-15,2.1459868437233073e-15,gauss96,0.7568899879209592,0.1208004134853892,2208,0.046048002670654405,0.020331594668003435,4097,,,,,,,,
spiral_n8_jittered_s9,spiral,8,jittered,9,False,repeated,0.5,ok,0.0007160050000152296,1.3200128182320173e-16,3.2381909434893097,24.19206388518127,1.4685450963018902e-16,1.4685450963018902e-16,gauss96,0.5162381702632426,0.07496001757028523,2272,0.0496613658400611,0.021314654414096024,4097,,,,,,,,
spiral_n8_jittered_s9,spiral,8,jittered,9,False,natural,0.5,ok,0.0005452370000398332,9.055213227870668e-17,1302.3793090197137,24.82497296210807,1.431104752550278e-16,1.431104752550278e-16,gauss96,0.7476147410105618,0.07496001757028523,2272,0.04732055321860843,0.020400845272020338,4097,,,,,,,,
spiral_n8_jittered_s9,spiral,8,jittered,9,False,averaged,1.0,ok,0.0006790369999976065,9.055213227870668e-17,9.824508511774182,17.032965401681896,0.0,0.0,gauss96,1.8421410800112115,0.09856949744410981,2208,0.007610262104759453,0.002546984014134141,4097,,,,,,,,
spiral_n8_jittered_s9,spiral,8,jittered,9,False,repeated,1.0,ok,0.0007168829999955051,7.158774624639152e-17,5.220166624322129,15.718908828503823,5.650382156867977e-16,5.650382156867977e-16,gauss96,1.1570833707192176,0.034743272230382566,2272,0.021780533573743075,0.009156344382279379,4097,,,,,,,,
spiral_n8_jittered_s9,spiral,8,jittered,9,False,natural,1.0,ok,0.0005235020000213808,7.158774624639152e-17,6840.047756818331,15.671874231285216,7.934276202254864e-16,7.934276202254864e-16,gauss96,1.7849574702612485,0.034743272230382566,2272,0.019506687674312517,0.00793839003549052,4097,,,,,,,,
spiral_n8_clustered_s0,spiral,8,clustered,0,False,averaged,0.0,ok,0.0006749910000394266,7.451770212691422e-17,4.211952386268619,959.9271413815397,6.12963005968469e-10,0.025194605639701797,adaptive,0.1761617427800171,0.1428571428571428,2189,0.04054134622047629,0.021826207395389104,4097,,,,,,,,
spiral_n8_clustered_s0,spiral,8,clustered,0,False,repeated,0.0,ok,0.0008243170000241662,6.665065899314434e-17,2.787791971842099,109.19297450401393,1.6918772671664419e-15,1.6918772671664419e-15,gauss96,0.0852208433325029,0.1428571428571428,2241,0.03966836701704566,0.01930769808236672,4097,,,,,,,,
spiral_n8_clustered_s0,spiral,8,clustered,0,False,natural,0.0,ok,0.0005149230000256466,8.331332374143042e-17,405.23244132281934,109.524957064725,1.2974992272130213e-15,1.2974992272130213e-15,gauss96,0.13444857883349126,0.1428571428571428,2241,0.03979684914411784,0.019374180711385167,4097,,,,,,,,
spiral_n8_clustered_s0,spiral,8,clustered,0,False,averaged,0.5,ok,0.0006280420000166487,6.870192676143943e-17,4.039864734231026,21.530986917597954,8.250234168078835e-15,8.250234168078835e-15,gauss96,0.254532743382127,0.17534002101096424,2208,0.030386947574584936,0.011492902023453577,4097,,,,,,,,
spiral_n8_clustered_s0,spiral,8,clustered,0,False,repeated,0.5,ok,0.0007589740000071288,6.665065899314434e-17,3.2624046325533316,17.578460822865953,1.0105303628686174e-15,1.0105303628686174e-15,gauss96,0.35350584263541984,0.060424476824166025,2272,0.03176921170343901,0.013088032122477023,4097,,,,,,,,
spiral_n8_clustered_s0,spiral,8,clustered,0,False,natural,0.5,ok,0.0005424249999919084,7.451770212691422e-17,2045.9339920317982,17.497077392855328,1.4213228411367942e-15,1.4213228411367942e-15,gauss96,0.5677128323870313,0.060424476824166025,2272,0.030972721246194185,0.012925911810771972,4097,,,,,,,,
spiral_n8_clustered_s0,spiral,8,clustered,0,False,averaged,1.0,ok,0.0007873200000290126,3.725885106345711e-17,11.071325944657131,16.215114656068067,6.572966804408616e-16,6.572966804408616e-16,gauss96,1.8796699929109648,0.1598945341879843,2208,0.008493986466297974,0.003010792393689042,4097,,,,,,,,
spiral_n8_clustered_s0,spiral,8,clustered,0,False,repeated,1.0,ok,0.0007498790000113331,1.3740385352287886e-16,6.13831251523474,16.11139472092799,6.615281433429875e-16,6.615281433429875e-16,gauss96,1.1577730607621026,0.022126956134726074,2272,0.02162510775805797,0.008065070051114757,4097,,,,,,,,
spiral_n8_clustered_s0,spiral,8,clustered,0,False,natural,1.0,ok,0.0005620520000206852,8.331332374143042e-17,20315.67938166325,15.938600784418405,1.0030498768895303e-15,1.0030498768895303e-15,gauss96,1.8789628754790335,0.022126956134726074,2272,0.017330801326909968,0.006601354624544297,4097,,,,,,,,
spiral_n8_clustered_s1,spiral,8,clustered,1,False,averaged,0.0,ok,0.0006750489999944875,1.3800584593883885e-16,4.211952386268619,379.3580160060558,6.068040326406706e-09,6.068040326406706e-09,gauss96,0.20254673886015398,0.1428571428571428,2189,0.08764542819231291,0.045451045634422454,4097,,,,,,,,
spiral_n8_clustered_s1,spiral,8,clustered,1,False,repeated,0.0,ok,0.0007546589999947173,7.112658496981884e-17,2.787791971842099,158.8155256425663,5.905697238406196e-15,5.905697238406196e-15,gauss96,0.16880516676485974,0.1428571428571428,2241,0.08677034758366975,0.04213548470992153,4097,,,,,,,,
spiral_n8_clustered_s1,spiral,8,clustered,1,False,natural,0.0,ok,0.0005662990000132595,1.4225316993963769e-16,405.23244132281934,167.355505089394,5.434507226321093e-15,5.434507226321093e-15,gauss96,0.22791735930721255,0.1428571428571428,2241,0.08682026016861066,0.04211857716582804,4097,,,,,,,,
spiral_n8_clustered_s1,spiral,8,clustered,1,False,averaged,0.5,ok,0.0007015440000373019,3.476995939784061e-17,5.164659018342229,22.37719576829552,1.4288842730913829e-15,1.4288842730913829e-15,gauss96,0.5796231548828886,0.13710708238357006,2208,0.0718940551215208,0.030056297225077196,4097,,,,,,,,
spiral_n8_clustered_s1,spiral,8,clustered,1,False,repeated,0.5,ok,0.0007191169999600788,8.62536537117743e-17,3.4956136731912895,24.222744968346323,1.6133535038194095e-15,1.6133535038194095e-15,gauss96,0.36641618703339296,0.05643643191702921,2272,0.07537506450339514,0.03309763195450978,4097,,,,,,,,
spiral_n8_clustered_s1,spiral,8,clustered,1,False,natural,0.5,ok,0.0006224339999789663,1.4739030807214416e-16,2683.135188340674,24.297440825684554,1.9008289043998646e-15,1.9008289043998646e-15,gauss96,0.581802433959665,0.05643643191702921,2272,0.0756188402696328,0.03286399830136371,4097,,,,,,,,
spiral_n8_clustered_s1,spiral,8,clustered,1,False,averaged,1.0,ok,0.0007210750000012922,6.900292296941943e-17,26.45834665731574,16.000974880714036,4.4406215312325555e-16,4.4406215312325555e-16,gauss96,1.88409380094293,0.05695743409484102,2208,0.025091319090686307,0.009594269840504098,4097,,,,,,,,
spiral_n8_clustered_s1,spiral,8,clustered,1,False,repeated,1.0,ok,0.0007055359999981192,3.857380660145087e-17,7.370473890056191,16.62083719831558,1.2825035116139203e-15,1.2825035116139203e-15,gauss96,1.1741463652490494,0.017657792142034917,2272,0.04169800741886261,0.017279683674998974,4097,,,,,,,,
spiral_n8_clustered_s1,spiral,8,clustered,1,False,natural,1.0,ok,0.0005599959999926796,8.62536537117743e-17,49337.32018342253,16.468453813778755,1.0786421478827696e-15,1.0786421478827696e-15,gauss96,1.8234382498082549,0.017657792142034917,2272,0.043215847552472784,0.01728266899359635,4097,,,,,,,,
spiral_n8_clustered_s2,spiral,8,clustered,2,False,averaged,0.0,ok,0.0006722699999954784,3.0883565513035e-17,4.211952386268619,71.34842982067704,0.0,0.0,gauss96,0.14814183623415023,0.1428571428571428,2189,0.05060103926319619,0.02093603927630531,4097,,,,,,,,
spiral_n8_clustered_s2,spiral,8,clustered,2,False,repeated,0.0,ok,0.0007093240000131118,6.905775187471444e-17,2.787791971842099,54.350094920884146,6.536720283510237e-16,6.536720283510237e-16,gauss96,0.1440130989372174,0.1428571428571428,2241,0.06670931251104065,0.02334452419386421,4097,,,,,,,,
spiral_n8_clustered_s2,spiral,8,clustered,2,False,natural,0.0,ok,0.0005865890000222862,1.2353426205214e-16,405.23244132281934,59.867196386412544,3.560594676125663e-16,3.560594676125663e-16,gauss96,0.14995993528070042,0.1428571428571428,2241,0.06225143581530505,0.02341862337068882,4097,,,,,,,,
spiral_n8_clustered_s2,spiral,8,clustered,2,False,averaged,0.5,ok,0.0006828450000284647,6.176713102607e-17,9.133420326661353,18.449528643543847,1.9256392656100314e-16,1.9256392656100314e-16,gauss96,0.42755896867307436,0.07077449544848582,2208,0.06295907532213652,0.024654956233734756,4097,,,,,,,,
spiral_n8_clustered_s2,spiral,8,clustered,2,False,repeated,0.5,ok,0.0008414459999812607,6.176713102607e-17,3.632576372285244,17.602269953453174,1.0091635022628254e-15,1.0091635022628254e-15,gauss96,0.4148209246278965,0.05055741082405871,2272,0.05910700763852067,0.021989475860162075,4097,,,,,,,,
spiral_n8_clustered_s2,spiral,8,clustered,2,False,natural,0.5,ok,0.0005244029999857958,1.54417827565175e-16,1352.7501762054846,17.649373185247057,1.0064702132793533e-15,1.0064702132793533e-15,gauss96,0.4194350173717647,0.05055741082405871,2272,0.05442718122879702,0.021318489596553296,4097,,,,,,,,
spiral_n8_clustered_s2,spiral,8,clustered,2,False,averaged,1.0,ok,0.0006750139999667226,8.73519144059442e-17,87.30154420988886,18.67327286661043,3.805132291675647e-16,3.805132291675647e-16,gauss96,1.722494301599211,0.02869224333567788,2208,0.07023076159826451,0.02712827174920792,4097,,,,,,,,
spiral_n8_clustered_s2,spiral,8,clustered,2,False,repeated,1.0,ok,0.000838453000028494,6.905775187471444e-17,8.212134099512403,16.408581047103656,1.0825779720384794e-15,1.0825779720384794e-15,gauss96,1.1267018598554162,0.013328170728468487,2272,0.05259599434086418,0.02029382006826674,4097,,,,,,,,
spiral_n8_clustered_s2,spiral,8,clustered,2,False,natural,1.0,ok,0.0006569490000174483,1.54417827565175e-16,13342.135221404382,16.633222175569053,8.543657125000691e-16,8.543657125000691e-16,gauss96,1.5500521246974615,0.013328170728468487,2272,0.047749476110625265,0.018618791079700676,4097,,,,,,,,
spiral_n8_clustered_s3,spiral,8,clustered,3,False,averaged,0.0,ok,0.0006595920000336264,6.19225355657973e-17,4.211952386268619,31.42967080693906,3.3911080716914134e-16,3.3911080716914134e-16,gauss96,0.34801088692564186,0.1428571428571428,2189,0.17576759047995283,0.06400174511077866,4097,,,,,,,,
spiral_n8_clustered_s3,spiral,8,clustered,3,False,repeated,0.0,ok,0.000698637000027702,6.19225355657973e-17,2.787791971842099,53.36046882976972,7.989540774390904e-16,7.989540774390904e-16,gauss96,0.32284665943209806,0.1428571428571428,2241,0.2051151141419412,0.07687173306519626,4097,,,,,,,,
spiral_n8_clustered_s3,spiral,8,clustered,3,False,natural,0.0,ok,0.000992472000007183,1.583384969289338e-16,405.23244132281934,41.436636331041356,3.4295386820662977e-16,3.4295386820662977e-16,gauss96,0.32649362077583693,0.1428571428571428,2241,0.20301761065783844,0.07545412332859341,4097,,,,,,,,
spiral_n8_clustered_s3,spiral,8,clustered,3,False,averaged,0.5,ok,0.0009966559999838864,6.144436211195592e-17,11.069616519734925,19.16641241706638,7.4144573360783e-16,7.4144573360783e-16,gauss96,0.7361788091140108,0.08901218893167301,2208,0.10305000886191405,0.0387517074181733,4097,,,,,,,,
spiral_n8_clustered_s3,spiral,8,clustered,3,False,repeated,0.5,ok,0.0007063290000246525,6.8696885258223e-17,3.291939696598833,18.664826877616097,1.7130843655212267e-15,1.7130843655212267e-15,gauss96,0.7256136773451393,0.07816965571353524,2272,0.17725231271886036,0.07114401641202345,4097,,,,,,,,
spiral_n8_clustered_s3,spiral,8,clustered,3,False,natural,0.5,ok,0.0005311770000275828,8.689545023009162e-17,474.12040337236004,18.167917622799653,1.7599387983286822e-15,1.7599387983286822e-15,gauss96,0.7263073810652043,0.07816965571353524,2272,0.17327662430841356,0.06911557937318187,4097,,,,,,,,
spiral_n8_clustered_s3,spiral,8,clustered,3,False,averaged,1.0,ok,0.0006585149999978057,6.144436211195592e-17,65.23212359046452,16.54161014542534,2.1477435676254407e-16,2.1477435676254407e-16,gauss96,1.675060107575091,0.046280236937863484,2208,0.017904829931033,0.006966688449870584,4097,,,,,,,,
spiral_n8_clustered_s3,spiral,8,clustered,3,False,repeated,1.0,ok,0.0006757589999892843,8.689545023009162e-17,5.804167980880151,15.13825366224532,1.4081070741974443e-15,1.4081070741974443e-15,gauss96,1.1636763814335234,0.03527829879464828,2272,0.12544678497855244,0.054475681470404165,4097,,,,,,,,
spiral_n8_clustered_s3,spiral,8,clustered,3,False,natural,1.0,ok,0.0005802520000202094,9.216654316793387e-17,1172.4955666324222,15.100588132016203,8.234446080572308e-16,8.234446080572308e-16,gauss96,1.3819786444531716,0.03527829879464828,2272,0.11923683782789603,0.05054565420447931,4097,,,,,,,,
spiral_n8_clustered_s4,spiral,8,clustered,4,False,averaged,0.0,ok,0.0006630209999798353,6.93969807599127e-17,4.211952386268619,70.68766549781493,1.554410458502298e-08,1.554410458502298e-08,gauss96,0.18831680982449597,0.1428571428571428,2189,0.12626950154426628,0.055646739379264044,4097,,,,,,,,
spiral_n8_clustered_s4,spiral,8,clustered,4,False,repeated,0.0,ok,0.0007015380000439109,6.93969807599127e-17,2.787791971842099,106.0164222411027,1.340439001316575e-15,1.340439001316575e-15,gauss96,0.21743734894316996,0.1428571428571428,2241,0.11757350502551964,0.04467354429890139,4097,,,,,,,,
spiral_n8_clustered_s4,spiral,8,clustered,4,False,natural,0.0,ok,0.0007381409999993593,1.887801974402467e-16,405.23244132281934,92.61420283929405,1.074089933905998e-15,1.074089933905998e-15,gauss96,0.20669689281476017,0.1428571428571428,2241,0.12304309780086815,0.04691287909549481,4097,,,,,,,,
spiral_n8_clustered_s4,spiral,8,clustered,4,False,averaged,0.5,ok,0.000676616000021113,6.207054656496392e-17,8.688833444425258,22.955616731956155,3.3839249667745027e-12,3.3839249667745027e-12,gauss96,0.7452613605876114,0.08449981991787614,2208,0.08852041616658415,0.03769072165247784,4097,,,,,,,,
spiral_n8_clustered_s4,spiral,8,clustered,4,False,repeated,0.5,ok,0.00075778400002946,6.207054656496392e-17,3.3887779452813174,21.415262436159885,3.1520304781898194e-15,3.1520304781898194e-15,gauss96,0.712727885341894,0.07916483874149804,2272,0.08536099962357702,0.034005935151731996,4097,,,,,,,,
spiral_n8_clustered_s4,spiral,8,clustered,4,False,natural,0.5,ok,0.0006602199999861114,8.778100877608271e-17,339.84528967767625,22.427808784207034,2.059286231159985e-15,2.059286231159985e-15,gauss96,0.7066387737438048,0.07916483874149804,2272,0.09334973686549959,0.0369721389951843,4097,,,,,,,,
spiral_n8_clustered_s4,spiral,8,clustered,4,False,averaged,1.0,ok,0.0009085730000037984,6.207054656496392e-17,33.701726585625764,17.327678563171403,8.201245575622599e-16,8.201245575622599e-16,gauss96,1.5160288330505436,0.04359937440422046,2208,0.05185030452027341,0.020794145549736746,4097,,,,,,,,
spiral_n8_clustered_s4,spiral,8,clustered,4,False,repeated,1.0,ok,0.0008044870000389892,6.207054656496392e-17,6.005030976373307,16.315395374153763,2.6130267252452198e-15,2.6130267252452198e-15,gauss96,1.1604651680362505,0.037981522882045704,2272,0.04692153267512818,0.022356020184874693,4097,,,,,,,,
spiral_n8_clustered_s4,spiral,8,clustered,4,False,natural,1.0,ok,0.0005494740000244747,6.93969807599127e-17,475.05773870564116,17.219428376851166,3.094801059345765e-15,3.094801059345765e-15,gauss96,1.3479289714499658,0.037981522882045704,2272,0.057318967284145435,0.025734188617996465,4097,,,,,,,,
spiral_n8_clustered_s5,spiral,8,clustered,5,False,averaged,0.0,ok,0.0006702669999754107,3.148873153870965e-17,4.211952386268619,186.65927960564346,7.3538092315418985e-09,0.0014552456964762896,adaptive,0.3632325717938779,0.1428571428571428,2189,0.1036454771609277,0.03313999692655877,4097,,,,,,,,
spiral_n8_clustered_s5,spiral,8,clustered,5,False,repeated,0.0,ok,0.0007298449999666445,6.29774630774193e-17,2.787791971842099,55.79461396659746,8.914479009207526e-16,8.914479009207526e-16,gauss96,0.3501962564568621,0.1428571428571428,2241,0.06586609537517882,0.026335012766399588,4097,,,,,,,,
spiral_n8_clustered_s5,spiral,8,clustered,5,False,natural,0.0,ok,0.0006303440000010596,1.9298893565501263e-16,405.23244132281934,63.14392271921438,1.4628574163750066e-15,1.4628574163750066e-15,gauss96,0.3654862823836373,0.1428571428571428,2241,0.06625336595851879,0.027001604775008976,4097,,,,,,,,
spiral_n8_clustered_s5,spiral,8,clustered,5,False,averaged,0.5,ok,0.000967091999996228,8.906358240793723e-17,4.863776383538973,46.84359240716557,1.193753733024241e-13,1.193753733024241e-13,gauss96,0.8932329911356887,0.12063841024475441,2208,0.03674217778488388,0.018358580998900326,4097,,,,,,,,
spiral_n8_clustered_s5,spiral,8,clustered,5,False,repeated,0.5,ok,0.0010707520000323711,6.29774630774193e-17,3.1858916516798006,21.465205311077934,1.6551035162784993e-15,1.6551035162784993e-15,gauss96,0.6738979822537089,0.0844508934365843,2272,0.03997784395886577,0.017393398639907274,4097,,,,,,,,
spiral_n8_clustered_s5,spiral,8,clustered,5,False,natural,0.5,ok,0.0006975130000341778,1.9153847633028287e-16,816.8573440170373,23.157142521980454,1.2273409555357055e-15,1.2273409555357055e-15,gauss96,0.8746210853593929,0.0844508934365843,2272,0.04021838286416065,0.018468882243596732,4097,,,,,,,,
spiral_n8_clustered_s5,spiral,8,clustered,5,False,averaged,1.0,ok,0.0008397990000048594,6.491568307540901e-17,10.181204338254714,18.11199096317387,5.884577271528085e-16,5.884577271528085e-16,gauss96,1.6636032928332893,0.09877317359718274,2208,0.022960155788103932,0.008829287040966558,4097,,,,,,,,
spiral_n8_clustered_s5,spiral,8,clustered,5,False,repeated,1.0,ok,0.0008155689999966853,6.310034604905242e-17,4.846039260536554,16.081366914382222,8.836845021235512e-16,8.836845021235512e-16,gauss96,1.1301599154256154,0.04351917625300228,2272,0.015034455394751475,0.00608096307100358,4097,,,,,,,,
spiral_n8_clustered_s5,spiral,8,clustered,5,False,natural,1.0,ok,0.0005242529999804901,6.34675674580137e-17,2620.286477488748,16.778474744380187,1.4821964529244933e-15,1.4821964529244933e-15,gauss96,1.6568790717361648,0.04351917625300228,2272,0.018705254661093226,0.008216226155857716,4097,,,,,,,,
spiral_n8_clustered_s6,spiral,8,clustered,6,False,averaged,0.0,ok,0.0006481670000084705,6.71425734946958e-17,4.211952386268619,1540.7580196803428,9.484236463979663e-09,1.729402455175657e-05,adaptive,0.1000635278227603,0.1428571428571428,2189,0.07749925361834893,0.04017487707036221,4097,,,,,,,,
spiral_n8_clustered_s6,spiral,8,clustered,6,False,repeated,0.0,ok,0.0008076130000063131,7.448799738514927e-17,2.787791971842099,773.7202247538359,3.4935197484922276e-11,3.4935197484922276e-11,gauss96,0.11692327088619463,0.1428571428571428,2241,0.07647441508467327,0.03705640936032435,4097,,,,,,,,
spiral_n8_clustered_s6,spiral,8,clustered,6,False,natural,0.0,ok,0.0005622940000193921,1.342851469893916e-16,405.23244132281934,850.9642378266856,1.3448609248814655e-11,1.3448609248814655e-11,gauss96,0.10757042986492069,0.1428571428571428,2241,0.07655141228459338,0.03705630449548802,4097,,,,,,,,
spiral_n8_clustered_s6,spiral,8,clustered,6,False,averaged,0.5,ok,0.0008511920000273676,6.662409026440813e-17,5.799190592507465,21.49637302488391,1.4874333950286102e-15,1.4874333950286102e-15,gauss96,0.48614922724777404,0.1380683573374357,2208,0.051536577545034386,0.022199458649844385,4097,,,,,,,,
spiral_n8_clustered_s6,spiral,8,clustered,6,False,repeated,0.5,ok,0.0007151469999939764,6.662409026440813e-17,3.69800553627054,20.861219200943523,1.873325335895899e-15,1.873325335895899e-15,gauss96,0.4043456029667568,0.055348011169258006,2272,0.06101903158681873,0.02709136344853468,4097,,,,,,,,
spiral_n8_clustered_s6,spiral,8,clustered,6,False,natural,0.5,ok,0.0005428270000038538,1.3734908068541999e-16,2764.2284266921674,20.626902935655966,1.7223689324000395e-15,1.7223689324000395e-15,gauss96,0.46761178849883756,0.055348011169258006,2272,0.061305156976406344,0.026888640506625722,4097,,,,,,,,
spiral_n8_clustered_s6,spiral,8,clustered,6,False,averaged,1.0,ok,0.0006341019999922537,6.662409026440813e-17,39.22551005083016,16.44159518853473,6.482425162634936e-16,6.482425162634936e-16,gauss96,1.825784361671042,0.06010037233563567,2208,0.021247037539111176,0.007918231986807822,4097,,,,,,,,
spiral_n8_clustered_s6,spiral,8,clustered,6,False,repeated,1.0,ok,0.0006915090000347845,6.71425734946958e-17,9.425689873988414,16.958104021514835,1.2569967754507773e-15,1.2569967754507773e-15,gauss96,1.1383817159508716,0.016885752581698808,2272,0.03755939463935694,0.015353878739953619,4097,,,,,,,,
spiral_n8_clustered_s6,spiral,8,clustered,6,False,natural,1.0,ok,0.0005279760000007627,1.4230911918686907e-16,58018.04373248249,16.78984941731624,1.2695934039061972e-15,1.2695934039061972e-15,gauss96,1.7907855325779618,0.016885752581698808,2272,0.03888148388623925,0.015377341975047264,4097,,,,,,,,
spiral_n8_clustered_s7,spiral,8,clustered,7,False,averaged,0.0,ok,0.0006499099999928148,7.1374815798189e-17,4.211952386268619,262.107708522854,3.1205881787233355e-11,3.2241835539177576e-06,adaptive,0.28902315284769575,0.1428571428571428,2189,0.08996992353105969,0.03389652202619784,4097,,,,,,,,
spiral_n8_clustered_s7,spiral,8,clustered,7,False,repeated,0.0,ok,0.0007367009999939,7.1374815798189e-17,2.787791971842099,46.603375952213476,4.57397809434674e-16,4.57397809434674e-16,gauss96,0.1715665167014461,0.1428571428571428,2241,0.08915659399903385,0.03264496552548561,4097,,,,,,,,
spiral_n8_clustered_s7,spiral,8,clustered,7,False,natural,0.0,ok,0.000571111999988716,1.915187280075318e-16,405.23244132281934,48.90708842345982,1.016989420276931e-15,1.016989420276931e-15,gauss96,0.27061574564103047,0.1428571428571428,2241,0.08930361951609302,0.032730550938577206,4097,,,,,,,,
spiral_n8_clustered_s7,spiral,8,clustered,7,False,averaged,0.5,ok,0.0006539049999787494,6.580432873824941e-17,4.088594139440712,18.047439552986084,7.874166678037556e-16,7.874166678037556e-16,gauss96,0.4187520346910051,0.17816318344777593,2208,0.049749942317515804,0.018354422837476944,4097,,,,,,,,
spiral_n8_clustered_s7,spiral,8,clustered,7,False,repeated,0.5,ok,0.0007010539999896537,6.38395760025106e-17,3.2073630589160618,18.925983834691092,1.3140133674857605e-15,1.3140133674857605e-15,gauss96,0.39803781301720015,0.06576105210000155,2272,0.059320247804579625,0.022230086951657426,4097,,,,,,,,
spiral_n8_clustered_s7,spiral,8,clustered,7,False,natural,0.5,ok,0.0005350760000055743,6.38395760025106e-17,1782.417722936044,18.755026834236688,1.5154182226239798e-15,1.5154182226239798e-15,gauss96,0.6366799407860683,0.06576105210000155,2272,0.0597072689088567,0.022360335715887587,4097,,,,,,,,
spiral_n8_clustered_s7,spiral,8,clustered,7,False,averaged,1.0,ok,0.0006040549999966061,3.2902164369124706e-17,10.21482073263358,16.934173474891992,8.39182067921543e-16,8.39182067921543e-16,gauss96,1.7858955278562818,0.14388845329935987,2208,0.012413786136375886,0.004349266097959822,4097,,,,,,,,
spiral_n8_clustered_s7,spiral,8,clustered,7,False,repeated,1.0,ok,0.0007001870000067356,6.38395760025106e-17,5.384483430963127,16.8645775552815,1.0533064546546834e-15,1.0533064546546834e-15,gauss96,1.1090002803377152,0.026244558957267024,2272,0.026212362990248858,0.010484728723775058,4097,,,,,,,,
spiral_n8_clustered_s7,spiral,8,clustered,7,False,natural,1.0,ok,0.0006798649999950612,7.1374815798189e-17,14284.673925470304,16.66493995782807,1.0659245361192179e-15,1.0659245361192179e-15,gauss96,1.7797985966348981,0.026244558957267024,2272,0.02727079203331565,0.010594798727729034,4097,,,,,,,,
spiral_n8_clustered_s8,spiral,8,clustered,8,False,averaged,0.0,ok,0.0006660150000357135,1.3339694337143195e-16,4.211952386268619,190.0587863253636,5.204050322013795e-14,5.204050322013795e-14,gauss96,0.20172780481129893,0.1428571428571428,2189,0.09307172208818035,0.034594447625261884,4097,,,,,,,,
spiral_n8_clustered_s8,spiral,8,clustered,8,False,repeated,0.0,ok,0.0007210470000131863,7.457115834230295e-17,2.787791971842099,188.85145031252088,6.682098001480226e-14,6.682098001480226e-14,gauss96,0.1891599636048899,0.1428571428571428,2241,0.03889197260973111,0.017252988261894055,4097,,,,,,,,
spiral_n8_clustered_s8,spiral,8,clustered,8,False,natural,0.0,ok,0.0005636180000010427,1.3339694337143195e-16,405.23244132281934,192.56017703203082,6.641959641299213e-14,6.641959641299213e-14,gauss96,0.19653789363420654,0.1428571428571428,2241,0.049399385095596104,0.01982047553842858,4097,,,,,,,,
spiral_n8_clustered_s8,spiral,8,clustered,8,False,averaged,0.5,ok,0.0006666370000516508,1.20242379828966e-16,7.688997252474144,21.285200978981702,6.676401472194067e-16,6.676401472194067e-16,gauss96,0.5378085092457958,0.07279084119367574,2208,0.08215282874018094,0.030932400466018424,4097,,,,,,,,
spiral_n8_clustered_s8,spiral,8,clustered,8,False,repeated,0.5,ok,0.000704472000052192,3.334923584285799e-17,3.4925746864561207,20.82417248504485,1.0236316515391701e-15,1.0236316515391701e-15,gauss96,0.4568065308925148,0.05639939850120691,2272,0.03132030908982428,0.014841352991831794,4097,,,,,,,,
spiral_n8_clustered_s8,spiral,8,clustered,8,False,natural,0.5,ok,0.0006656639999960134,1.491423166846059e-16,1957.4493445022963,21.14197837526646,1.1762851758800965e-15,1.1762851758800965e-15,gauss96,0.5325961226886429,0.05639939850120691,2272,0.03214356988386234,0.016428015795706227,4097,,,,,,,,
spiral_n8_clustered_s8,spiral,8,clustered,8,False,averaged,1.0,ok,0.0006612870000139992,6.669847168571598e-17,54.050585828411805,17.952892598209516,9.894543899724608e-16,9.894543899724608e-16,gauss96,1.859553090578529,0.028869454322476756,2208,0.050662422500824436,0.018321604317729723,4097,,,,,,,,
spiral_n8_clustered_s8,spiral,8,clustered,8,False,repeated,1.0,ok,0.000845142000002852,6.669847168571598e-17,7.219303604385138,15.546578127838549,1.3711237223728938e-15,1.3711237223728938e-15,gauss96,1.196389569639263,0.016610765951210773,2272,0.0304960381185077,0.011525246626954372,4097,,,,,,,,
spiral_n8_clustered_s8,spiral,8,clustered,8,False,natural,1.0,ok,0.0005855379999957222,1.2139305082976936e-16,28132.93702635984,15.763959961691528,1.0141621517342887e-15,1.0141621517342887e-15,gauss96,1.7715581259138884,0.016610765951210773,2272,0.026560113292721975,0.011270474447878995,4097,,,,,,,,
spiral_n8_clustered_s9,spiral,8,clustered,9,False,averaged,0.0,ok,0.0006673930000147266,6.498069644897799e-17,4.211952386268619,28.02126798827568,1.2678632816641217e-16,1.2678632816641217e-16,gauss96,0.4868315804456064,0.1428571428571428,2189,0.041762417318307765,0.017135762788265705,4097,,,,,,,,
spiral_n8_clustered_s9,spiral,8,clustered,9,False,repeated,0.0,ok,0.0008933949999914148,7.2650627242597e-17,2.787791971842099,22.726951116891044,1.5632161395199488e-16,1.5632161395199488e-16,gauss96,0.4509409640746672,0.1428571428571428,2241,0.03052095280325199,0.012318441127115427,4097,,,,,,,,
spiral_n8_clustered_s9,spiral,8,clustered,9,False,natural,0.0,ok,0.0007526800000050571,1.3097278085890222e-16,405.23244132281934,21.58440265481216,1.6459634003391968e-16,1.6459634003391968e-16,gauss96,0.48029518071950666,0.1428571428571428,2241,0.030431321488364645,0.011968926317235262,4097,,,,,,,,
spiral_n8_clustered_s9,spiral,8,clustered,9,False,averaged,0.5,ok,0.0007233549999909883,7.2650627242597e-17,5.902923955102797,17.163539003034494,2.069919075647735e-16,2.069919075647735e-16,gauss96,0.9526611879766389,0.10339478923719025,2208,0.01649720208673745,0.007899123906476156,4097,,,,,,,,
spiral_n8_clustered_s9,spiral,8,clustered,9,False,repeated,0.5,ok,0.0007504090000338692,6.498069644897799e-17,3.1439277335346754,14.219584318041107,1.1243093466746752e-15,1.1243093466746752e-15,gauss96,0.9261237090774367,0.08332121549938665,2272,0.02807852980518411,0.010538347454896969,4097,,,,,,,,
spiral_n8_clustered_s9,spiral,8,clustered,9,False,natural,0.5,ok,0.0005609510000113005,1.45301254485194e-16,483.4462573449858,14.550875581379643,1.0987113088273981e-15,1.0987113088273981e-15,gauss96,0.9411461519694614,0.08332121549938665,2272,0.025888144440256756,0.009927877981237822,4097,,,,,,,,
spiral_n8_clustered_s9,spiral,8,clustered,9,False,averaged,1.0,ok,0.0008590150000031826,6.498069644897799e-17,11.751101561491,15.053309772190813,7.080264206142321e-16,7.080264206142321e-16,gauss96,1.7447627220627557,0.07202303812251798,2208,0.013562605075751036,0.00499416799451728,4097,,,,,,,,
spiral_n8_clustered_s9,spiral,8,clustered,9,False,repeated,1.0,ok,0.0009162939999782793,7.2650627242597e-17,4.546008633604824,13.617046097192388,1.0436077408985234e-15,1.0436077408985234e-15,gauss96,1.224661338084839,0.044829216019705465,2272,0.034548561085259846,0.01133636518689169,4097,,,,,,,,
spiral_n8_clustered_s9,spiral,8,clustered,9,False,natural,1.0,ok,0.000846608000017568,1.2996139289795599e-16,769.8489452774168,13.96483501923495,1.5264256286194777e-15,1.5264256286194777e-15,gauss96,1.6397781659019548,0.044829216019705465,2272,0.03259602181686928,0.010694321016325855,4097,,,,,,,,
spiral_n16_uniform_s0,spiral,16,uniform,0,False,averaged,0.0,ok,0.0006986800000277071,6.770208795971381e-17,3.8959052280337874,17.75960434202917,2.0004464121944376e-16,2.0004464121944376e-16,gauss96,0.9038054839979878,0.06666666666666654,2442,0.0006757424958858829,0.00021913950374614563,4097,,,,,,,,
spiral_n16_uniform_s0,spiral,16,uniform,0,False,repeated,0.0,ok,0.0007321980000369877,1.2112395965009703e-16,2.9434425762481964,16.65562073065941,0.0,0.0,gauss96,0.6003205323883655,0.06666666666666665,2497,0.003655160092695485,0.0008298324682876867,4097,,,,,,,,
spiral_n16_uniform_s0,spiral,16,uniform,0,False,natural,0.0,ok,0.0005515500000115026,1.3144550423070947e-16,1837.459442220874,16.618498186401734,2.137806701274335e-16,2.137806701274335e-16,gauss96,0.9469157513057691,0.06666666666666665,2497,0.003233275943214659,0.0006560579856981789,4097,,,,,,,,
spiral_n16_uniform_s0,spiral,16,uniform,0,False,averaged,0.5,ok,0.0007594020000283308,6.770208795971381e-17,3.9925371405361623,17.709008131851483,2.0061618653901784e-16,2.0061618653901784e-16,gauss96,1.2811966706903573,0.05470687392751199,2464,0.0005700397113048501,0.00020174913587938078,4097,,,,,,,,
spiral_n16_uniform_s0,spiral,16,uniform,0,False,repeated,0.5,ok,0.0007152420000124948,6.770208795971381e-17,2.9493392948449726,16.662090874119745,2.1322136013066188e-16,2.1322136013066188e-16,gauss96,0.8262773715653298,0.04899197398685318,2528,0.0035328378135550042,0.0008334811851253483,4097,,,,,,,,
spiral_n16_uniform_s0,spiral,16,uniform,0,False,natural,0.5,ok,0.0005512409999823831,1.8166376507590816e-16,3383.210827160999,16.604577837387513,0.0,0.0,gauss96,1.304302089633199,0.04899197398685318,2528,0.0031001392029659227,0.0006568589017009768,4097,,,,,,,,
spiral_n16_uniform_s0,spiral,16,uniform,0,False,averaged,1.0,ok,0.0010012800000254174,6.055458835863605e-17,4.114078093918157,17.607410048223855,2.0177377985008535e-16,2.0177377985008535e-16,gauss96,1.8219101425964466,0.043948463119983155,2464,0.0004864751815012581,0.00020420647394069622,4097,,,,,,,,
spiral_n16_uniform_s0,spiral,16,uniform,0,False,repeated,1.0,ok,0.0014961669999706828,1.218314309942113e-16,2.969030439897223,16.68385099243521,2.1294326354337329e-16,2.1294326354337329e-16,gauss96,1.1622542454380733,0.03518611071037373,2528,0.003420629448141097,0.0008419922250880745,4097,,,,,,,,
spiral_n16_uniform_s0,spiral,16,uniform,0,False,natural,1.0,ok,0.0006416350000222337,1.253088882002866e-16,6527.174276972333,16.5979590182611,0.0,0.0,gauss96,1.8051369505454486,0.03518611071037373,2528,0.0029763535648612708,0.0006630372975311778,4097,,,,,,,,
spiral_n16_jittered_s0,spiral,16,jittered,0,False,averaged,0.0,ok,0.0007394339999677868,1.2564705400782358e-16,3.8959052280337874,564.6355326557632,1.1966590197514786e-09,1.2399869991461487e-05,adaptive,0.4184320506863547,0.06666666666666654,2442,0.011568184015527266,0.004073511821665866,4097,,,,,,,,
spiral_n16_jittered_s0,spiral,16,jittered,0,False,repeated,0.0,ok,0.0007275020000179211,6.094777355552275e-17,2.9434425762481964,40.22669158074759,2.1196157312628644e-15,2.1196157312628644e-15,gauss96,0.4112132374651452,0.06666666666666665,2497,0.011570235647974296,0.003753594381090109,4097,,,,,,,,
spiral_n16_jittered_s0,spiral,16,jittered,0,False,natural,0.0,ok,0.0006054709999716579,6.814168237370646e-17,1837.459442220874,40.66591775295212,1.9219952543167937e-15,1.9219952543167937e-15,gauss96,0.40829798108863313,0.06666666666666665,2497,0.011569428949555701,0.003755154263276169,4097,,,,,,,,
spiral_n16_jittered_s0,spiral,16,jittered,0,False,averaged,0.5,ok,0.0006885010000132752,8.619316795866456e-17,4.350017560214568,51.17118088069202,1.4718739863787185e-14,1.4718739863787185e-14,gauss96,0.6320295069617204,0.05812681362416572,2464,0.004476481715828887,0.0017044283147665765,4097,,,,,,,,
spiral_n16_jittered_s0,spiral,16,jittered,0,False,repeated,0.5,ok,0.0007136400000149479,8.619316795866456e-17,3.215715062002165,18.577482873715027,0.0,0.0,gauss96,0.7802620031947942,0.044022888238424485,2528,0.006221479986108927,0.0019410424057715572,4097,,,,,,,,
spiral_n16_jittered_s0,spiral,16,jittered,0,False,natural,0.5,ok,0.0005408190000366631,6.814168237370646e-17,3150.859738170303,18.43270607057227,0.0,0.0,gauss96,0.9892793338718237,0.044022888238424485,2528,0.006219415650240558,0.0019317243385519722,4097,,,,,,,,
spiral_n16_jittered_s0,spiral,16,jittered,0,False,averaged,1.0,ok,0.0007530800000381532,8.619316795866456e-17,6.528368074545598,17.43072549791956,2.0381903663301532e-16,2.0381903663301532e-16,gauss96,1.8116900588495637,0.04717788852942573,2464,0.0008852109491121084,0.0002815129860290188,4097,,,,,,,,
spiral_n16_jittered_s0,spiral,16,jittered,0,False,repeated,1.0,ok,0.0006986010000105125,6.142208244869484e-17,4.3110919914666646,16.682928351749975,2.1295504025993343e-16,2.1295504025993343e-16,gauss96,1.137514365560545,0.026885474556060496,2528,0.0017589347562901117,0.0006375592229561031,4097,,,,,,,,
spiral_n16_jittered_s0,spiral,16,jittered,0,False,natural,1.0,ok,0.000535328000012214,6.094777355552275e-17,7496.597129861029,16.590765662044053,2.1413801817045202e-16,2.1413801817045202e-16,gauss96,1.8030428809662924,0.026885474556060496,2528,0.001751157913079359,0.0005718196095975067,4097,,,,,,,,
spiral_n16_jittered_s1,spiral,16,jittered,1,False,averaged,0.0,ok,0.0007658650000053058,6.018009183090472e-17,3.8959052280337874,187.92915557110567,1.0889013324038579e-14,1.0889013324038579e-14,gauss96,0.23162314163132502,0.06666666666666654,2442,0.007072664838953802,0.0030046109415079124,4097,,,,,,,,
spiral_n16_jittered_s1,spiral,16,jittered,1,False,repeated,0.0,ok,0.000763132000031419,8.510750205212376e-17,2.9434425762481964,105.57617105905325,6.057128760867801e-15,6.057128760867801e-15,gauss96,0.23189905039761546,0.06666666666666665,2497,0.007020781175138913,0.002668059026649003,4097,,,,,,,,
spiral_n16_jittered_s1,spiral,16,jittered,1,False,natural,0.0,ok,0.0005907489999685822,1.2406443758909533e-16,1837.459442220874,105.08859054987121,5.1386404209256756e-15,5.1386404209256756e-15,gauss96,0.2319949090588475,0.06666666666666665,2497,0.007109417146559581,0.0027131917650995833,4097,,,,,,,,
spiral_n16_jittered_s1,spiral,16,jittered,1,False,averaged,0.5,ok,0.0008159829999954127,1.2129685291425745e-16,4.281465957338624,25.365877634905697,1.1204701780668222e-15,1.1204701780668222e-15,gauss96,0.8832941310203002,0.05408925087925505,2464,0.005108158412069989,0.0018339154515585774,4097,,,,,,,,
spiral_n16_jittered_s1,spiral,16,jittered,1,False,repeated,0.5,ok,0.0007808059999661054,6.728338811304136e-17,3.1912378710243443,19.496705819022146,1.8222122812840833e-16,1.8222122812840833e-16,gauss96,0.8043477331712512,0.03630757935626014,2528,0.004598382711137538,0.0016377361806551236,4097,,,,,,,,
spiral_n16_jittered_s1,spiral,16,jittered,1,False,natural,0.5,ok,0.0005496539999967354,8.510750205212376e-17,2920.003285760921,19.64070932942211,0.0,0.0,gauss96,0.8416804924706749,0.03630757935626014,2528,0.004565691742508512,0.0016498579146044913,4097,,,,,,,,
spiral_n16_jittered_s1,spiral,16,jittered,1,False,averaged,1.0,ok,0.0006867700000157129,1.2129685291425745e-16,6.6638018358211655,17.76316263812619,0.0,0.0,gauss96,1.8022220950496939,0.04469200016070786,2464,0.0004697642835762438,0.00020807789377636114,4097,,,,,,,,
spiral_n16_jittered_s1,spiral,16,jittered,1,False,repeated,1.0,ok,0.0007583639999779734,1.2036018366180943e-16,4.562809336787438,16.738178415332833,4.245042191145573e-16,4.245042191145573e-16,gauss96,1.1421930363756796,0.019044705287882546,2528,0.0019041683836325438,0.0005932413575720787,4097,,,,,,,,
spiral_n16_jittered_s1,spiral,16,jittered,1,False,natural,1.0,ok,0.0005895649999843044,1.2406443758909533e-16,6501.855712754335,16.680243437728976,0.0,0.0,gauss96,1.7885088748093836,0.019044705287882546,2528,0.0016997075261774252,0.0004110448430415408,4097,,,,,,,,
spiral_n16_jittered_s2,spiral,16,jittered,2,False,averaged,0.0,ok,0.0008085700000037832,6.063301253476355e-17,3.8959052280337874,8881.616261062936,1.968433458827362e-09,0.02128101297663772,adaptive,0.08993488924671106,0.06666666666666654,2442,0.02564434561640689,0.008163423674712985,4097,,,,,,,,
spiral_n16_jittered_s2,spiral,16,jittered,2,False,repeated,0.0,ok,0.0007157670000310645,1.2197174989313658e-16,2.9434425762481964,9401.751154482385,8.51300378912335e-09,0.03744751341213038,adaptive,0.08710563038648571,0.06666666666666665,2497,0.025676900085360794,0.00817975005176405,4097,,,,,,,,
spiral_n16_jittered_s2,spiral,16,jittered,2,False,natural,0.0,ok,0.0005575079999857735,1.2798094959997944e-16,1837.459442220874,9101.401349867396,3.992132679644732e-09,0.03048449200484725,adaptive,0.08870211316919667,0.06666666666666665,2497,0.025658868198232786,0.008141025674381012,4097,,,,,,,,
spiral_n16_jittered_s2,spiral,16,jittered,2,False,averaged,0.5,ok,0.0008426950000171018,6.156948513342134e-17,6.428738108042771,31.496690618985912,7.895748811341058e-16,7.895748811341058e-16,gauss96,0.5968503312435706,0.03570900184690182,2464,0.023269710853178294,0.006872960725541892,4097,,,,,,,,
spiral_n16_jittered_s2,spiral,16,jittered,2,False,repeated,0.5,ok,0.000719813999978669,6.765775359965744e-17,4.07326230347502,41.05373008311,3.4615258312541306e-16,3.4615258312541306e-16,gauss96,0.5308374105350879,0.026416470606675152,2528,0.021311657153330183,0.006456587116194383,4097,,,,,,,,
spiral_n16_jittered_s2,spiral,16,jittered,2,False,natural,0.5,ok,0.0005463910000003125,8.558104109814939e-17,4350.929487299509,40.09059234131315,0.0,0.0,gauss96,0.5306289265778539,0.026416470606675152,2528,0.02126948364010872,0.006424416503435724,4097,,,,,,,,
spiral_n16_jittered_s2,spiral,16,jittered,2,False,averaged,1.0,ok,0.0007268779999662911,1.2197174989313658e-16,33.97865666092963,17.613468705107557,0.0,0.0,gauss96,1.798789336244668,0.017661330350503816,2464,0.0019396718748628673,0.0005342362800615833,4097,,,,,,,,
spiral_n16_jittered_s2,spiral,16,jittered,2,False,repeated,1.0,ok,0.0006808839999621341,6.765775359965744e-17,12.817776292954216,16.92785747641266,2.0987379435057657e-16,2.0987379435057657e-16,gauss96,1.1631163562541256,0.009340367653096537,2528,0.0035149750548690993,0.001246136910182502,4097,,,,,,,,
spiral_n16_jittered_s2,spiral,16,jittered,2,False,natural,1.0,ok,0.0005394379999756893,6.765775359965744e-17,29394.110006568422,16.850006131729824,4.216869300849066e-16,4.216869300849066e-16,gauss96,1.7883916243066629,0.009340367653096537,2528,0.0034440290299662044,0.0011670173953260393,4097,,,,,,,,
spiral_n16_jittered_s3,spiral,16,jittered,3,False,averaged,0.0,ok,0.0007208380000065517,7.676176819653024e-17,3.8959052280337874,19914.182351281415,6.861585892568254e-11,0.23319768779495648,adaptive,0.02981861123394712,0.06666666666666654,2442,0.33312543575019743,0.12788798513489166,4097,,,,,,,,
spiral_n16_jittered_s3,spiral,16,jittered,3,False,repeated,0.0,ok,0.0007028440000453884,7.077085345083218e-17,2.9434425762481964,282984.9227965588,2.6555199226779582e-11,0.8435740970705423,adaptive,0.01330145658790837,0.06666666666666665,2497,0.33312122220866835,0.12772531404382728,4097,,,,,,,,
spiral_n16_jittered_s3,spiral,16,jittered,3,False,natural,0.0,ok,0.0008751949999918907,1.4665315222251828e-16,1837.459442220874,151969.23355348085,7.012059674268756e-11,0.7464784789980714,adaptive,0.015586035524478629,0.06666666666666665,2497,0.33312494131947346,0.12772475697907126,4097,,,,,,,,
spiral_n16_jittered_s3,spiral,16,jittered,3,False,averaged,0.5,ok,0.0007894660000147269,7.077085345083218e-17,10.236675167726233,96.63437563879077,1.7470486346147658e-13,1.7470486346147658e-13,gauss96,0.3963361731157329,0.041546100938275266,2464,0.2916905682394852,0.11672833185973196,4097,,,,,,,,
spiral_n16_jittered_s3,spiral,16,jittered,3,False,repeated,0.5,ok,0.0008113260000186528,1.3758355859081897e-16,4.849267637450156,162.7617166109167,6.984863522506672e-16,6.984863522506672e-16,gauss96,0.3884539873143098,0.026502496234496548,2528,0.2953485808716431,0.11999644833671384,4097,,,,,,,,
spiral_n16_jittered_s3,spiral,16,jittered,3,False,natural,0.5,ok,0.0006253789999846049,1.4154170690166435e-16,4601.6550327925215,151.63148628376345,9.371968226050217e-16,9.371968226050217e-16,gauss96,0.4034584665961979,0.026502496234496548,2528,0.2953718316263748,0.12000408674768487,4097,,,,,,,,
spiral_n16_jittered_s3,spiral,16,jittered,3,False,averaged,1.0,ok,0.0007280359999981556,7.077085345083218e-17,137.56355654969562,16.65098375106335,4.2672718103801172e-16,4.2672718103801172e-16,gauss96,1.7293123903393084,0.01836489870552535,2464,0.09175694320043955,0.03670894293183303,4097,,,,,,,,
spiral_n16_jittered_s3,spiral,16,jittered,3,False,repeated,1.0,ok,0.0007394360000034794,7.077085345083218e-17,22.797933619826257,17.66425658656195,2.4134932560953995e-15,2.4134932560953995e-15,gauss96,1.093266032404714,0.007205488264875451,2528,0.1391321755226548,0.061130579714712426,4097,,,,,,,,
spiral_n16_jittered_s3,spiral,16,jittered,3,False,natural,1.0,ok,0.0005845940000313021,1.3731562540841844e-16,49633.16903711509,17.57693387524794,1.8191126698286835e-15,1.8191126698286835e-15,gauss96,1.6064087121105493,0.007205488264875451,2528,0.13926921960286207,0.06118417787751156,4097,,,,,,,,
spiral_n16_jittered_s4,spiral,16,jittered,4,False,averaged,0.0,ok,0.0007556630000067344,6.71978670816659e-17,3.8959052280337874,1577.2273646237209,3.437151097030332e-10,0.005552185724994075,adaptive,0.2671350686081933,0.06666666666666654,2442,0.035950019387421525,0.012654173269168298,4097,,,,,,,,
spiral_n16_jittered_s4,spiral,16,jittered,4,False,repeated,0.0,ok,0.0007349470000121983,6.71978670816659e-17,2.9434425762481964,321.59388771774553,7.07021134813333e-16,7.07021134813333e-16,gauss96,0.2183300688306433,0.06666666666666665,2497,0.036214598696873275,0.012188056414178325,4097,,,,,,,,
spiral_n16_jittered_s4,spiral,16,jittered,4,False,natural,0.0,ok,0.0005524439999931019,1.239067445989354e-16,1837.459442220874,337.16959608632965,1.0115399405037761e-15,1.0115399405037761e-15,gauss96,0.2682571814636918,0.06666666666666665,2497,0.03623724149582648,0.012210217510053308,4097,,,,,,,,
spiral_n16_jittered_s4,spiral,16,jittered,4,False,averaged,0.5,ok,0.0006962579999481022,6.19533722994677e-17,4.088570111868106,58.188551714995725,1.1356267251563123e-14,1.1356267251563123e-14,gauss96,0.5209704216491701,0.048415328213976816,2464,0.025593873708523982,0.0078098264681571794,4097,,,,,,,,
spiral_n16_jittered_s4,spiral,16,jittered,4,False,repeated,0.5,ok,0.0007310660000143798,6.010359949504015e-17,3.347088111771337,28.117552128964054,2.527043366012527e-16,2.527043366012527e-16,gauss96,0.531912689339394,0.036191104003973185,2528,0.025169252660369238,0.007999671470762809,4097,,,,,,,,
spiral_n16_jittered_s4,spiral,16,jittered,4,False,natural,0.5,ok,0.0005481210000084502,8.499932555332649e-17,6295.783766633261,27.905630277622766,2.546234321501339e-16,2.546234321501339e-16,gauss96,0.7608870857214622,0.036191104003973185,2528,0.025361715680791857,0.008025351750405252,4097,,,,,,,,
spiral_n16_jittered_s4,spiral,16,jittered,4,False,averaged,1.0,ok,0.0007538579999959438,1.2114267768238005e-16,9.233859398270148,17.712615691408004,0.0,0.0,gauss96,1.778429778231068,0.03188834030052312,2464,0.0016572052186908856,0.0005380132151286769,4097,,,,,,,,
spiral_n16_jittered_s4,spiral,16,jittered,4,False,repeated,1.0,ok,0.0007435579999537367,6.19533722994677e-17,5.505669090245339,17.509209265912908,4.0581086499628025e-16,4.0581086499628025e-16,gauss96,1.0977924099284802,0.017149592981194034,2528,0.003760437703877727,0.0012379581170748007,4097,,,,,,,,
spiral_n16_jittered_s4,spiral,16,jittered,4,False,natural,1.0,ok,0.000576310999974794,1.8031079848512042e-16,39027.97061094624,17.347586656726158,2.047958456182729e-16,2.047958456182729e-16,gauss96,1.7802600941818143,0.017149592981194034,2528,0.002946966801371306,0.0010709525255967111,4097,,,,,,,,
spiral_n16_jittered_s5,spiral,16,jittered,5,False,averaged,0.0,ok,0.0007270570000059706,6.023405119425422e-17,3.8959052280337874,521.0723640125055,4.5761470957784354e-11,8.873267253117727e-06,adaptive,0.2695877839718051,0.06666666666666654,2442,0.0657501489538775,0.01601119898850854,4097,,,,,,,,
spiral_n16_jittered_s5,spiral,16,jittered,5,False,repeated,0.0,ok,0.0008200560000091173,6.734371651527743e-17,2.9434425762481964,548.5945840094672,1.7929496499895473e-08,1.7929496499895473e-08,gauss96,0.27755667587259075,0.06666666666666665,2497,0.0377525002000924,0.01284706381567281,4097,,,,,,,,
spiral_n16_jittered_s5,spiral,16,jittered,5,False,natural,0.0,ok,0.000590332000001581,8.256474221250015e-17,1837.459442220874,534.5453103418756,6.280409509530371e-09,6.280409509530371e-09,gauss96,0.27894803829896814,0.06666666666666665,2497,0.03938332592387335,0.013350408707861606,4097,,,,,,,,
spiral_n16_jittered_s5,spiral,16,jittered,5,False,averaged,0.5,ok,0.0007313790000011977,6.070280574403595e-17,7.096612102627016,63.74234650217202,4.826697187459826e-14,4.826697187459826e-14,gauss96,0.6538795823509875,0.04400009360037156,2464,0.028555712171250122,0.00934925348682767,4097,,,,,,,,
spiral_n16_jittered_s5,spiral,16,jittered,5,False,repeated,0.5,ok,0.0007299270000089564,8.518381211558966e-17,3.6183347299248663,23.654649407909872,3.0038185031079007e-16,3.0038185031079007e-16,gauss96,0.5151411331532971,0.030701453444777475,2528,0.02465018180672365,0.007782600112487032,4097,,,,,,,,
spiral_n16_jittered_s5,spiral,16,jittered,5,False,natural,0.5,ok,0.0005641350000473722,8.518381211558966e-17,7401.2479438731025,24.351456042413673,7.294663761814964e-16,7.294663761814964e-16,gauss96,0.6570682823410161,0.030701453444777475,2528,0.027551798842551233,0.008522651565489623,4097,,,,,,,,
spiral_n16_jittered_s5,spiral,16,jittered,5,False,averaged,1.0,ok,0.0007091600000421749,6.208783883319295e-17,25.80972515326629,17.846745688321104,1.99067871579825e-16,1.99067871579825e-16,gauss96,1.741570413136894,0.025750141338834798,2464,0.0020516266190267413,0.0006701060006302274,4097,,,,,,,,
spiral_n16_jittered_s5,spiral,16,jittered,5,False,repeated,1.0,ok,0.0007083080000143127,1.241756776663859e-16,7.513593140506703,17.235758748969925,0.0,0.0,gauss96,1.1086882627659982,0.01178688535898249,2528,0.003775748664855796,0.0013589002117296927,4097,,,,,,,,
spiral_n16_jittered_s5,spiral,16,jittered,5,False,natural,1.0,ok,0.0005936169999927188,1.8167988041191198e-16,70440.51943591652,17.22041333795246,4.1261653934526583e-16,4.1261653934526583e-16,gauss96,1.7816202942015353,0.01178688535898249,2528,0.002361309463255335,0.0008703543012199953,4097,,,,,,,,
spiral_n16_jittered_s6,spiral,16,jittered,6,False,averaged,0.0,ok,0.0009123810000346566,6.285947979701932e-17,3.8959052280337874,6581.826520613526,1.289439220751509e-10,0.003542609166626228,adaptive,0.08987471363712399,0.06666666666666654,2442,0.0373100584532421,0.009692687635452384,4097,,,,,,,,
spiral_n16_jittered_s6,spiral,16,jittered,6,False,repeated,0.0,ok,0.0011618489999705162,6.818067865304984e-17,2.9434425762481964,8109.298101943229,3.4467808361881413e-10,0.02402717557142799,adaptive,0.08125241357767585,0.06666666666666665,2497,0.018349677567018635,0.007408620574640823,4097,,,,,,,,
spiral_n16_jittered_s6,spiral,16,jittered,6,False,natural,0.0,ok,0.0005693350000228747,1.30259003668864e-16,1837.459442220874,7500.837856749632,1.9024288695187362e-10,0.01662351381388256,adaptive,0.08474830808995945,0.06666666666666665,2497,0.018758402184598916,0.00771753751158552,4097,,,,,,,,
spiral_n16_jittered_s6,spiral,16,jittered,6,False,averaged,0.5,ok,0.0010277669999823047,8.624249478386346e-17,8.30320260502105,89.05879732102768,4.9625370534667177e-14,4.9625370534667177e-14,gauss96,0.5932270943464523,0.04846205698277589,2464,0.02200694157885094,0.00666458275319232,4097,,,,,,,,
spiral_n16_jittered_s6,spiral,16,jittered,6,False,repeated,0.5,ok,0.0008013949999963188,6.285947979701932e-17,3.9140875361861216,31.383725525590872,2.2640484004383435e-16,2.2640484004383435e-16,gauss96,0.5165912647358875,0.02521337468030105,2528,0.012000807367958555,0.0044576704649431495,4097,,,,,,,,
spiral_n16_jittered_s6,spiral,16,jittered,6,False,natural,0.5,ok,0.0005945929999597865,1.219653057762306e-16,2925.3326515818535,34.93976355198217,4.0672440997087996e-16,4.0672440997087996e-16,gauss96,0.5172383104279935,0.02521337468030105,2528,0.013889311508015664,0.004835065152361483,4097,,,,,,,,
spiral_n16_jittered_s6,spiral,16,jittered,6,False,averaged,1.0,ok,0.0007455279999817321,6.818067865304984e-17,30.89460257373307,18.00394208172352,0.0,0.0,gauss96,1.8145741850856567,0.0379152066164013,2464,0.0013211908843021349,0.00040549909724041876,4097,,,,,,,,
spiral_n16_jittered_s6,spiral,16,jittered,6,False,repeated,1.0,ok,0.00080589700002065,6.818067865304984e-17,10.349367572974483,16.235216722782315,2.188276103401257e-16,2.188276103401257e-16,gauss96,1.136797048865276,0.008762907046638485,2528,0.0030877546033969885,0.000980481013121859,4097,,,,,,,,
spiral_n16_jittered_s6,spiral,16,jittered,6,False,natural,1.0,ok,0.000588278000009268,6.285947979701932e-17,10524.004953281148,16.305010690980648,4.357818275784064e-16,4.357818275784064e-16,gauss96,1.7958432366868504,0.008762907046638485,2528,0.002756686569525608,0.000628865383247192,4097,,,,,,,,
spiral_n16_jittered_s7,spiral,16,jittered,7,False,averaged,0.0,ok,0.0007176050000339274,6.053213162685079e-17,3.8959052280337874,106.44618309776665,3.2040652209351403e-15,3.2040652209351403e-15,gauss96,0.5874963045346647,0.06666666666666654,2442,0.028791848427136033,0.00831563314726173,4097,,,,,,,,
spiral_n16_jittered_s7,spiral,16,jittered,7,False,repeated,0.0,ok,0.0008161299999756011,6.043084104249315e-17,2.9434425762481964,82.68668647077412,5.155916383307321e-16,5.155916383307321e-16,gauss96,0.5272008297372667,0.06666666666666665,2497,0.0287906157316488,0.008263540663797074,4097,,,,,,,,
spiral_n16_jittered_s7,spiral,16,jittered,7,False,natural,0.0,ok,0.0007482350000032056,1.8485059994893393e-16,1837.459442220874,82.40392501799799,5.173608433857314e-16,5.173608433857314e-16,gauss96,0.642844460727553,0.06666666666666665,2497,0.028791428938689547,0.008247072103788297,4097,,,,,,,,
spiral_n16_jittered_s7,spiral,16,jittered,7,False,averaged,0.5,ok,0.0007091820000368898,6.754518496212591e-17,4.28748593823416,22.808399254787965,9.345803637810429e-16,9.345803637810429e-16,gauss96,1.0291177810988175,0.046098255117895864,2464,0.016466680451266293,0.004480443438831587,4097,,,,,,,,
spiral_n16_jittered_s7,spiral,16,jittered,7,False,repeated,0.5,ok,0.0008166810000034275,6.754518496212591e-17,3.2330924119188507,20.45938294222525,3.472943136978199e-16,3.472943136978199e-16,gauss96,0.7529271714108118,0.04316957747898617,2528,0.018776346662796387,0.005194609968554954,4097,,,,,,,,
spiral_n16_jittered_s7,spiral,16,jittered,7,False,natural,0.5,ok,0.0010539880000237645,6.37321375966817e-17,3403.295390538813,20.414662193481377,3.48055103251713e-16,3.48055103251713e-16,gauss96,1.041713189474795,0.04316957747898617,2528,0.018777702890140406,0.005171969418815763,4097,,,,,,,,
spiral_n16_jittered_s7,spiral,16,jittered,7,False,averaged,1.0,ok,0.0007481160000111231,6.227358356343909e-17,7.430292518029466,17.675028667709544,2.0100186232178185e-16,2.0100186232178185e-16,gauss96,1.8028027916963187,0.02951446434941224,2464,0.0012488832587089712,0.0003575803406405985,4097,,,,,,,,
spiral_n16_jittered_s7,spiral,16,jittered,7,False,repeated,1.0,ok,0.000725772999999208,6.227358356343909e-17,4.717978034610766,16.783443917906958,2.116796586074901e-16,2.116796586074901e-16,gauss96,1.1452215338559413,0.025747318680762896,2528,0.0028916110208328056,0.0009646005218266544,4097,,,,,,,,
spiral_n16_jittered_s7,spiral,16,jittered,7,False,natural,1.0,ok,0.0005223349999710081,1.8374276825388725e-16,8412.793110908786,16.70631103127974,0.0,0.0,gauss96,1.7909767712013123,0.025747318680762896,2528,0.0025308717095999466,0.0008813985868835967,4097,,,,,,,,
spiral_n16_jittered_s8,spiral,16,jittered,8,False,averaged,0.0,ok,0.0007252359999938562,6.088628970295375e-17,3.8959052280337874,747.70443348254,7.788196283755799e-09,0.028135205773022323,adaptive,0.14898403394439724,0.06666666666666654,2442,0.05962251849797572,0.010757859788151353,4097,,,,,,,,
spiral_n16_jittered_s8,spiral,16,jittered,8,False,repeated,0.0,ok,0.0007280000000378095,6.053400348833028e-17,2.9434425762481964,198.6325252584817,1.8601295136053004e-15,1.8601295136053004e-15,gauss96,0.1489732798312563,0.06666666666666665,2497,0.02898512192709145,0.00871244645023399,4097,,,,,,,,
spiral_n16_jittered_s8,spiral,16,jittered,8,False,natural,0.0,ok,0.000535178999996333,1.8374845021156467e-16,1837.459442220874,205.83609166074902,9.665553033368555e-16,9.665553033368555e-16,gauss96,0.14892758188203498,0.06666666666666665,2497,0.029690223633074546,0.008979372220886484,4097,,,,,,,,
spiral_n16_jittered_s8,spiral,16,jittered,8,False,averaged,0.5,ok,0.0007056590000047436,6.754727369130919e-17,4.031131416058177,122.90709894226568,3.4247453587852455e-13,3.4247453587852455e-13,gauss96,0.5229046190784653,0.03486992971135429,2464,0.016303398666682956,0.0049687283227362235,4097,,,,,,,,
spiral_n16_jittered_s8,spiral,16,jittered,8,False,repeated,0.5,ok,0.0007734949999758101,6.053400348833028e-17,3.288946036455579,23.107120944816277,4.612491994071849e-16,4.612491994071849e-16,gauss96,0.37256343614840953,0.028098849767830475,2528,0.017043946356136607,0.005078562331177342,4097,,,,,,,,
spiral_n16_jittered_s8,spiral,16,jittered,8,False,natural,0.5,ok,0.0005537570000342384,6.04161182674202e-17,9858.207913269189,23.5585263131389,1.5080373159076195e-16,1.5080373159076195e-16,gauss96,0.5411974843761587,0.028098849767830475,2528,0.019034689827691784,0.005600561259990807,4097,,,,,,,,
spiral_n16_jittered_s8,spiral,16,jittered,8,False,averaged,1.0,ok,0.0006783050000080948,6.053400348833028e-17,9.030288706520471,17.68255169593176,4.0183269246348385e-16,4.0183269246348385e-16,gauss96,1.7708968725696563,0.015158347105938844,2464,0.0016605696765409801,0.0005069799733938218,4097,,,,,,,,
spiral_n16_jittered_s8,spiral,16,jittered,8,False,repeated,1.0,ok,0.0006861319999984516,6.754727369130919e-17,4.862949584307643,17.33515842648164,4.0988534300018657e-16,4.0988534300018657e-16,gauss96,1.097815456878675,0.009472748633106425,2528,0.004174391103096665,0.0012986933469471336,4097,,,,,,,,
spiral_n16_jittered_s8,spiral,16,jittered,8,False,natural,1.0,ok,0.0005200209999998151,6.754727369130919e-17,108266.94833784147,17.309956012578763,4.104821151733514e-16,4.104821151733514e-16,gauss96,1.7917315662862752,0.009472748633106425,2528,0.0012828694861442128,0.00047836862577446763,4097,,,,,,,,
spiral_n16_jittered_s9,spiral,16,jittered,9,False,averaged,0.0,ok,0.0007106790000079855,6.211771859346527e-17,3.8959052280337874,6564.359615770757,2.9394917355237804e-09,0.0006877227154991982,adaptive,0.09351644274225616,0.06666666666666654,2442,0.16007025346002826,0.048650469466540246,4097,,,,,,,,
spiral_n16_jittered_s9,spiral,16,jittered,9,False,repeated,0.0,ok,0.0010293590000287622,6.117290735738204e-17,2.9434425762481964,2903.1209829049094,5.618915819722168e-09,9.04775373172219e-05,adaptive,0.12073355757911249,0.06666666666666665,2497,0.12706532873217832,0.042160079991321216,4097,,,,,,,,
spiral_n16_jittered_s9,spiral,16,jittered,9,False,natural,0.0,ok,0.0005987180000488479,6.520546340320354e-17,1837.459442220874,2881.1465770174073,5.360736909096029e-09,8.570964810488705e-05,adaptive,0.12892562812074435,0.06666666666666665,2497,0.13030404643863036,0.04348336267473621,4097,,,,,,,,
spiral_n16_jittered_s9,spiral,16,jittered,9,False,averaged,0.5,ok,0.0007825509999861424,6.105377792133e-17,6.709232775123355,259.09809340868355,1.557665934944355e-12,1.557665934944355e-12,gauss96,0.25507629380601005,0.042587957621524175,2464,0.11844355741392397,0.04260006770006051,4097,,,,,,,,
spiral_n16_jittered_s9,spiral,16,jittered,9,False,repeated,0.5,ok,0.0006811729999753879,6.105377792133e-17,3.7198638618616395,45.74612979324569,4.659690813003006e-16,4.659690813003006e-16,gauss96,0.35166079378593057,0.028372944390144164,2528,0.09723868344264021,0.03341365378384684,4097,,,,,,,,
spiral_n16_jittered_s9,spiral,16,jittered,9,False,natural,0.5,ok,0.0006808969999951842,1.2684510111540396e-16,7529.88105071179,47.9114662430105,2.9660655015489395e-16,2.9660655015489395e-16,gauss96,0.503578769868286,0.028372944390144164,2528,0.10357701323665243,0.03572194214052967,4097,,,,,,,,
spiral_n16_jittered_s9,spiral,16,jittered,9,False,averaged,1.0,ok,0.000806400999977086,6.117290735738204e-17,37.24166645595615,18.63676551125374,3.8125861235472526e-16,3.8125861235472526e-16,gauss96,1.7236371292640158,0.021053309604934012,2464,0.020416755054266433,0.007431199958861237,4097,,,,,,,,
spiral_n16_jittered_s9,spiral,16,jittered,9,False,repeated,1.0,ok,0.0008386410000298383,6.826019885763486e-17,8.646891702042533,17.163902185316033,6.209625830610767e-16,6.209625830610767e-16,gauss96,1.0934668712058424,0.009116275021730236,2528,0.013086064300738786,0.004671445512640584,4097,,,,,,,,
spiral_n16_jittered_s9,spiral,16,jittered,9,False,natural,1.0,ok,0.0006021060000307443,1.2684510111540396e-16,98963.37361487091,17.360708561802888,8.185642115131633e-16,8.185642115131633e-16,gauss96,1.7516113886037685,0.009116275021730236,2528,0.02447914153032897,0.008980066050065141,4097,,,,,,,,
spiral_n16_clustered_s0,spiral,16,clustered,0,False,averaged,0.0,ok,0.0006915270000149576,6.868891087462857e-17,3.8959052280337874,22.010578301956826,1.7755031208485404e-15,1.7755031208485404e-15,gauss96,0.18372590215129533,0.06666666666666654,2442,0.011270413093391864,0.004331015353750444,4097,,,,,,,,
spiral_n16_clustered_s0,spiral,16,clustered,0,False,repeated,0.0,ok,0.0007821180000178174,1.2665609350633337e-16,2.9434425762481964,18.776484003768473,1.89210806351576e-16,1.89210806351576e-16,gauss96,0.1353200177494017,0.06666666666666665,2497,0.01127051214456848,0.0043162182689359015,4097,,,,,,,,
spiral_n16_clustered_s0,spiral,16,clustered,0,False,natural,0.0,ok,0.0005666689999657137,1.3122997996483398e-16,1837.459442220874,18.738886906735114,1.8959043279799012e-16,1.8959043279799012e-16,gauss96,0.21344706583337036,0.06666666666666665,2497,0.011270576799454654,0.004316606070148237,4097,,,,,,,,
spiral_n16_clustered_s0,spiral,16,clustered,0,False,averaged,0.5,ok,0.0006722569999624284,6.155710724161106e-17,4.153169806824388,17.574295569552895,2.0215397338346262e-16,2.0215397338346262e-16,gauss96,0.49686175716339465,0.039341990120798864,2464,0.005689173127611987,0.0020397089256620543,4097,,,,,,,,
spiral_n16_clustered_s0,spiral,16,clustered,0,False,repeated,0.5,ok,0.0007427609999695051,6.14372296064376e-17,3.1936428064123086,17.453396495075005,4.071085739446766e-16,4.071085739446766e-16,gauss96,0.35672591208876886,0.027831385175835395,2528,0.006851884644357234,0.0025114127299584506,4097,,,,,,,,
spiral_n16_clustered_s0,spiral,16,clustered,0,False,natural,0.5,ok,0.0005735829999480302,6.170662678964506e-17,10140.263888961987,17.43988503107282,4.074239792831885e-16,4.074239792831885e-16,gauss96,0.5675613884929824,0.027831385175835395,2528,0.006860743832206313,0.0025138261482015485,4097,,,,,,,,
spiral_n16_clustered_s0,spiral,16,clustered,0,False,averaged,1.0,ok,0.001078744999972514,6.14372296064376e-17,9.848527306777447,17.339595070533417,0.0,0.0,gauss96,1.807327469721681,0.018717172487912492,2464,0.0016641489927447111,0.0005037511271910222,4097,,,,,,,,
spiral_n16_clustered_s0,spiral,16,clustered,0,False,repeated,1.0,ok,0.0010811490000151025,6.332804675316669e-17,4.366229832314237,17.17968234462298,2.0679740215990984e-16,2.0679740215990984e-16,gauss96,1.1273998519864892,0.009350808593031678,2528,0.0031664962710281634,0.0009973196465342035,4097,,,,,,,,
spiral_n16_clustered_s0,spiral,16,clustered,0,False,natural,1.0,ok,0.0005639000000314809,6.332804675316669e-17,105226.7127088742,17.12682407225947,6.223069140801549e-16,6.223069140801549e-16,gauss96,1.8062422240923175,0.009350808593031678,2528,0.003238937566712524,0.0010166524790150232,4097,,,,,,,,
spiral_n16_clustered_s1,spiral,16,clustered,1,False,averaged,0.0,ok,0.0008024329999898328,6.236071435778158e-17,3.8959052280337874,21.101540658814177,6.734510500903207e-16,6.734510500903207e-16,gauss96,0.16314141337668622,0.06666666666666654,2442,0.005148881477105517,0.0017370775761353676,4097,,,,,,,,
spiral_n16_clustered_s1,spiral,16,clustered,1,False,repeated,0.0,ok,0.0007156930000178363,6.763969157766003e-17,2.9434425762481964,19.564539272108032,0.0,0.0,gauss96,0.1261080667803661,0.06666666666666665,2497,0.005150276843662245,0.001731014806510422,4097,,,,,,,,
spiral_n16_clustered_s1,spiral,16,clustered,1,False,natural,0.0,ok,0.0005255410000017946,1.2922544931255433e-16,1837.459442220874,19.572604766872335,3.630292156937288e-16,3.630292156937288e-16,gauss96,0.18032129287284948,0.06666666666666665,2497,0.005149413291226022,0.0017290338369801614,4097,,,,,,,,
spiral_n16_clustered_s1,spiral,16,clustered,1,False,averaged,0.5,ok,0.0007023649999950976,8.555819424668543e-17,4.3434614417334805,18.135390250726854,9.79497443860661e-16,9.79497443860661e-16,gauss96,0.5092258612851397,0.03134423967894188,2464,0.0031941377564149113,0.001273736185937261,4097,,,,,,,,
spiral_n16_clustered_s1,spiral,16,clustered,1,False,repeated,0.5,ok,0.0009179449999692224,1.2472142871556316e-16,3.19239596549835,17.6883973486058,0.0,0.0,gauss96,0.33961199149869875,0.025329788838602138,2528,0.003149402710592164,0.0011912522223690232,4097,,,,,,,,
spiral_n16_clustered_s1,spiral,16,clustered,1,False,natural,0.5,ok,0.000524756000004345,1.2922544931255433e-16,12863.572348506963,17.686993528522397,4.0173177799509275e-16,4.0173177799509275e-16,gauss96,0.529583005190618,0.025329788838602138,2528,0.0031456097267869103,0.001186847383785517,4097,,,,,,,,
spiral_n16_clustered_s1,spiral,16,clustered,1,False,averaged,1.0,ok,0.0008106789999828834,6.06168258488642e-17,10.580577346428106,17.591535997961216,2.0195585417966033e-16,2.0195585417966033e-16,gauss96,1.7915750518706848,0.012383452750520847,2464,0.0006752789295490116,0.0002706023460756218,4097,,,,,,,,
spiral_n16_clustered_s1,spiral,16,clustered,1,False,repeated,1.0,ok,0.0007439440000212016,6.763969157766003e-17,4.321970285592013,17.419056291127813,2.0395557712331598e-16,2.0395557712331598e-16,gauss96,1.1342219580944444,0.007688111543787875,2528,0.0008778948656853773,0.00036432694369967867,4097,,,,,,,,
spiral_n16_clustered_s1,spiral,16,clustered,1,False,natural,1.0,ok,0.0006013130000042111,7.56234741723839e-17,172871.80979999367,17.38762711480558,2.0432423903175162e-16,2.0432423903175162e-16,gauss96,1.7906062248360393,0.007688111543787875,2528,0.0008814113369076634,0.0003580598357149702,4097,,,,,,,,
spiral_n16_clustered_s2,spiral,16,clustered,2,False,averaged,0.0,ok,0.001116690000003473,6.048804047441347e-17,3.8959052280337874,54.68448215602083,7.016489179064285e-15,7.016489179064285e-15,gauss96,0.16042979204247365,0.06666666666666654,2442,0.013524903843387259,0.00421117331384113,4097,,,,,,,,
spiral_n16_clustered_s2,spiral,16,clustered,2,False,repeated,0.0,ok,0.0007175250000273081,6.122196735272915e-17,2.9434425762481964,22.97244684618227,3.0930215684803444e-16,3.0930215684803444e-16,gauss96,0.16233650482379505,0.06666666666666665,2497,0.00850221423492717,0.0034488784384693163,4097,,,,,,,,
spiral_n16_clustered_s2,spiral,16,clustered,2,False,natural,0.0,ok,0.0005257579999806694,1.3611121717934464e-16,1837.459442220874,22.867812200637584,3.1071740904899043e-16,3.1071740904899043e-16,gauss96,0.16057663511085637,0.06666666666666665,2497,0.008636416468135726,0.0037221642670155473,4097,,,,,,,,
spiral_n16_clustered_s2,spiral,16,clustered,2,False,averaged,0.5,ok,0.0006927009999913025,6.234964499066073e-17,5.130877302554237,20.67421257134659,1.546584809402581e-15,1.546584809402581e-15,gauss96,0.4792677557175598,0.028735789150839824,2464,0.005660727779448569,0.0025807644967472667,4097,,,,,,,,
spiral_n16_clustered_s2,spiral,16,clustered,2,False,repeated,0.5,ok,0.0007911679999779153,6.762768516327357e-17,3.1729402671417812,17.651799617596996,2.0126637259460035e-16,2.0126637259460035e-16,gauss96,0.4773617384602894,0.024435271870479905,2528,0.005125731345216962,0.001989848764602067,4097,,,,,,,,
spiral_n16_clustered_s2,spiral,16,clustered,2,False,natural,0.5,ok,0.0005574429999910535,1.2274995394248503e-16,5486.570290303946,17.67956603490784,0.0,0.0,gauss96,0.4753393400564233,0.024435271870479905,2528,0.005374745323774571,0.0023061732297725464,4097,,,,,,,,
spiral_n16_clustered_s2,spiral,16,clustered,2,False,averaged,1.0,ok,0.00076095899999018,1.2169754148749948e-16,9.587691736669045,17.677635912239225,2.0097221689811797e-16,2.0097221689811797e-16,gauss96,1.7877350203121738,0.0094829944847106,2464,0.000815805386495547,0.00034388678694459196,4097,,,,,,,,
spiral_n16_clustered_s2,spiral,16,clustered,2,False,repeated,1.0,ok,0.0007055680000007669,6.051756844320875e-17,4.197327839689995,17.067289983368546,4.163184292600045e-16,4.163184292600045e-16,gauss96,1.1306315175706372,0.006778098939596584,2528,0.004145724913350726,0.0013736043120382041,4097,,,,,,,,
spiral_n16_clustered_s2,spiral,16,clustered,2,False,natural,1.0,ok,0.0005506079999690883,6.762768516327357e-17,31237.196953870116,17.01636586124841,2.0878216346365364e-16,2.0878216346365364e-16,gauss96,1.7878158182845802,0.006778098939596584,2528,0.0030985627813149962,0.0007540763700842662,4097,,,,,,,,
spiral_n16_clustered_s3,spiral,16,clustered,3,False,averaged,0.0,ok,0.0007891700000186574,6.051611021391325e-17,3.8959052280337874,73.91616985102888,1.7303073562196722e-15,1.7303073562196722e-15,gauss96,0.23127632017133906,0.06666666666666654,2442,0.011652455853737045,0.0029678086175045034,4097,,,,,,,,
spiral_n16_clustered_s3,spiral,16,clustered,3,False,repeated,0.0,ok,0.0007795799999712472,6.765906808608968e-17,2.9434425762481964,22.543542511988225,3.151868147529374e-16,3.151868147529374e-16,gauss96,0.231395510845185,0.06666666666666665,2497,0.03202781453698481,0.00858430386141293,4097,,,,,,,,
spiral_n16_clustered_s3,spiral,16,clustered,3,False,natural,0.0,ok,0.0005958480000458621,9.077416532086987e-17,1837.459442220874,23.39485207562855,1.0630114553068979e-15,1.0630114553068979e-15,gauss96,0.23130040206944816,0.06666666666666665,2497,0.02997866594283758,0.0076269506166127005,4097,,,,,,,,
spiral_n16_clustered_s3,spiral,16,clustered,3,False,averaged,0.5,ok,0.000807925999993131,6.765906808608968e-17,5.060018867932488,28.55031293171503,1.866554153345538e-15,1.866554153345538e-15,gauss96,0.6386704075353842,0.03193234801558753,2464,0.004909083139237789,0.0013196184035400447,4097,,,,,,,,
spiral_n16_clustered_s3,spiral,16,clustered,3,False,repeated,0.5,ok,0.0008972699999958422,6.237857861587102e-17,3.1413564405383205,16.93747019757204,4.1950936442796245e-16,4.1950936442796245e-16,gauss96,0.6359862255108983,0.03037647979514868,2528,0.027608151475531414,0.0078788541576685,4097,,,,,,,,
spiral_n16_clustered_s3,spiral,16,clustered,3,False,natural,0.5,ok,0.0005526329999838708,1.2475715723174203e-16,2073.9311340265363,17.295259622728736,2.0541545812539682e-16,2.0541545812539682e-16,gauss96,0.6359678411130183,0.03037647979514868,2528,0.025271696674660355,0.006907344699676711,4097,,,,,,,,
spiral_n16_clustered_s3,spiral,16,clustered,3,False,averaged,1.0,ok,0.0011318340000343596,6.063419054124591e-17,9.94006985781681,18.10819026956565,0.0,0.0,gauss96,1.793542148346193,0.012315866235024592,2464,0.007252744368690074,0.0022031555365747807,4097,,,,,,,,
spiral_n16_clustered_s3,spiral,16,clustered,3,False,repeated,1.0,ok,0.0007221779999895261,6.098705980862638e-17,3.8303277820570387,16.124950895167203,2.2032399986193336e-16,2.2032399986193336e-16,gauss96,1.146966591653342,0.011131295559308668,2528,0.022663421179833027,0.007130901550165304,4097,,,,,,,,
spiral_n16_clustered_s3,spiral,16,clustered,3,False,natural,1.0,ok,0.0005462160000320182,1.0909696918394711e-16,3871.891203380102,16.107313547771998,2.2056525244036867e-16,2.2056525244036867e-16,gauss96,1.72957234241928,0.011131295559308668,2528,0.02008475292357208,0.006029526661604378,4097,,,,,,,,
spiral_n16_clustered_s4,spiral,16,clustered,4,False,averaged,0.0,ok,0.0008133009999937713,6.080296253121081e-17,3.8959052280337874,76.28741305320844,2.5333025446691324e-11,2.5333025446691324e-11,gauss96,0.31470995699326154,0.06666666666666654,2442,0.039280762020222015,0.012923601633294972,4097,,,,,,,,
spiral_n16_clustered_s4,spiral,16,clustered,4,False,repeated,0.0,ok,0.0007239530000333616,1.2162076862977166e-16,2.9434425762481964,72.26998975218413,1.1798137592600828e-15,1.1798137592600828e-15,gauss96,0.3146669548720477,0.06666666666666665,2497,0.04417742258309548,0.01247298348697581,4097,,,,,,,,
spiral_n16_clustered_s4,spiral,16,clustered,4,False,natural,0.0,ok,0.0005372580000084781,1.2534851843332754e-16,1837.459442220874,47.883706171041396,1.0387247663232682e-15,1.0387247663232682e-15,gauss96,0.3146415382292688,0.06666666666666665,2497,0.043709993218344616,0.012480260872707354,4097,,,,,,,,
spiral_n16_clustered_s4,spiral,16,clustered,4,False,averaged,0.5,ok,0.0007193250000341322,1.2160592506242161e-16,7.896316191929914,29.327696312419747,1.3325237021857698e-15,1.3325237021857698e-15,gauss96,0.7020724437153593,0.03463565555257464,2464,0.02680812817019123,0.008279985292551802,4097,,,,,,,,
spiral_n16_clustered_s4,spiral,16,clustered,4,False,repeated,0.5,ok,0.0007505500000206666,6.797977872658003e-17,3.1317837962507284,19.066411158633027,9.31668170071922e-16,9.31668170071922e-16,gauss96,0.6975219685406873,0.03269494299895814,2528,0.036920611666147816,0.010338396092397416,4097,,,,,,,,
spiral_n16_clustered_s4,spiral,16,clustered,4,False,natural,0.5,ok,0.0005723070000271946,6.797977872658003e-17,1595.8815099049577,18.84431470040742,7.541189446859938e-16,7.541189446859938e-16,gauss96,0.6975096512893698,0.03269494299895814,2528,0.03589221842037884,0.01027846534529529,4097,,,,,,,,
spiral_n16_clustered_s4,spiral,16,clustered,4,False,averaged,1.0,ok,0.0007448079999790025,8.598837424410145e-17,29.30069229819958,17.771226852752694,1.9991381057916098e-16,1.9991381057916098e-16,gauss96,1.7704810236090534,0.014904486292910413,2464,0.005227500220601436,0.0015952117835928135,4097,,,,,,,,
spiral_n16_clustered_s4,spiral,16,clustered,4,False,repeated,1.0,ok,0.0009142029999793522,1.2534851843332754e-16,4.468549972706025,15.498038309532571,3.438545196344581e-16,3.438545196344581e-16,gauss96,1.1692406459477358,0.01325953612150943,2528,0.01968256233367197,0.006201390519351487,4097,,,,,,,,
spiral_n16_clustered_s4,spiral,16,clustered,4,False,natural,1.0,ok,0.000559584999962226,1.2255228894669016e-16,2568.7981092943055,15.713549416851981,5.6523093296006e-16,5.6523093296006e-16,gauss96,1.7188030459256314,0.01325953612150943,2528,0.017576810499904713,0.005381146618467957,4097,,,,,,,,
spiral_n16_clustered_s5,spiral,16,clustered,5,False,averaged,0.0,ok,0.0006607149999808826,1.212937908903903e-16,3.8959052280337874,58.26634607292131,6.341262967354069e-15,6.341262967354069e-15,gauss96,0.39125903594757844,0.06666666666666654,2442,0.016730083499595174,0.004860532280540801,4097,,,,,,,,
spiral_n16_clustered_s5,spiral,16,clustered,5,False,repeated,0.0,ok,0.000825322999958189,6.780529041988936e-17,2.9434425762481964,18.23262143016071,7.79419172916856e-16,7.79419172916856e-16,gauss96,0.3401524217312253,0.06666666666666665,2497,0.016688760984711944,0.004796593695638527,4097,,,,,,,,
spiral_n16_clustered_s5,spiral,16,clustered,5,False,natural,0.0,ok,0.0005640819999825908,1.2223772567831914e-16,1837.459442220874,18.228357359449003,3.898007493208253e-16,3.898007493208253e-16,gauss96,0.3909133646904417,0.06666666666666665,2497,0.01672043768026698,0.0048124384921586156,4097,,,,,,,,
spiral_n16_clustered_s5,spiral,16,clustered,5,False,averaged,0.5,ok,0.0009377389999940533,6.780529041988936e-17,4.491332081717985,18.833658938418584,9.43182015352672e-16,9.43182015352672e-16,gauss96,0.7304293749970574,0.03834804938164604,2464,0.008439941322793324,0.002391135131529998,4097,,,,,,,,
spiral_n16_clustered_s5,spiral,16,clustered,5,False,repeated,0.5,ok,0.0007238940000320326,6.780529041988936e-17,3.1264721023062347,17.304349460900646,0.0,0.0,gauss96,0.5930024580719406,0.03567588139387934,2528,0.00993553299391002,0.0028606322284798298,4097,,,,,,,,
spiral_n16_clustered_s5,spiral,16,clustered,5,False,natural,0.5,ok,0.0005435889999603205,1.212937908903903e-16,3918.7606579339226,17.343776201621736,4.0968167917991275e-16,4.0968167917991275e-16,gauss96,0.7968931783486556,0.03567588139387934,2528,0.010082105716301673,0.0029115420850940326,4097,,,,,,,,
spiral_n16_clustered_s5,spiral,16,clustered,5,False,averaged,1.0,ok,0.0007136940000123104,6.780529041988936e-17,6.129231455124577,17.595171206980428,2.0191412956476683e-16,2.0191412956476683e-16,gauss96,1.7912670908850468,0.019249496247849773,2464,0.0016850789111270013,0.0004877550713358746,4097,,,,,,,,
spiral_n16_clustered_s5,spiral,16,clustered,5,False,repeated,1.0,ok,0.0007138649999660629,6.064689544519514e-17,3.938296279211769,17.03010821502278,2.0861368782533886e-16,2.0861368782533886e-16,gauss96,1.11665930140015,0.016552867587867115,2528,0.0028616265290616724,0.0010846218467308235,4097,,,,,,,,
spiral_n16_clustered_s5,spiral,16,clustered,5,False,natural,1.0,ok,0.0005836390000126812,1.212937908903903e-16,12312.570198010088,16.92840611451804,4.197339849678634e-16,4.197339849678634e-16,gauss96,1.7841110623511998,0.016552867587867115,2528,0.0034074006245427284,0.001045563272768696,4097,,,,,,,,
spiral_n16_clustered_s6,spiral,16,clustered,6,False,averaged,0.0,ok,0.0007288069999731306,8.676459843454474e-17,3.8959052280337874,21.623743473164662,4.928906527969308e-16,4.928906527969308e-16,gauss96,0.1311441853842292,0.06666666666666654,2442,0.013651099386645386,0.004458182581820453,4097,,,,,,,,
spiral_n16_clustered_s6,spiral,16,clustered,6,False,repeated,0.0,ok,0.0007128270000293924,6.324002495592502e-17,2.9434425762481964,22.01382898450306,6.455421601215278e-16,6.455421601215278e-16,gauss96,0.12422620743230603,0.06666666666666665,2497,0.013651818835852713,0.004442785401778452,4097,,,,,,,,
spiral_n16_clustered_s6,spiral,16,clustered,6,False,natural,0.0,ok,0.0005481030000282772,1.236585786295788e-16,1837.459442220874,21.51800427291343,0.0,0.0,gauss96,0.1294819328135418,0.06666666666666665,2497,0.013651471833177456,0.0044423089993787645,4097,,,,,,,,
spiral_n16_clustered_s6,spiral,16,clustered,6,False,averaged,0.5,ok,0.0008482810000032259,6.324002495592502e-17,4.7578612674481375,17.522271420272986,0.0,0.0,gauss96,0.4414443455116057,0.03219355255921683,2464,0.00870362091457786,0.002716224093192327,4097,,,,,,,,
spiral_n16_clustered_s6,spiral,16,clustered,6,False,repeated,0.5,ok,0.0007411489999640253,1.2648004991185005e-16,3.269000243447147,17.816784653292213,7.976105111971536e-16,7.976105111971536e-16,gauss96,0.3991050530239305,0.021148268712109976,2528,0.009039761505505842,0.0028271299671490968,4097,,,,,,,,
spiral_n16_clustered_s6,spiral,16,clustered,6,False,natural,0.5,ok,0.0005803349999951024,1.3104757897063446e-16,12631.891306403555,17.67932724967968,2.0095299038400176e-16,2.0095299038400176e-16,gauss96,0.4387613052351473,0.021148268712109976,2528,0.00903717491059952,0.002825579564828749,4097,,,,,,,,
spiral_n16_clustered_s6,spiral,16,clustered,6,False,averaged,1.0,ok,0.000730914000030225,7.204352154351647e-17,15.479843779801266,17.352655561780445,4.0947204491575577e-16,4.0947204491575577e-16,gauss96,1.8140711638244895,0.013526078317040065,2464,0.001382915073594472,0.00042272610574556807,4097,,,,,,,,
spiral_n16_clustered_s6,spiral,16,clustered,6,False,repeated,1.0,ok,0.0007469519999858676,8.676459843454474e-17,4.925833300775838,17.176174490120246,2.0683963596457555e-16,2.0683963596457555e-16,gauss96,1.1542571190233695,0.005337867937914459,2528,0.002367368074849634,0.0007195806794418943,4097,,,,,,,,
spiral_n16_clustered_s6,spiral,16,clustered,6,False,natural,1.0,ok,0.0006040199999688411,1.2648004991185005e-16,171851.5408331252,17.1502969552388,0.0,0.0,gauss96,1.8130763420525966,0.005337867937914459,2528,0.0023527930512797952,0.0007127913177921198,4097,,,,,,,,
spiral_n16_clustered_s7,spiral,16,clustered,7,False,averaged,0.0,ok,0.0010248220000335095,6.482779041124393e-17,3.8959052280337874,23.943574663937753,0.0,0.0,gauss96,0.21197361850325566,0.06666666666666654,2442,0.029425436436441008,0.008932402820505139,4097,,,,,,,,
spiral_n16_clustered_s7,spiral,16,clustered,7,False,repeated,0.0,ok,0.001076156000010542,1.2140030335875685e-16,2.9434425762481964,20.36686741998391,1.7443594076301535e-16,1.7443594076301535e-16,gauss96,0.15583434582733383,0.06666666666666665,2497,0.029425433822803826,0.008906612992943643,4097,,,,,,,,
spiral_n16_clustered_s7,spiral,16,clustered,7,False,natural,0.0,ok,0.0008275520000324832,1.2965558082248785e-16,1837.459442220874,20.487800619661652,5.202188968089205e-16,5.202188968089205e-16,gauss96,0.24580534660479653,0.06666666666666665,2497,0.029425321488451877,0.008906600488539187,4097,,,,,,,,
spiral_n16_clustered_s7,spiral,16,clustered,7,False,averaged,0.5,ok,0.0010324820000278123,6.786483269981908e-17,4.293456520872088,18.067892684466482,0.0,0.0,gauss96,0.5802573519373682,0.04365246690604119,2464,0.015132164616773391,0.00445170517664891,4097,,,,,,,,
spiral_n16_clustered_s7,spiral,16,clustered,7,False,repeated,0.5,ok,0.001044663000016044,1.2234506704999147e-16,3.1645293195229045,17.91312024143608,3.9666050703801705e-16,3.9666050703801705e-16,gauss96,0.38324476180256867,0.02845016876104013,2528,0.017700635652030765,0.005346902288825266,4097,,,,,,,,
spiral_n16_clustered_s7,spiral,16,clustered,7,False,natural,0.5,ok,0.000775098000019625,6.256828421627261e-17,10023.204592797298,17.929253679295947,3.9630357652901596e-16,3.9630357652901596e-16,gauss96,0.6073925975381822,0.02845016876104013,2528,0.017699487137292472,0.0053465570586260945,4097,,,,,,,,
spiral_n16_clustered_s7,spiral,16,clustered,7,False,averaged,1.0,ok,0.001067651000028036,6.786483269981908e-17,9.218028740589505,17.553299752669666,0.0,0.0,gauss96,1.788874286702584,0.023719114212396586,2464,0.0025435933397007448,0.0007471683726201716,4097,,,,,,,,
spiral_n16_clustered_s7,spiral,16,clustered,7,False,repeated,1.0,ok,0.0010948099999836813,6.786483269981908e-17,4.1784567693101,17.370968917490927,4.0904035873591984e-16,4.0904035873591984e-16,gauss96,1.1243945675574853,0.009984004380777522,2528,0.005242297142453965,0.0016471152856937722,4097,,,,,,,,
spiral_n16_clustered_s7,spiral,16,clustered,7,False,natural,1.0,ok,0.0008431399999722089,1.2140030335875685e-16,94961.64703161806,17.328165226431054,6.150761432113073e-16,6.150761432113073e-16,gauss96,1.7875589791320152,0.009984004380777522,2528,0.0052374531364050795,0.0016446987405980991,4097,,,,,,,,
spiral_n16_clustered_s8,spiral,16,clustered,8,False,averaged,0.0,ok,0.0008984159999840813,6.124094571110989e-17,3.8959052280337874,25.688862278249655,1.3829782106810258e-16,1.3829782106810258e-16,gauss96,0.12100029802336452,0.06666666666666654,2442,0.011514856120555056,0.0031410695109868113,4097,,,,,,,,
spiral_n16_clustered_s8,spiral,16,clustered,8,False,repeated,0.0,ok,0.0009553550000305222,3.060553239462376e-17,2.9434425762481964,20.744398094237884,6.850454108451242e-16,6.850454108451242e-16,gauss96,0.12086609917853426,0.06666666666666665,2497,0.006989474083430187,0.002529688983638563,4097,,,,,,,,
spiral_n16_clustered_s8,spiral,16,clustered,8,False,natural,0.0,ok,0.0007872630000065328,8.133531800780612e-17,1837.459442220874,20.51156118331645,5.196162759697954e-16,5.196162759697954e-16,gauss96,0.12096272433301782,0.06666666666666665,2497,0.00671356858752008,0.0024876757094042,4097,,,,,,,,
spiral_n16_clustered_s8,spiral,16,clustered,8,False,averaged,0.5,ok,0.001029195000000982,6.30949213956484e-17,4.489791955969035,17.543763204312462,2.0250579293769778e-16,2.0250579293769778e-16,gauss96,0.40776282588831203,0.023045854674396425,2464,0.005477995074172974,0.0015974224186777858,4097,,,,,,,,
spiral_n16_clustered_s8,spiral,16,clustered,8,False,repeated,0.5,ok,0.0009279870000113988,6.168742267233942e-17,3.2517544888131393,17.622361342949542,0.0,0.0,gauss96,0.36347072564562843,0.021184762108661007,2528,0.005611377899014668,0.0016667397020380175,4097,,,,,,,,
spiral_n16_clustered_s8,spiral,16,clustered,8,False,natural,0.5,ok,0.0007530280000196399,1.2337484534467883e-16,11265.338483702188,17.471574004847803,2.0334250811144644e-16,2.0334250811144644e-16,gauss96,0.4056606587707686,0.021184762108661007,2528,0.004940413226517776,0.0015167437129743181,4097,,,,,,,,
spiral_n16_clustered_s8,spiral,16,clustered,8,False,averaged,1.0,ok,0.0009669479999843134,6.30949213956484e-17,15.40933939378308,17.385964717939427,0.0,0.0,gauss96,1.8106328628227073,0.00583072046894083,2464,0.0007292329352056326,0.0002695156674665377,4097,,,,,,,,
spiral_n16_clustered_s8,spiral,16,clustered,8,False,repeated,1.0,ok,0.0009620640000207459,6.843605092195066e-17,4.767866781677003,17.149589695256314,0.0,0.0,gauss96,1.1430586318875753,0.004910987302595683,2528,0.002222005376342061,0.0006957633387639996,4097,,,,,,,,
spiral_n16_clustered_s8,spiral,16,clustered,8,False,natural,1.0,ok,0.000711509999973714,6.121106478924752e-17,168111.61789240086,17.105816205920497,0.0,0.0,gauss96,1.8059882825305251,0.004910987302595683,2528,0.0011727269573515036,0.0004456569860499773,4097,,,,,,,,
spiral_n16_clustered_s9,spiral,16,clustered,9,False,averaged,0.0,ok,0.002231789999996181,6.80256225605357e-17,3.8959052280337874,27.35314484951764,3.896495666233952e-16,3.896495666233952e-16,gauss96,0.31947599895340134,0.06666666666666654,2442,0.015793900718753192,0.005405798333820417,4097,,,,,,,,
spiral_n16_clustered_s9,spiral,16,clustered,9,False,repeated,0.0,ok,0.0013255640000124913,8.604636261689127e-17,2.9434425762481964,22.776625634445082,1.0918647981812606e-15,1.0918647981812606e-15,gauss96,0.31899970702807867,0.06666666666666665,2497,0.01192384359270041,0.004668644170852026,4097,,,,,,,,
spiral_n16_clustered_s9,spiral,16,clustered,9,False,natural,0.0,ok,0.0008219939999776216,1.8446267380839151e-16,1837.459442220874,21.56456716959788,6.589909550902894e-16,6.589909550902894e-16,gauss96,0.31933402325341426,0.06666666666666665,2497,0.011987074676322507,0.004539757934417401,4097,,,,,,,,
spiral_n16_clustered_s9,spiral,16,clustered,9,False,averaged,0.5,ok,0.000980583000000479,8.604636261689127e-17,5.317212748917996,16.6341830397258,2.1357909013721326e-16,2.1357909013721326e-16,gauss96,0.735848856632166,0.03690963932822322,2464,0.006191776167236963,0.0025182224178808632,4097,,,,,,,,
spiral_n16_clustered_s9,spiral,16,clustered,9,False,repeated,0.5,ok,0.001008005000016965,6.80256225605357e-17,3.1398590096244994,17.271800811047566,2.0569445639554144e-16,2.0569445639554144e-16,gauss96,0.7301985739078967,0.032097073968520684,2528,0.006667427930291001,0.003053044775493266,4097,,,,,,,,
spiral_n16_clustered_s9,spiral,16,clustered,9,False,natural,0.5,ok,0.0007394389999717532,1.8446267380839151e-16,1892.8960433574646,16.81902380175575,4.224637197349861e-16,4.224637197349861e-16,gauss96,0.7303377432659864,0.032097073968520684,2528,0.0065806089580168,0.0028117140988176397,4097,,,,,,,,
spiral_n16_clustered_s9,spiral,16,clustered,9,False,averaged,1.0,ok,0.0009928900000204521,6.80256225605357e-17,10.176380258312552,17.348843652911736,4.095620146077266e-16,4.095620146077266e-16,gauss96,1.7984406548626481,0.01820424941555876,2464,0.0007482236912733072,0.00028747209003466,4097,,,,,,,,
spiral_n16_clustered_s9,spiral,16,clustered,9,False,repeated,1.0,ok,0.0009549629999696663,1.2543305028637699e-16,3.813483910333577,16.143631327979445,0.0,0.0,gauss96,1.1697772869557694,0.013613328997807983,2528,0.004486435294082149,0.0016210365953009966,4097,,,,,,,,
spiral_n16_clustered_s9,spiral,16,clustered,9,False,natural,1.0,ok,0.0007056780000311846,2.4632884792643396e-16,2687.822865018459,16.038439755311714,4.430248494245072e-16,4.430248494245072e-16,gauss96,1.7706853841257122,0.013613328997807983,2528,0.004055747975882343,0.0012016605799066832,4097,,,,,,,,
spiral_n32_uniform_s0,spiral,32,uniform,0,False,averaged,0.0,ok,0.0011408839999944576,6.719904796975985e-17,3.8917527268816934,17.713405647953962,0.0,0.0,gauss96,0.8994562123141203,0.032258064516129004,2953,0.0006707215946317861,0.00020002401499589375,4097,,,,,,,,
spiral_n32_uniform_s0,spiral,32,uniform,0,False,repeated,0.0,ok,0.0010069650000446018,6.719904796975985e-17,2.985623407240252,17.275340362840826,4.1130462314275105e-16,4.1130462314275105e-16,gauss96,0.581723840789333,0.032258064516129004,3009,0.001066167787173925,0.00023570034610570883,4097,,,,,,,,
spiral_n32_uniform_s0,spiral,32,uniform,0,False,natural,0.0,ok,0.0007997430000159511,1.803139671403827e-16,7844.662972109781,17.233631493007003,0.0,0.0,gauss96,0.917582256863077,0.032258064516129004,3009,0.0009506412446801508,0.00022078642496815105,4097,,,,,,,,
spiral_n32_uniform_s0,spiral,32,uniform,0,False,averaged,0.5,ok,0.0011314179999999396,1.2390892204899165e-16,3.9368441403045398,17.711416946915016,4.0117780406262917e-16,4.0117780406262917e-16,gauss96,1.2637686202677496,0.024722277645489614,2976,0.0005354890573916914,0.000185231894520486,4097,,,,,,,,
spiral_n32_uniform_s0,spiral,32,uniform,0,False,repeated,0.5,ok,0.0010842420000471975,6.719904796975985e-17,2.9871352409752654,17.2812301693009,4.1116444188234814e-16,4.1116444188234814e-16,gauss96,0.8085594455283067,0.023340781551993525,3040,0.000989168949546438,0.00022726475782105658,4097,,,,,,,,
spiral_n32_uniform_s0,spiral,32,uniform,0,False,natural,0.5,ok,0.000810461000014584,6.719904796975985e-17,14940.637935738192,17.23177780752249,0.0,0.0,gauss96,1.276444899275362,0.023340781551993525,3040,0.0008361304224237281,0.00020966884798114365,4097,,,,,,,,
spiral_n32_uniform_s0,spiral,32,uniform,0,False,averaged,1.0,ok,0.0011800369999832583,6.719904796975985e-17,3.9863581754176742,17.701070737949873,4.0141229097330574e-16,4.0141229097330574e-16,gauss96,1.8127980878268692,0.018525342339770275,2976,0.00044241089968936816,0.00018621094468010855,4097,,,,,,,,
spiral_n32_uniform_s0,spiral,32,uniform,0,False,repeated,1.0,ok,0.0009991530000093007,6.719904796975985e-17,2.992296924006152,17.289707145158445,4.1096285194111577e-16,4.1096285194111577e-16,gauss96,1.1496497330659259,0.016504453166897602,3040,0.0009297363398507652,0.00022818596299706672,4097,,,,,,,,
spiral_n32_uniform_s0,spiral,32,uniform,0,False,natural,1.0,ok,0.0010466599999858772,6.719904796975985e-17,29797.268865348244,17.231018292354896,0.0,0.0,gauss96,1.8083161036665298,0.016504453166897602,3040,0.0007953374629899221,0.0002106983442278512,4097,,,,,,,,
spiral_n32_jittered_s0,spiral,32,jittered,0,False,averaged,0.0,ok,0.001359190000016497,6.724446944420012e-17,3.8917527268816934,5672.817042775321,5.4667429052366945e-09,0.008229387408144644,adaptive,0.18749705582249626,0.032258064516129004,2953,0.009720663714718265,0.0021880444883531453,4097,,,,,,,,
spiral_n32_jittered_s0,spiral,32,jittered,0,False,repeated,0.0,ok,0.0011023800000202755,1.2029056383051117e-16,2.985623407240252,157.13486173599415,2.1704955182884342e-15,2.1704955182884342e-15,gauss96,0.2461773941145837,0.032258064516129004,3009,0.009720702837392535,0.0021692260398145802,4097,,,,,,,,
spiral_n32_jittered_s0,spiral,32,jittered,0,False,natural,0.0,ok,0.0008253369999806637,1.2122669128621747e-16,7844.662972109781,156.82706227640702,1.2686073635822884e-15,1.2686073635822884e-15,gauss96,0.24617740092974183,0.032258064516129004,3009,0.009720713297409003,0.0021696682004436287,4097,,,,,,,,
spiral_n32_jittered_s0,spiral,32,jittered,0,False,averaged,0.5,ok,0.0011605020000047261,6.724446944420012e-17,3.903711794742382,24.356833098566387,2.4796381489826508e-15,2.4796381489826508e-15,gauss96,0.7604329327195906,0.022442971926324773,2976,0.0070291982012501125,0.0014397680868755629,4097,,,,,,,,
spiral_n32_jittered_s0,spiral,32,jittered,0,False,repeated,0.5,ok,0.0010075739999706457,6.724446944420012e-17,3.2354038590599083,22.0511529287498,6.44449510695389e-16,6.44449510695389e-16,gauss96,0.7675798908529072,0.01693472860532419,3040,0.006715814815111664,0.0013853680184696944,4097,,,,,,,,
spiral_n32_jittered_s0,spiral,32,jittered,0,False,natural,0.5,ok,0.0007831970000324873,1.3448893888840023e-16,14322.43915231846,21.89047690321758,6.491797678977572e-16,6.491797678977572e-16,gauss96,0.7675798961288172,0.01693472860532419,3040,0.00671585105524116,0.0013855394438693765,4097,,,,,,,,
spiral_n32_jittered_s0,spiral,32,jittered,0,False,averaged,1.0,ok,0.0012894660000029035,8.50582733973077e-17,6.93186142842396,17.680735550129256,4.0187396827781053e-16,4.0187396827781053e-16,gauss96,1.8081367247232392,0.014621256496874041,2976,0.0004465240454109288,0.00018733187456352202,4097,,,,,,,,
spiral_n32_jittered_s0,spiral,32,jittered,0,False,repeated,1.0,ok,0.0010770270000080018,6.724446944420012e-17,4.384521224216225,17.326764355634268,4.100839147899232e-16,4.100839147899232e-16,gauss96,1.1255242311855014,0.008081850798911494,3040,0.0005661610542118357,0.00020359172467275966,4097,,,,,,,,
spiral_n32_jittered_s0,spiral,32,jittered,0,False,natural,1.0,ok,0.0008010180000042055,1.2399267510957523e-16,37780.34653899129,17.2705678714549,0.0,0.0,gauss96,1.8062474454139186,0.008081850798911494,3040,0.0004706546090212293,0.00019356608734806302,4097,,,,,,,,
spiral_n32_jittered_s1,spiral,32,jittered,1,False,averaged,0.0,ok,0.0012560319999579406,1.2119130016457097e-16,3.8917527268816934,17656483.567302905,6.539369074147533e-09,0.16495110703421598,adaptive,0.0015868954187794365,0.032258064516129004,2953,0.028561918637492717,0.006018258862785358,4097,,,,,,,,
spiral_n32_jittered_s1,spiral,32,jittered,1,False,repeated,0.0,ok,0.001023266999993666,8.569519016718249e-17,2.985623407240252,11640059.511485405,8.770224068623114e-09,0.5035397876075418,adaptive,0.0019647958980132246,0.032258064516129004,3009,0.03094690198953385,0.0068413352153413026,4097,,,,,,,,
spiral_n32_jittered_s1,spiral,32,jittered,1,False,natural,0.0,ok,0.000838595000004716,2.4238260032914194e-16,7844.662972109781,312913423.1789536,8.574979805874987e-09,0.9989322533421393,adaptive,0.000375616094975103,0.032258064516129004,3009,0.030689523933410543,0.006693118428776223,4097,,,,,,,,
spiral_n32_jittered_s1,spiral,32,jittered,1,False,averaged,0.5,ok,0.0011781430000041837,1.2213443734727344e-16,8.368092163115817,20.62659948401335,3.444788542633052e-16,3.444788542633052e-16,gauss96,0.7308872726628265,0.02359780620803409,2976,0.02080240037760322,0.004596483266825187,4097,,,,,,,,
spiral_n32_jittered_s1,spiral,32,jittered,1,False,repeated,0.5,ok,0.0010859569999865926,6.774799636239054e-17,3.706488833813552,21.75684029479109,6.53167211904584e-16,6.53167211904584e-16,gauss96,0.6977595837692131,0.016069643198668132,3040,0.025993900487126725,0.005981118604260622,4097,,,,,,,,
spiral_n32_jittered_s1,spiral,32,jittered,1,False,natural,0.5,ok,0.0008358480000083546,6.774799636239054e-17,16265.289026911769,20.720365156147135,8.57299968419358e-16,8.57299968419358e-16,gauss96,0.6978945029616198,0.016069643198668132,3040,0.025367346560985778,0.005811420911088023,4097,,,,,,,,
spiral_n32_jittered_s1,spiral,32,jittered,1,False,averaged,1.0,ok,0.0011963819999891712,8.569519016718249e-17,32.83422594372634,17.59368745700458,6.057934735084869e-16,6.057934735084869e-16,gauss96,1.8175478847840285,0.016082902534967913,2976,0.0006064637132021403,0.0002099359080582451,4097,,,,,,,,
spiral_n32_jittered_s1,spiral,32,jittered,1,False,repeated,1.0,ok,0.0010125850000122227,6.059565008228548e-17,8.248290655520774,16.93103822236922,6.295030993622121e-16,6.295030993622121e-16,gauss96,1.142876017832858,0.006937528245504497,3040,0.012890791958874305,0.003345278407617218,4097,,,,,,,,
spiral_n32_jittered_s1,spiral,32,jittered,1,False,natural,1.0,ok,0.0008246900000017376,6.059565008228548e-17,59303.2824152818,16.84433110852316,2.1091450030941525e-16,2.1091450030941525e-16,gauss96,1.780930577224891,0.006937528245504497,3040,0.011429143982561656,0.002887804154356657,4097,,,,,,,,
spiral_n32_jittered_s2,spiral,32,jittered,2,False,averaged,0.0,ok,0.0011044350000020131,1.2038461613314367e-16,3.8917527268816934,82648.06610851674,6.018838754886906e-10,0.3929530954221611,adaptive,0.039264267400474694,0.032258064516129004,2953,0.021583166467064145,0.0049924190575366635,4097,,,,,,,,
spiral_n32_jittered_s2,spiral,32,jittered,2,False,repeated,0.0,ok,0.0010115899999618705,1.2060479180231322e-16,2.985623407240252,88643.42993536926,1.66848240489025e-10,0.4299577997126552,adaptive,0.03763731785328145,0.032258064516129004,3009,0.02164843045121671,0.0049897137158281795,4097,,,,,,,,
spiral_n32_jittered_s2,spiral,32,jittered,2,False,natural,0.0,ok,0.0011580039999898872,1.240744771182158e-16,7844.662972109781,85169.46177477283,4.643507303392563e-10,0.41173270017533786,adaptive,0.0385358249210693,0.032258064516129004,3009,0.021619057147935477,0.004981089942976543,4097,,,,,,,,
spiral_n32_jittered_s2,spiral,32,jittered,2,False,averaged,0.5,ok,0.001164726000013161,1.2060479180231322e-16,9.22664328444697,29.024262589469167,2.4480991845005752e-16,2.4480991845005752e-16,gauss96,0.5480567408095915,0.016731265774888607,2976,0.013156790874941851,0.0029839845959186853,4097,,,,,,,,
spiral_n32_jittered_s2,spiral,32,jittered,2,False,repeated,0.5,ok,0.0010723899999902642,1.213066684851875e-16,4.094674752479748,37.963270567052376,0.0,0.0,gauss96,0.48344420806141103,0.012214201798490733,3040,0.015008737609365256,0.0034303682292865707,4097,,,,,,,,
spiral_n32_jittered_s2,spiral,32,jittered,2,False,natural,0.5,ok,0.0009387599999968188,1.2036992343569066e-16,20743.045832919175,37.14897216028664,3.825369556359848e-16,3.825369556359848e-16,gauss96,0.48303433829380327,0.012214201798490733,3040,0.01497582764704712,0.00342066893766378,4097,,,,,,,,
spiral_n32_jittered_s2,spiral,32,jittered,2,False,averaged,1.0,ok,0.0012781820000213884,1.2060479180231322e-16,49.13280417612648,17.67242593691955,6.030943954409524e-16,6.030943954409524e-16,gauss96,1.8060662577441,0.007739633324421621,2976,0.0005528930567473647,0.0002006177284285276,4097,,,,,,,,
spiral_n32_jittered_s2,spiral,32,jittered,2,False,repeated,1.0,ok,0.001127777000021979,6.728883281216234e-17,12.484408554588754,17.293767653883314,2.054331797387563e-16,2.054331797387563e-16,gauss96,1.1610119346711545,0.003977477785072778,3040,0.0014530398851833749,0.00034935716733567256,4097,,,,,,,,
spiral_n32_jittered_s2,spiral,32,jittered,2,False,natural,1.0,ok,0.0009005999999658343,6.728883281216234e-17,129728.01279829236,17.251727866977614,4.118675771139337e-16,4.118675771139337e-16,gauss96,1.80216687609148,0.003977477785072778,3040,0.0012882013828545231,0.00032489451603093613,4097,,,,,,,,
spiral_n32_jittered_s3,spiral,32,jittered,3,False,averaged,0.0,ok,0.0012683410000136064,7.135535440648332e-17,3.8917527268816934,138978.97669341697,2.6035825674708735e-10,0.5052031501223327,adaptive,0.017515898514698792,0.032258064516129004,2953,0.08387676453855639,0.024823925645110583,4097,,,,,,,,
spiral_n32_jittered_s3,spiral,32,jittered,3,False,repeated,0.0,ok,0.001149442999974326,1.2789340076974424e-16,2.985623407240252,1903374.817873279,2.5379872093751817e-09,0.8580126783466638,adaptive,0.007496353953971295,0.032258064516129004,3009,0.08387662954496576,0.02478044230387961,4097,,,,,,,,
spiral_n32_jittered_s3,spiral,32,jittered,3,False,natural,0.0,ok,0.0008291789999930188,2.552886768183774e-16,7844.662972109781,1034485.0471653438,1.7401823169349306e-10,0.9451279110000025,adaptive,0.008715655880318834,0.032258064516129004,3009,0.08387668160275637,0.024780103411098625,4097,,,,,,,,
spiral_n32_jittered_s3,spiral,32,jittered,3,False,averaged,0.5,ok,0.001233649000027981,9.025817726920782e-17,10.858906220725045,603.0333501869806,2.4360064074078216e-11,2.4360064074078216e-11,gauss96,0.20007167235012568,0.017113062763710135,2976,0.07014281573376013,0.020923844880450466,4097,,,,,,,,
spiral_n32_jittered_s3,spiral,32,jittered,3,False,repeated,0.5,ok,0.0010539719999655972,9.025817726920782e-17,5.104453752438167,172.05840191725736,9.911184497949237e-16,9.911184497949237e-16,gauss96,0.4095200499018968,0.01131523903606442,3040,0.07096129042713363,0.021388099607540196,4097,,,,,,,,
spiral_n32_jittered_s3,spiral,32,jittered,3,False,natural,0.5,ok,0.000830737000001136,7.135535440648332e-17,18732.752682456023,162.5573762985747,3.4968218702301e-16,3.4968218702301e-16,gauss96,0.431663096638483,0.01131523903606442,3040,0.07096136121317945,0.021387617129813102,4097,,,,,,,,
spiral_n32_jittered_s3,spiral,32,jittered,3,False,averaged,1.0,ok,0.0012278769999625183,1.276443384091887e-16,175.21549971205002,16.729785450466714,4.2471718353105244e-16,4.2471718353105244e-16,gauss96,1.8733197896128966,0.007307752009087884,2976,0.006805836479614361,0.001882601848945214,4097,,,,,,,,
spiral_n32_jittered_s3,spiral,32,jittered,3,False,repeated,1.0,ok,0.0010312770000382443,6.431884727287022e-17,26.05871288811314,16.1927417413908,1.0970080717459022e-15,1.0970080717459022e-15,gauss96,1.153221082661374,0.003081845199029376,3040,0.012607376993326178,0.0039019851211829475,4097,,,,,,,,
spiral_n32_jittered_s3,spiral,32,jittered,3,False,natural,1.0,ok,0.0008237930000518645,6.382995952127939e-17,159261.93468657465,16.125037824197175,6.609684363287467e-16,6.609684363287467e-16,gauss96,1.8576047842496761,0.003081845199029376,3040,0.012607404628477073,0.0038947088800448592,4097,,,,,,,,
spiral_n32_jittered_s4,spiral,32,jittered,4,False,averaged,0.0,ok,0.0011265320000006795,6.772118039903056e-17,3.8917527268816934,91802.35562333233,3.1282195518231907e-10,0.029437809067822854,adaptive,0.08924340192305129,0.032258064516129004,2953,0.02930665779724621,0.007245677468904985,4097,,,,,,,,
spiral_n32_jittered_s4,spiral,32,jittered,4,False,repeated,0.0,ok,0.0010620940000194423,8.566127035843483e-17,2.985623407240252,84185.30867926599,2.9198413797173814e-10,0.03605698928359298,adaptive,0.08861117064663512,0.032258064516129004,3009,0.029306657752002023,0.007214354466402335,4097,,,,,,,,
spiral_n32_jittered_s4,spiral,32,jittered,4,False,natural,0.0,ok,0.0008344180000108281,1.8422152760283338e-16,7844.662972109781,84529.09804188267,3.1296955510732564e-10,0.03546022916889044,adaptive,0.08878509133388403,0.032258064516129004,3009,0.029306657761173478,0.007213543529058401,4097,,,,,,,,
spiral_n32_jittered_s4,spiral,32,jittered,4,False,averaged,0.5,ok,0.0011852449999878445,6.772118039903056e-17,4.89374219376412,66.10500214191859,3.2246095427150583e-15,3.2246095427150583e-15,gauss96,0.6814908723878017,0.020425409014585727,2976,0.026863939180990427,0.006472502757203353,4097,,,,,,,,
spiral_n32_jittered_s4,spiral,32,jittered,4,False,repeated,0.5,ok,0.001002057999983208,6.772118039903056e-17,4.075758121963503,89.91676861995822,1.4224008980726365e-15,1.4224008980726365e-15,gauss96,0.5267519423108872,0.01540205434497642,3040,0.02431335005151678,0.005851848566517646,4097,,,,,,,,
spiral_n32_jittered_s4,spiral,32,jittered,4,False,natural,0.5,ok,0.0008063980000088122,1.3544236079806113e-16,30852.32628431479,89.48690176938169,1.746841144082467e-15,1.746841144082467e-15,gauss96,0.6611098231491012,0.01540205434497642,3040,0.02431335006382498,0.0058498138511195305,4097,,,,,,,,
spiral_n32_jittered_s4,spiral,32,jittered,4,False,averaged,1.0,ok,0.001140366999948128,1.211581174127173e-16,20.220569426335906,17.559121009698828,6.0698602341851e-16,6.0698602341851e-16,gauss96,1.8148529136426959,0.011283348967609921,2976,0.0007740628470348976,0.00023604063543563583,4097,,,,,,,,
spiral_n32_jittered_s4,spiral,32,jittered,4,False,repeated,1.0,ok,0.0010471090000123695,6.057166515550347e-17,11.829158890758034,17.40401171625852,0.0,0.0,gauss96,1.1385439272417746,0.006180384469228847,3040,0.001215039833015878,0.00034075960136884247,4097,,,,,,,,
spiral_n32_jittered_s4,spiral,32,jittered,4,False,natural,1.0,ok,0.0008133089999660115,6.772118039903056e-17,371430.7163640714,17.34548734987543,2.0482063185304593e-16,2.0482063185304593e-16,gauss96,1.8137819737596623,0.006180384469228847,3040,0.0012150398443282913,0.00033109678712928733,4097,,,,,,,,
spiral_n32_jittered_s5,spiral,32,jittered,5,False,averaged,0.0,ok,0.0011166790000061155,1.2078333108665063e-16,3.8917527268816934,7486.665350754215,2.707261210671022e-10,0.002375468700987889,adaptive,0.18300351276620902,0.032258064516129004,2953,0.010678843798746672,0.002893052780692654,4097,,,,,,,,
spiral_n32_jittered_s5,spiral,32,jittered,5,False,repeated,0.0,ok,0.001079342999958044,8.540671246567059e-17,2.985623407240252,2561.762823142842,6.015997929812466e-10,3.4786707833693587e-06,adaptive,0.275445766862414,0.032258064516129004,3009,0.010678843777802672,0.002877033640895962,4097,,,,,,,,
spiral_n32_jittered_s5,spiral,32,jittered,5,False,natural,0.0,ok,0.0008950580000259833,1.8180298810268588e-16,7844.662972109781,2561.5858634090537,6.015329847086619e-10,3.4789124947388144e-06,adaptive,0.2754457661881477,0.032258064516129004,3009,0.010678843785661174,0.0028775861964005283,4097,,,,,,,,
spiral_n32_jittered_s5,spiral,32,jittered,5,False,averaged,0.5,ok,0.0012794040000017048,1.245006079710524e-16,4.545303483171357,25.534783188121757,2.226117153297404e-15,2.226117153297404e-15,gauss96,0.685568104696542,0.02220304009199467,2976,0.005816004716015401,0.0013430721745255575,4097,,,,,,,,
spiral_n32_jittered_s5,spiral,32,jittered,5,False,repeated,0.5,ok,0.0010701780000204053,6.039166554332531e-17,3.7049810990297973,23.7115417019722,5.993222580723218e-16,5.993222580723218e-16,gauss96,0.6019611900543017,0.01571225483485487,3040,0.006919088959960738,0.0016502127270134135,4097,,,,,,,,
spiral_n32_jittered_s5,spiral,32,jittered,5,False,natural,0.5,ok,0.0007361259999925096,1.8180298810268588e-16,27498.52724971899,23.63972411002263,0.0,0.0,gauss96,0.7585651626541012,0.01571225483485487,3040,0.006919088995811939,0.0016506352906810898,4097,,,,,,,,
spiral_n32_jittered_s5,spiral,32,jittered,5,False,averaged,1.0,ok,0.0012869000000250708,8.540671246567059e-17,15.961525055338889,17.6114489647154,4.0345501223872894e-16,4.0345501223872894e-16,gauss96,1.8138572563765831,0.014487784007251439,2976,0.0004697334449182512,0.00019076992328727875,4097,,,,,,,,
spiral_n32_jittered_s5,spiral,32,jittered,5,False,repeated,1.0,ok,0.0010303790000421031,1.2078333108665063e-16,7.665763145227943,17.415027766994022,2.0400275706328826e-16,2.0400275706328826e-16,gauss96,1.1323529389408113,0.006852732526447299,3040,0.0005324331883160091,0.00020627623752201549,4097,,,,,,,,
spiral_n32_jittered_s5,spiral,32,jittered,5,False,natural,1.0,ok,0.0008157400000072812,8.540671246567059e-17,204812.13760827828,17.381550834596354,4.0879133428406814e-16,4.0879133428406814e-16,gauss96,1.813783443376532,0.006852732526447299,3040,0.0005324335533595642,0.00020420806235835103,4097,,,,,,,,
spiral_n32_jittered_s6,spiral,32,jittered,6,False,averaged,0.0,ok,0.0011159599999928105,1.2071119104262903e-16,3.8917527268816934,61162.62462797879,2.0440996197969906e-10,0.009722654445788225,adaptive,0.03771801300596421,0.032258064516129004,2953,0.009363814716837554,0.002670003748226616,4097,,,,,,,,
spiral_n32_jittered_s6,spiral,32,jittered,6,False,repeated,0.0,ok,0.0010145869999860224,6.747960720407056e-17,2.985623407240252,87717.02018845943,4.860863226777348e-10,0.49593410582943526,adaptive,0.03307249460340085,0.032258064516129004,3009,0.008061783280030552,0.0023916666979241275,4097,,,,,,,,
spiral_n32_jittered_s6,spiral,32,jittered,6,False,natural,0.0,ok,0.000812501999973847,1.8356437746544347e-16,7844.662972109781,79978.27182988793,4.6713269652605866e-09,0.40069977195205925,adaptive,0.03496864279491115,0.032258064516129004,3009,0.008061783435496154,0.002413730978159562,4097,,,,,,,,
spiral_n32_jittered_s6,spiral,32,jittered,6,False,averaged,0.5,ok,0.001157750999993823,6.221312385785899e-17,8.877791833031242,319.5036431709323,1.3814839263602199e-11,1.3814839263602199e-11,gauss96,0.5319320143686839,0.021545692233026048,2976,0.006563261931858682,0.0019270627171328436,4097,,,,,,,,
spiral_n32_jittered_s6,spiral,32,jittered,6,False,repeated,0.5,ok,0.0010070430000155284,8.535570175134783e-17,3.9807381782569906,32.23692381260775,2.204126981502526e-16,2.204126981502526e-16,gauss96,0.46378909217804487,0.011335550984092543,3040,0.005679150158825089,0.001553288677115341,4097,,,,,,,,
spiral_n32_jittered_s6,spiral,32,jittered,6,False,natural,0.5,ok,0.0008066639999810832,6.747960720407056e-17,10411.428785692035,34.663215301367515,4.099693173772418e-16,4.099693173772418e-16,gauss96,0.46019485097072366,0.011335550984092543,3040,0.0056791503588200214,0.0015733087141981176,4097,,,,,,,,
spiral_n32_jittered_s6,spiral,32,jittered,6,False,averaged,1.0,ok,0.001151447999973243,8.535570175134783e-17,35.75451729727725,17.72156258263186,4.009481288385215e-16,4.009481288385215e-16,gauss96,1.8121315641615603,0.013927173786221825,2976,0.0004499046910211122,0.0001899926720397651,4097,,,,,,,,
spiral_n32_jittered_s6,spiral,32,jittered,6,False,repeated,1.0,ok,0.001036876000000575,6.747960720407056e-17,11.055701957182851,17.061896060644703,4.164500435558576e-16,4.164500435558576e-16,gauss96,1.138471360299565,0.0035541648185491714,3040,0.0009992974312125731,0.00027835143999863717,4097,,,,,,,,
spiral_n32_jittered_s6,spiral,32,jittered,6,False,natural,1.0,ok,0.0008084849999931976,8.535570175134783e-17,33906.74054962025,16.997310045205353,0.0,0.0,gauss96,1.8119409940176738,0.0035541648185491714,3040,0.0007396068713821756,0.00022065135982423823,4097,,,,,,,,
spiral_n32_jittered_s7,spiral,32,jittered,7,False,averaged,0.0,ok,0.0011528530000077808,6.20522501039772e-17,3.8917527268816934,11073.673344335939,1.7879734441830718e-10,0.12172149960065752,adaptive,0.13352589297646447,0.032258064516129004,2953,0.007433991759691626,0.001745316365998336,4097,,,,,,,,
spiral_n32_jittered_s7,spiral,32,jittered,7,False,repeated,0.0,ok,0.0010851299999785624,1.2133602183068137e-16,2.985623407240252,156.19177244667665,1.4557340113472152e-15,1.4557340113472152e-15,gauss96,0.42953587148319894,0.032258064516129004,3009,0.007434010630255896,0.0017279472777584548,4097,,,,,,,,
spiral_n32_jittered_s7,spiral,32,jittered,7,False,natural,0.0,ok,0.0008152290000111861,1.8308970767472038e-16,7844.662972109781,156.45870008933053,7.266252222260968e-16,7.266252222260968e-16,gauss96,0.5011575097391863,0.032258064516129004,3009,0.007434189173888495,0.0017306351559735929,4097,,,,,,,,
spiral_n32_jittered_s7,spiral,32,jittered,7,False,averaged,0.5,ok,0.0011869429999933345,1.2039905011103175e-16,4.1244120375642925,25.001214317898302,2.2736263182270297e-15,2.2736263182270297e-15,gauss96,0.7652941774252744,0.022013589370835113,2976,0.004073649557021765,0.0009261882576441831,4097,,,,,,,,
spiral_n32_jittered_s7,spiral,32,jittered,7,False,repeated,0.5,ok,0.0009864909999919291,6.20522501039772e-17,3.2472715755321344,21.624330305150135,1.6429242564586486e-16,1.6429242564586486e-16,gauss96,0.7841425698471179,0.020816504575559516,3040,0.0046729618996835375,0.001022107158198722,4097,,,,,,,,
spiral_n32_jittered_s7,spiral,32,jittered,7,False,natural,0.5,ok,0.000939040999980989,6.730511511866765e-17,12159.623716841637,21.72288160996861,3.270941436397797e-16,3.270941436397797e-16,gauss96,1.056799062346047,0.020816504575559516,3040,0.004673441317657349,0.001024932157921315,4097,,,,,,,,
spiral_n32_jittered_s7,spiral,32,jittered,7,False,averaged,1.0,ok,0.0011775300000067546,1.2039905011103175e-16,7.128212863597765,17.682290335362037,0.0,0.0,gauss96,1.8104137633323378,0.01407989269350099,2976,0.0004608363663835073,0.00018800743247151933,4097,,,,,,,,
spiral_n32_jittered_s7,spiral,32,jittered,7,False,repeated,1.0,ok,0.0009943659999862575,6.730511511866765e-17,4.708414968056836,17.26393704032796,2.0578815078515895e-16,2.0578815078515895e-16,gauss96,1.121579149534531,0.012525286540451722,3040,0.0006458635908242961,0.0002188965927752171,4097,,,,,,,,
spiral_n32_jittered_s7,spiral,32,jittered,7,False,natural,1.0,ok,0.0008153329999913694,1.204578243640374e-16,28098.380937697628,17.19643900601995,4.131917866898843e-16,4.131917866898843e-16,gauss96,1.8082875306035224,0.012525286540451722,3040,0.0005593353130107087,0.00019792029427313706,4097,,,,,,,,
spiral_n32_jittered_s8,spiral,32,jittered,8,False,averaged,0.0,ok,0.0011118129999658777,8.514342029124625e-17,3.8917527268816934,17521.343854009647,3.127890555929612e-09,0.0016768145433331382,adaptive,0.12213190829060519,0.032258064516129004,2953,0.046697919019166104,0.004793784331242937,4097,,,,,,,,
spiral_n32_jittered_s8,spiral,32,jittered,8,False,repeated,0.0,ok,0.0010329859999842483,8.514342029124625e-17,2.985623407240252,19279.016600517658,7.868681260329901e-10,0.10168972410075684,adaptive,0.11158692916381005,0.032258064516129004,3009,0.01227377280995826,0.003117634203675388,4097,,,,,,,,
spiral_n32_jittered_s8,spiral,32,jittered,8,False,natural,0.0,ok,0.0009130679999884705,2.4823359394042603e-16,7844.662972109781,18842.460918315668,9.85350206624776e-10,0.08041426267838055,adaptive,0.11316157410955192,0.032258064516129004,3009,0.012500746658555032,0.0031813068832067678,4097,,,,,,,,
spiral_n32_jittered_s8,spiral,32,jittered,8,False,averaged,0.5,ok,0.001339669000003596,6.020548986135651e-17,5.654317690677723,1164.5821111354978,9.696238802283133e-13,0.000438442905450004,adaptive,0.4592444050337089,0.015863394994093852,2976,0.01040103068766481,0.0024004674317080923,4097,,,,,,,,
spiral_n32_jittered_s8,spiral,32,jittered,8,False,repeated,0.5,ok,0.0011158560000126272,6.731178397433378e-17,3.4580446719424462,32.71503485783129,4.343829917026735e-16,4.343829917026735e-16,gauss96,0.39234446485733937,0.012628388972526022,3040,0.008798659793359928,0.002095765614396476,4097,,,,,,,,
spiral_n32_jittered_s8,spiral,32,jittered,8,False,natural,0.5,ok,0.0008179140000379448,1.2041097972271301e-16,46798.509202979505,33.52959150519706,1.059575592577629e-15,1.059575592577629e-15,gauss96,0.5446164050317237,0.012628388972526022,3040,0.009369770030144423,0.002185952705945414,4097,,,,,,,,
spiral_n32_jittered_s8,spiral,32,jittered,8,False,averaged,1.0,ok,0.0012228969999910078,1.2134804428120781e-16,16.256773458484403,17.673641078777038,2.0101764333477896e-16,2.0101764333477896e-16,gauss96,1.800896720476538,0.006977110626264674,2976,0.0004646082808778067,0.0001891129031270228,4097,,,,,,,,
spiral_n32_jittered_s8,spiral,32,jittered,8,False,repeated,1.0,ok,0.0010135019999779615,8.514342029124625e-17,7.551848849175823,17.54775408721378,2.0245973707764665e-16,2.0245973707764665e-16,gauss96,1.1054326984057206,0.004252814419267708,3040,0.001561163056809187,0.0003622623484877081,4097,,,,,,,,
spiral_n32_jittered_s8,spiral,32,jittered,8,False,natural,1.0,ok,0.000797534000014366,3.142818838358343e-16,684687.6504291425,17.513259916043697,2.0285850240513477e-16,2.0285850240513477e-16,gauss96,1.8086420028491332,0.004252814419267708,3040,0.0004883837807684466,0.00019243344497861387,4097,,,,,,,,
spiral_n32_jittered_s9,spiral,32,jittered,9,False,averaged,0.0,ok,0.001226835000011306,1.2540118372613778e-16,3.8917527268816934,99732.60925988121,6.075268789617882e-10,0.21535476035396922,adaptive,0.04693453579193677,0.032258064516129004,2953,0.025033667743586095,0.007971229939562379,4097,,,,,,,,
spiral_n32_jittered_s9,spiral,32,jittered,9,False,repeated,0.0,ok,0.0010212009999577276,6.800834049178122e-17,2.985623407240252,71298.39283086803,7.453316713852009e-10,0.31342890112583616,adaptive,0.0705635639367336,0.032258064516129004,3009,0.025032258616304426,0.007937205378733547,4097,,,,,,,,
spiral_n32_jittered_s9,spiral,32,jittered,9,False,natural,0.0,ok,0.0009040420000019367,7.603563618828714e-17,7844.662972109781,71284.25225023871,7.4573899985486e-10,0.31344507424132495,adaptive,0.07056353506000831,0.032258064516129004,3009,0.025032741236581914,0.007936709044214587,4097,,,,,,,,
spiral_n32_jittered_s9,spiral,32,jittered,9,False,averaged,0.5,ok,0.0013304899999866393,6.800834049178122e-17,5.082526377271765,298.63405506724155,3.5023430492659803e-14,3.5023430492659803e-14,gauss96,0.19993499043390833,0.017231147368114125,2976,0.019836956385707594,0.006354622468725386,4097,,,,,,,,
spiral_n32_jittered_s9,spiral,32,jittered,9,False,repeated,0.5,ok,0.0011571860000003653,6.800834049178122e-17,4.038471282737804,72.77506515707385,1.1716255850431776e-15,1.1716255850431776e-15,gauss96,0.3679005677391633,0.012678136274187304,3040,0.019704197260665985,0.006088056542839411,4097,,,,,,,,
spiral_n32_jittered_s9,spiral,32,jittered,9,False,natural,0.5,ok,0.001005851000002167,1.217164062464619e-16,37845.0013935633,72.7610595363131,1.5624681449955793e-15,1.5624681449955793e-15,gauss96,0.48727048650225313,0.012678136274187304,3040,0.019705024976789928,0.006087679205144671,4097,,,,,,,,
spiral_n32_jittered_s9,spiral,32,jittered,9,False,averaged,1.0,ok,0.0013393980000273586,6.800834049178122e-17,28.387060452143338,17.495318647751724,0.0,0.0,gauss96,1.8188837170035317,0.007582469998904301,2976,0.00081341852121279,0.00025642224186606246,4097,,,,,,,,
spiral_n32_jittered_s9,spiral,32,jittered,9,False,repeated,1.0,ok,0.0010038300000019262,6.800834049178122e-17,12.757460791239337,17.337963526664765,2.0490951393089717e-16,2.0490951393089717e-16,gauss96,1.134125756608274,0.004000034125115751,3040,0.001253033625971656,0.0003934086648208136,4097,,,,,,,,
spiral_n32_jittered_s9,spiral,32,jittered,9,False,natural,1.0,ok,0.000932719999980236,1.299297520740653e-16,667992.992869037,17.301289808812793,0.0,0.0,gauss96,1.8173104123641712,0.004000034125115751,3040,0.001253033947317698,0.0003909397005997265,4097,,,,,,,,
spiral_n32_clustered_s0,spiral,32,clustered,0,False,averaged,0.0,ok,0.0012679839999805154,8.52285859908858e-17,3.8917527268816934,20.680925731058856,8.589348767557813e-16,8.589348767557813e-16,gauss96,0.20187288775616052,0.032258064516129004,2953,0.004655605699813795,0.0013664305017855136,4097,,,,,,,,
spiral_n32_clustered_s0,spiral,32,clustered,0,False,repeated,0.0,ok,0.0012375459999702798,1.8080575418888178e-16,2.985623407240252,20.50847132200347,1.2126206464214446e-15,1.2126206464214446e-15,gauss96,0.16125134163977947,0.032258064516129004,3009,0.004655605698293141,0.0013623185816439955,4097,,,,,,,,
spiral_n32_clustered_s0,spiral,32,clustered,0,False,natural,0.0,ok,0.0009294430000181819,1.2424094624463528e-16,7844.662972109781,20.504405001991096,6.93063500931729e-16,6.93063500931729e-16,gauss96,0.2543498471426943,0.032258064516129004,3009,0.004655605696388238,0.0013622105600159906,4097,,,,,,,,
spiral_n32_clustered_s0,spiral,32,clustered,0,False,averaged,0.5,ok,0.001293993999979648,1.2424094624463528e-16,4.117920067250672,18.29937691771563,7.765758790095455e-16,7.765758790095455e-16,gauss96,0.5801671646827169,0.017593168499374697,2976,0.0027911610013421663,0.0007624535777584707,4097,,,,,,,,
spiral_n32_clustered_s0,spiral,32,clustered,0,False,repeated,0.5,ok,0.0010862980000183597,6.027502115142898e-17,3.0514301859363844,18.131918352934193,9.796849979267594e-16,9.796849979267594e-16,gauss96,0.401880676540467,0.013693872581091737,3040,0.0027042193632853687,0.0007625664533095844,4097,,,,,,,,
spiral_n32_clustered_s0,spiral,32,clustered,0,False,natural,0.5,ok,0.0009159859999954278,1.2424094624463528e-16,43039.14082993476,18.124055131319263,7.840880317476492e-16,7.840880317476492e-16,gauss96,0.6369635817436392,0.013693872581091737,3040,0.002704219059395337,0.0007624743208998817,4097,,,,,,,,
spiral_n32_clustered_s0,spiral,32,clustered,0,False,averaged,1.0,ok,0.0012665919999790276,1.2053142221019225e-16,4.863908998071876,17.64672049075339,0.0,0.0,gauss96,1.8121148859518976,0.008322560807560064,2976,0.0004480163559707314,0.0001895142370916634,4097,,,,,,,,
spiral_n32_clustered_s0,spiral,32,clustered,0,False,repeated,1.0,ok,0.0011166290000232948,6.737911337167946e-17,3.404217035271254,17.532325900714333,2.0263789864046219e-16,2.0263789864046219e-16,gauss96,1.138137034971475,0.00502506829272317,3040,0.00046072679035209915,0.0001898971348727498,4097,,,,,,,,
spiral_n32_clustered_s0,spiral,32,clustered,0,False,natural,1.0,ok,0.0009356289999686851,1.2053142221019225e-16,316655.13089499285,17.507936483716843,0.0,0.0,gauss96,1.811779753559064,0.00502506829272317,3040,0.0004607225381424338,0.0001898622247529978,4097,,,,,,,,
spiral_n32_clustered_s1,spiral,32,clustered,1,False,averaged,0.0,ok,0.0012125110000056338,8.505883935335467e-17,3.8917527268816934,1143.0908161370928,7.053993271706105e-10,7.053993271706105e-10,gauss96,0.0506334647215573,0.032258064516129004,2953,0.0024614000894668695,0.0007197500514951141,4097,,,,,,,,
spiral_n32_clustered_s1,spiral,32,clustered,1,False,repeated,0.0,ok,0.0011215190000370967,6.724491687174112e-17,2.985623407240252,19.066302112166422,2.4223510963321603e-15,2.4223510963321603e-15,gauss96,0.1361530511664901,0.032258064516129004,3009,0.002461400092318479,0.0007175057008418415,4097,,,,,,,,
spiral_n32_clustered_s1,spiral,32,clustered,1,False,natural,0.0,ok,0.0011372929999993175,1.8292595073867063e-16,7844.662972109781,19.108124292179614,1.1155612004013982e-15,1.1155612004013982e-15,gauss96,0.16361280586104188,0.032258064516129004,3009,0.0024614000886035068,0.0007174845176953789,4097,,,,,,,,
spiral_n32_clustered_s1,spiral,32,clustered,1,False,averaged,0.5,ok,0.0016449319999765066,6.724491687174112e-17,4.069097111968906,18.41247736294326,1.1577085284408228e-15,1.1577085284408228e-15,gauss96,0.49692463902968054,0.012601103487249351,2976,0.0015595725817241146,0.00043469346157709365,4097,,,,,,,,
spiral_n32_clustered_s1,spiral,32,clustered,1,False,repeated,0.5,ok,0.0011794849999660073,6.199675006259817e-17,3.08818392942844,17.866183573470984,3.9770258311638866e-16,3.9770258311638866e-16,gauss96,0.35594097371845396,0.011267123484621298,3040,0.0014999047530496886,0.00042650634270835513,4097,,,,,,,,
spiral_n32_clustered_s1,spiral,32,clustered,1,False,natural,0.5,ok,0.0009433970000145564,6.199675006259817e-17,53429.84257749515,17.878724402530533,1.3909826669783879e-15,1.3909826669783879e-15,gauss96,0.49515352955942,0.011267123484621298,3040,0.0014999047340015685,0.00042662321083997384,4097,,,,,,,,
spiral_n32_clustered_s1,spiral,32,clustered,1,False,averaged,1.0,ok,0.0013581000000044696,1.2029503515832032e-16,5.727284760236334,17.681660855704997,0.0,0.0,gauss96,1.807152667341574,0.0040339357538808586,2976,0.00045089271290440385,0.00018772837625404202,4097,,,,,,,,
spiral_n32_clustered_s1,spiral,32,clustered,1,False,repeated,1.0,ok,0.0011772749999749976,6.199675006259817e-17,3.7759945292421295,17.59384099358591,8.077175825553259e-16,8.077175825553259e-16,gauss96,1.1299724886162295,0.0031926864625389535,3040,0.00045395126563038256,0.00018911190875823064,4097,,,,,,,,
spiral_n32_clustered_s1,spiral,32,clustered,1,False,natural,1.0,ok,0.0009300520000010692,1.3448983374348223e-16,599253.4536333149,17.578113518684386,1.8189905916364567e-15,1.8189905916364567e-15,gauss96,1.8070667768895243,0.0031926864625389535,3040,0.0004539513846183614,0.00018889713846803174,4097,,,,,,,,
spiral_n32_clustered_s2,spiral,32,clustered,2,False,averaged,0.0,ok,0.0008782059999816738,6.768765747565816e-17,3.8917527268816934,65.81326048852073,2.8286426684728225e-14,2.8286426684728225e-14,gauss96,0.18633981359644552,0.032258064516129004,2953,0.009095957281913756,0.002129820960540826,4097,,,,,,,,
spiral_n32_clustered_s2,spiral,32,clustered,2,False,repeated,0.0,ok,0.0007958659999758311,6.240493673068436e-17,2.985623407240252,23.32630609248764,1.9799653507625332e-15,1.9799653507625332e-15,gauss96,0.18633936742555218,0.032258064516129004,3009,0.009097716172870814,0.0021062055815661194,4097,,,,,,,,
spiral_n32_clustered_s2,spiral,32,clustered,2,False,natural,0.0,ok,0.0006068790000313129,1.2108336268263476e-16,7844.662972109781,23.508817022494675,1.6623486596289178e-15,1.6623486596289178e-15,gauss96,0.18634004590418354,0.032258064516129004,3009,0.009101153288838865,0.002111320505306298,4097,,,,,,,,
spiral_n32_clustered_s2,spiral,32,clustered,2,False,averaged,0.5,ok,0.0010250660000110656,6.768765747565816e-17,4.656429573126464,20.06032872886272,1.2397102803117126e-15,1.2397102803117126e-15,gauss96,0.5018580149764834,0.013153626539658611,2976,0.005149761045593926,0.0011728190776069186,4097,,,,,,,,
spiral_n32_clustered_s2,spiral,32,clustered,2,False,repeated,0.5,ok,0.0007992939999894588,6.768765747565816e-17,3.0753677023574317,18.105046614598585,1.9622781174923088e-16,1.9622781174923088e-16,gauss96,0.5008689153415234,0.012464131746593332,3040,0.005365038072087967,0.0012328776851465442,4097,,,,,,,,
spiral_n32_clustered_s2,spiral,32,clustered,2,False,natural,0.5,ok,0.0006367080000018177,9.691397679288133e-17,23351.37067244618,18.161897204974167,5.86840731236077e-16,5.86840731236077e-16,gauss96,0.5008697400786053,0.012464131746593332,3040,0.005376105983464124,0.0012382673808928517,4097,,,,,,,,
spiral_n32_clustered_s2,spiral,32,clustered,2,False,averaged,1.0,ok,0.000841991000015696,6.240493673068436e-17,6.06534093288062,17.570325623005033,1.819796843567886e-15,1.819796843567886e-15,gauss96,1.814640341801873,0.003940541125388504,2976,0.00048571743384636756,0.00018973893190059684,4097,,,,,,,,
spiral_n32_clustered_s2,spiral,32,clustered,2,False,repeated,1.0,ok,0.0007724929999994856,6.768765747565816e-17,3.5022148153962314,17.35005961168693,1.4333665882537863e-15,1.4333665882537863e-15,gauss96,1.1406391844925803,0.0035318339704222684,3040,0.0006656444108949939,0.00022552152276163632,4097,,,,,,,,
spiral_n32_clustered_s2,spiral,32,clustered,2,False,natural,1.0,ok,0.0006270620000350391,7.567710167664673e-17,132247.4043276497,17.316361732007774,2.4619816105367827e-15,2.4619816105367827e-15,gauss96,1.8147189147420506,0.0035318339704222684,3040,0.0005955552704529537,0.00021355178229498365,4097,,,,,,,,
spiral_n32_clustered_s3,spiral,32,clustered,3,False,averaged,0.0,ok,0.0008693800000401097,8.57376491890484e-17,3.8917527268816934,673.3478607743601,4.77374802190378e-11,4.77374802190378e-11,gauss96,0.2533635674870909,0.032258064516129004,2953,0.009745981158179446,0.0024875589859134446,4097,,,,,,,,
spiral_n32_clustered_s3,spiral,32,clustered,3,False,repeated,0.0,ok,0.0007877870000356779,6.249151349980791e-17,2.985623407240252,23.691886514528846,2.0993681306343258e-15,2.0993681306343258e-15,gauss96,0.2533635697080851,0.032258064516129004,3009,0.007775886733306232,0.0023827394346077886,4097,,,,,,,,
spiral_n32_clustered_s3,spiral,32,clustered,3,False,natural,0.0,ok,0.0006053220000126203,1.2336430707977817e-16,7844.662972109781,23.980875711334104,2.0740690249146866e-15,2.0740690249146866e-15,gauss96,0.25336356942327815,0.032258064516129004,3009,0.007175863970543831,0.0022188688264089037,4097,,,,,,,,
spiral_n32_clustered_s3,spiral,32,clustered,3,False,averaged,0.5,ok,0.0008242099999620223,6.249151349980791e-17,3.8807201448197413,26.685871623305257,4.659580939054837e-15,4.659580939054837e-15,gauss96,0.5906225100813542,0.014317431175285722,2976,0.0044173505011171855,0.0012807774496810089,4097,,,,,,,,
spiral_n32_clustered_s3,spiral,32,clustered,3,False,repeated,0.5,ok,0.0008642829999985224,6.778156316647032e-17,3.071761562802004,17.987743132347013,0.0,0.0,gauss96,0.590709314430264,0.013889668334003957,3040,0.005208269166513726,0.0016324858453873059,4097,,,,,,,,
spiral_n32_clustered_s3,spiral,32,clustered,3,False,natural,0.5,ok,0.000665220000030331,1.2178302343929118e-16,9634.61174709616,18.08799790728191,3.92825529614888e-16,3.92825529614888e-16,gauss96,0.5907093143830395,0.013889668334003957,3040,0.004808973525482325,0.001425737977314583,4097,,,,,,,,
spiral_n32_clustered_s3,spiral,32,clustered,3,False,averaged,1.0,ok,0.0009120240000015656,1.2131053660083568e-16,4.73011929774418,17.592305978296523,1.4136291048077594e-15,1.4136291048077594e-15,gauss96,1.819312629169223,0.004816540171829198,2976,0.000472736874293178,0.0001894606100415006,4097,,,,,,,,
spiral_n32_clustered_s3,spiral,32,clustered,3,False,repeated,1.0,ok,0.000775519000001168,1.2498302699961582e-16,3.44124377348808,16.99864724727682,4.179995769215865e-16,4.179995769215865e-16,gauss96,1.1396687099651195,0.00453015849535221,3040,0.003908912335318303,0.0009123583441005958,4097,,,,,,,,
spiral_n32_clustered_s3,spiral,32,clustered,3,False,natural,1.0,ok,0.0006197540000130175,8.310155095658167e-17,20790.09191636991,16.912071694793788,1.0503484560954672e-15,1.0503484560954672e-15,gauss96,1.8080235177997375,0.00453015849535221,3040,0.0034068758378708037,0.0006991012440401565,4097,,,,,,,,
spiral_n32_clustered_s4,spiral,32,clustered,4,False,averaged,0.0,ok,0.0008618940000246766,1.2098149663639317e-16,3.8917527268816934,209.14047437259921,2.7315437686793684e-14,2.7315437686793684e-14,gauss96,0.28944946237411157,0.032258064516129004,2953,0.00625177532199881,0.0013833199616065945,4097,,,,,,,,
spiral_n32_clustered_s4,spiral,32,clustered,4,False,repeated,0.0,ok,0.0007497330000205693,8.554683666969109e-17,2.985623407240252,23.681374137425326,1.0501500296091897e-15,1.0501500296091897e-15,gauss96,0.2894494612549612,0.032258064516129004,3009,0.004790325808145731,0.0012177295466391982,4097,,,,,,,,
spiral_n32_clustered_s4,spiral,32,clustered,4,False,natural,0.0,ok,0.0006441350000159218,1.212175583177128e-16,7844.662972109781,24.277708308197905,7.31682256352188e-16,7.31682256352188e-16,gauss96,0.2894494608272717,0.032258064516129004,3009,0.0043214558712171645,0.0012274203509056426,4097,,,,,,,,
spiral_n32_clustered_s4,spiral,32,clustered,4,False,averaged,0.5,ok,0.0008489070000337051,6.763071262465932e-17,5.13207539739381,26.167762576748295,2.7153362221020078e-15,2.7153362221020078e-15,gauss96,0.7219058628719698,0.01680356459925869,2976,0.003385668102656254,0.0009207687116016002,4097,,,,,,,,
spiral_n32_clustered_s4,spiral,32,clustered,4,False,repeated,0.5,ok,0.0008372100000428873,6.763071262465932e-17,3.0578651043087017,17.7263832001942,8.016781852626495e-16,8.016781852626495e-16,gauss96,0.7106831061031873,0.01574831912920438,3040,0.0039012793398603956,0.0008479058174206968,4097,,,,,,,,
spiral_n32_clustered_s4,spiral,32,clustered,4,False,natural,0.5,ok,0.0006141530000149942,1.2192300108218943e-16,5652.425967167274,17.967277641718088,1.9773244170009826e-16,1.9773244170009826e-16,gauss96,0.7106831058448873,0.01574831912920438,3040,0.003461143324189484,0.0007972995998039127,4097,,,,,,,,
spiral_n32_clustered_s4,spiral,32,clustered,4,False,averaged,1.0,ok,0.0008696219999819732,6.763071262465932e-17,7.959024286256778,17.708946983036007,4.0123375852937664e-16,4.0123375852937664e-16,gauss96,1.8168111838389047,0.007569216679777613,2976,0.0005853069800996611,0.0002120365586493659,4097,,,,,,,,
spiral_n32_clustered_s4,spiral,32,clustered,4,False,repeated,1.0,ok,0.0008553760000040711,6.763071262465932e-17,3.3826714794600083,16.55404996142841,0.0,0.0,gauss96,1.1479541409990215,0.006646446064622391,3040,0.003595198945701587,0.0009436807700025382,4097,,,,,,,,
spiral_n32_clustered_s4,spiral,32,clustered,4,False,natural,1.0,ok,0.0006183630000009543,1.2098149663639317e-16,5680.7506813623,16.510730175568465,6.455281458219665e-16,6.455281458219665e-16,gauss96,1.8006317861630368,0.006646446064622391,3040,0.003134519816109191,0.0006914675176038991,4097,,,,,,,,
spiral_n32_clustered_s5,spiral,32,clustered,5,False,averaged,0.0,ok,0.0009968240000262085,6.730463028787129e-17,3.8917527268816934,19.540592573184288,1.0908718347700218e-15,1.0908718347700218e-15,gauss96,0.44161140376397245,0.032258064516129004,2953,0.0034262467192728765,0.0008343273448158679,4097,,,,,,,,
spiral_n32_clustered_s5,spiral,32,clustered,5,False,repeated,0.0,ok,0.0007468999999673542,1.2039818281933716e-16,2.985623407240252,19.002521617527087,1.8696011773109285e-16,1.8696011773109285e-16,gauss96,0.3637875350200174,0.032258064516129004,3009,0.003426240473242311,0.000835830111031374,4097,,,,,,,,
spiral_n32_clustered_s5,spiral,32,clustered,5,False,natural,0.0,ok,0.0006299839999996948,1.2133514778953328e-16,7844.662972109781,18.932988528542978,9.382337271911678e-16,9.382337271911678e-16,gauss96,0.4706858197008729,0.032258064516129004,3009,0.00342625111268999,0.0008361221618344634,4097,,,,,,,,
spiral_n32_clustered_s5,spiral,32,clustered,5,False,averaged,0.5,ok,0.0008995420000132981,6.730463028787129e-17,4.839574492480293,17.974510438211766,3.953057515544719e-16,3.953057515544719e-16,gauss96,0.854488144505495,0.018773992184625055,2976,0.0013868909718503142,0.00037742612998412507,4097,,,,,,,,
spiral_n32_clustered_s5,spiral,32,clustered,5,False,repeated,0.5,ok,0.0008417359999839391,6.730463028787129e-17,3.088052232798262,17.60949178272311,0.0,0.0,gauss96,0.6051874181730659,0.017954015350996055,3040,0.0016347230091920723,0.00042837495658219933,4097,,,,,,,,
spiral_n32_clustered_s5,spiral,32,clustered,5,False,natural,0.5,ok,0.0006741239999996651,6.730463028787129e-17,18294.70384422697,17.600170721419307,2.0185677372304512e-16,2.0185677372304512e-16,gauss96,0.8544097587669801,0.017954015350996055,3040,0.0016347806565929297,0.0004305856402810927,4097,,,,,,,,
spiral_n32_clustered_s5,spiral,32,clustered,5,False,averaged,1.0,ok,0.0009531619999734176,1.2039818281933716e-16,6.829197896162988,17.671733141675283,6.031180389017073e-16,6.031180389017073e-16,gauss96,1.807481049828147,0.009380754302513838,2976,0.0004493085872724239,0.00019324605015514897,4097,,,,,,,,
spiral_n32_clustered_s5,spiral,32,clustered,5,False,repeated,1.0,ok,0.0007751530000064122,6.730463028787129e-17,3.5025402482448165,17.38173163274496,1.0219677054809783e-15,1.0219677054809783e-15,gauss96,1.1302670209982077,0.008565973557513429,3040,0.0006410264599636019,0.0002113176797214666,4097,,,,,,,,
spiral_n32_clustered_s5,spiral,32,clustered,5,False,natural,1.0,ok,0.0006464090000122269,6.730463028787129e-17,59846.5947236966,17.32172637325479,4.1020318670845486e-16,4.1020318670845486e-16,gauss96,1.8058997512456008,0.008565973557513429,3040,0.0005638231743332829,0.00020193810841202803,4097,,,,,,,,
spiral_n32_clustered_s6,spiral,32,clustered,6,False,averaged,0.0,ok,0.0009220580000146583,6.752818348654325e-17,3.8917527268816934,21.710538257502566,1.3091204415709151e-15,1.3091204415709151e-15,gauss96,0.1240616080881541,0.032258064516129004,2953,0.00635643230804463,0.0021022174182851816,4097,,,,,,,,
spiral_n32_clustered_s6,spiral,32,clustered,6,False,repeated,0.0,ok,0.0009064770000009048,6.752818348654325e-17,2.985623407240252,22.019203825259105,4.840384384913647e-16,4.840384384913647e-16,gauss96,0.11124176211891273,0.032258064516129004,3009,0.006356432316660874,0.0020964513766982295,4097,,,,,,,,
spiral_n32_clustered_s6,spiral,32,clustered,6,False,natural,0.0,ok,0.0006196879999720295,6.752818348654325e-17,7844.662972109781,21.793576991692866,1.793182022469359e-15,1.793182022469359e-15,gauss96,0.11880364181395821,0.032258064516129004,3009,0.0063564323069226596,0.0020964510448434307,4097,,,,,,,,
spiral_n32_clustered_s6,spiral,32,clustered,6,False,averaged,0.5,ok,0.0008503979999545663,1.208570559860524e-16,4.334297380235857,18.236190359120013,1.3637166130570902e-15,1.3637166130570902e-15,gauss96,0.4263880034721268,0.012321965791341784,2976,0.004107797462341829,0.001316624144084765,4097,,,,,,,,
spiral_n32_clustered_s6,spiral,32,clustered,6,False,repeated,0.5,ok,0.0007573710000201572,6.752818348654325e-17,3.0793226593571483,18.366471874432033,9.671736910305113e-16,9.671736910305113e-16,gauss96,0.40300332054633153,0.009857214559004976,3040,0.0038763923255373373,0.0012682468112530927,4097,,,,,,,,
spiral_n32_clustered_s6,spiral,32,clustered,6,False,natural,0.5,ok,0.0006473930000083783,1.350563669730865e-16,52501.44227789216,18.300413200782803,3.882659522298145e-16,3.882659522298145e-16,gauss96,0.41946803293412777,0.009857214559004976,3040,0.0038763922665126984,0.001268246936355433,4097,,,,,,,,
spiral_n32_clustered_s6,spiral,32,clustered,6,False,averaged,1.0,ok,0.0008588129999793637,1.2080177334719777e-16,5.309640993326189,17.608285434486223,4.0352749755435373e-16,4.0352749755435373e-16,gauss96,1.8117590997311845,0.003813872190889825,2976,0.0004786560301860859,0.00019371707454446236,4097,,,,,,,,
spiral_n32_clustered_s6,spiral,32,clustered,6,False,repeated,1.0,ok,0.000778052999976353,6.225790897744168e-17,3.4067063501415458,17.51372003889461,1.2171190372727001e-15,1.2171190372727001e-15,gauss96,1.1478238520817763,0.002377003659948187,3040,0.0005133142119406218,0.00020085383025545306,4097,,,,,,,,
spiral_n32_clustered_s6,spiral,32,clustered,6,False,natural,1.0,ok,0.0006122180000147637,6.752818348654325e-17,579025.1789493184,17.501443433584942,2.23295013437646e-15,2.23295013437646e-15,gauss96,1.8115134473920895,0.002377003659948187,3040,0.0005133140807868574,0.00020089700027528485,4097,,,,,,,,
spiral_n32_clustered_s7,spiral,32,clustered,7,False,averaged,0.0,ok,0.0008666830000265691,8.530471003742247e-17,3.8917527268816934,20.01735524406205,0.0,0.0,gauss96,0.25702178857530095,0.032258064516129004,2953,0.0036338802582633785,0.0009492224482357597,4097,,,,,,,,
spiral_n32_clustered_s7,spiral,32,clustered,7,False,repeated,0.0,ok,0.0007820129999913661,6.743929471462059e-17,2.985623407240252,19.78549128185417,1.9751771593686297e-15,1.9751771593686297e-15,gauss96,0.17325822709334537,0.032258064516129004,3009,0.0036338802558253244,0.0009465889288879236,4097,,,,,,,,
spiral_n32_clustered_s7,spiral,32,clustered,7,False,natural,0.0,ok,0.0005830940000350893,1.2063907786922713e-16,7844.662972109781,19.774240572082363,1.2576460603353848e-15,1.2576460603353848e-15,gauss96,0.2732889111450049,0.032258064516129004,3009,0.003633880259280718,0.0009465987063723988,4097,,,,,,,,
spiral_n32_clustered_s7,spiral,32,clustered,7,False,averaged,0.5,ok,0.0008409819999997126,1.2157791753734606e-16,4.055195910252471,18.012538999009113,5.91706756997879e-16,5.91706756997879e-16,gauss96,0.6265853965123227,0.01603863992521659,2976,0.0022359355457505434,0.0005683220143328493,4097,,,,,,,,
spiral_n32_clustered_s7,spiral,32,clustered,7,False,repeated,0.5,ok,0.0007480820000296262,6.743929471462059e-17,3.0689895155474796,17.904625994614786,0.0,0.0,gauss96,0.40558381753136474,0.013947442525782486,3040,0.002147727362476653,0.0005585813307507388,4097,,,,,,,,
spiral_n32_clustered_s7,spiral,32,clustered,7,False,natural,0.5,ok,0.0005900689999975839,6.743929471462059e-17,42489.5333322814,17.892004230338074,1.9856432141774491e-16,1.9856432141774491e-16,gauss96,0.6405505240547308,0.013947442525782486,3040,0.0021477273954465807,0.0005584719181320132,4097,,,,,,,,
spiral_n32_clustered_s7,spiral,32,clustered,7,False,averaged,1.0,ok,0.0008316640000316511,1.2063907786922713e-16,5.138739489892194,17.630993946893884,8.060155177868223e-16,8.060155177868223e-16,gauss96,1.8113530601184724,0.006654320421636963,2976,0.00044742010536451407,0.00018961241924795504,4097,,,,,,,,
spiral_n32_clustered_s7,spiral,32,clustered,7,False,repeated,1.0,ok,0.0008647320000250147,6.217595757899217e-17,3.487322057157158,17.517628836459764,4.056158184384147e-16,4.056158184384147e-16,gauss96,1.1457613607451655,0.004984728976101404,3040,0.0004482966862748761,0.00019051061151321088,4097,,,,,,,,
spiral_n32_clustered_s7,spiral,32,clustered,7,False,natural,1.0,ok,0.0008197600000130478,8.530471003742247e-17,339068.8206993323,17.497950048917495,2.0303599386605224e-16,2.0303599386605224e-16,gauss96,1.811041802632805,0.004984728976101404,3040,0.00044829655690214483,0.00019098923382012146,4097,,,,,,,,
spiral_n32_clustered_s8,spiral,32,clustered,8,False,averaged,0.0,ok,0.0008509700000445264,1.2086086341534984e-16,3.8917527268816934,29.134987769658103,1.219397690120325e-16,1.219397690120325e-16,gauss96,0.14768572889640316,0.032258064516129004,2953,0.004389719470159471,0.0013221626841252556,4097,,,,,,,,
spiral_n32_clustered_s8,spiral,32,clustered,8,False,repeated,0.0,ok,0.0007384830000205511,6.743170242538471e-17,2.985623407240252,23.67453562454478,2.551101043645912e-15,2.551101043645912e-15,gauss96,0.14704991432773176,0.032258064516129004,3009,0.00438983594024984,0.0013100836347197911,4097,,,,,,,,
spiral_n32_clustered_s8,spiral,32,clustered,8,False,natural,0.0,ok,0.0005886820000000625,2.4312846068655403e-16,7844.662972109781,23.627263192636146,1.8043801263826952e-15,1.8043801263826952e-15,gauss96,0.14750827032736386,0.032258064516129004,3009,0.004389800308487726,0.001309479117123706,4097,,,,,,,,
spiral_n32_clustered_s8,spiral,32,clustered,8,False,averaged,0.5,ok,0.000887841999997363,1.2062549636935813e-16,4.172415198578906,18.57975227219255,7.648570609022989e-16,7.648570609022989e-16,gauss96,0.45671544344146386,0.01165057224846161,2976,0.002646123331650922,0.0007885363617321485,4097,,,,,,,,
spiral_n32_clustered_s8,spiral,32,clustered,8,False,repeated,0.5,ok,0.0007420129999786695,6.743170242538471e-17,3.0867957979804386,18.595708277804928,5.731505827676713e-16,5.731505827676713e-16,gauss96,0.39077873289945625,0.01096926053523782,3040,0.0025530409854377612,0.0007642555439110198,4097,,,,,,,,
spiral_n32_clustered_s8,spiral,32,clustered,8,False,natural,0.5,ok,0.0006173090000061165,1.2156423034327701e-16,42869.578997840224,18.52390745663456,1.5343258163506117e-15,1.5343258163506117e-15,gauss96,0.45497352627340143,0.01096926053523782,3040,0.0025528892186909577,0.0007624206716479844,4097,,,,,,,,
spiral_n32_clustered_s8,spiral,32,clustered,8,False,averaged,1.0,ok,0.00086098399998491,6.743170242538471e-17,4.659076598753089,17.63268443241515,6.044536824357864e-16,6.044536824357864e-16,gauss96,1.811787600753542,0.0032157952239039306,2976,0.0004492028642970139,0.00018630060909047123,4097,,,,,,,,
spiral_n32_clustered_s8,spiral,32,clustered,8,False,repeated,1.0,ok,0.0007622329999890098,8.52951064667664e-17,3.4633822457738233,17.523355047463024,1.0137081823594197e-15,1.0137081823594197e-15,gauss96,1.132822396499098,0.0028437579620391017,3040,0.0004623832269089623,0.00018998342310640266,4097,,,,,,,,
spiral_n32_clustered_s8,spiral,32,clustered,8,False,natural,1.0,ok,0.000933051999993495,1.243379156683558e-16,411512.3413366447,17.50329470464905,8.118959861555356e-16,8.118959861555356e-16,gauss96,1.8114314738111268,0.0028437579620391017,3040,0.0004621228177704281,0.00018837740441353477,4097,,,,,,,,
spiral_n32_clustered_s9,spiral,32,clustered,9,False,averaged,0.0,ok,0.000868212999989737,1.2020732348899691e-16,3.8917527268816934,26.408854447617706,1.8833831509754783e-15,1.8833831509754783e-15,gauss96,0.33962932979026056,0.032258064516129004,2953,0.003005213773426659,0.0010352613240823929,4097,,,,,,,,
spiral_n32_clustered_s9,spiral,32,clustered,9,False,repeated,0.0,ok,0.0008086889999958657,8.499941358735468e-17,2.985623407240252,22.356003536424307,9.534925165883385e-16,9.534925165883385e-16,gauss96,0.3396300027568484,0.032258064516129004,3009,0.002918086142069386,0.0009479165562989026,4097,,,,,,,,
spiral_n32_clustered_s9,spiral,32,clustered,9,False,natural,0.0,ok,0.000591601999985869,2.4228560630034884e-16,7844.662972109781,22.068982827189,1.6098221230312236e-16,1.6098221230312236e-16,gauss96,0.33963148045499175,0.032258064516129004,3009,0.002962307248132845,0.0009546365984865651,4097,,,,,,,,
spiral_n32_clustered_s9,spiral,32,clustered,9,False,averaged,0.5,ok,0.0008041180000191162,1.2020732348899691e-16,4.510693056497703,19.19517895498912,5.552509336533843e-16,5.552509336533843e-16,gauss96,0.7751026802363182,0.017306001997840936,2976,0.0015236394529671436,0.0005489146788721634,4097,,,,,,,,
spiral_n32_clustered_s9,spiral,32,clustered,9,False,repeated,0.5,ok,0.0007487130000072284,8.499941358735468e-17,3.06560456519774,18.134041378241665,3.9182812090230087e-16,3.9182812090230087e-16,gauss96,0.7664207661898681,0.0164052139157862,3040,0.0013651274368212023,0.0005337409116067503,4097,,,,,,,,
spiral_n32_clustered_s9,spiral,32,clustered,9,False,natural,0.5,ok,0.0006248589999700016,1.2114280315017442e-16,8125.397474385602,17.94141785920069,3.9603488494401277e-16,3.9603488494401277e-16,gauss96,0.7664214495518444,0.0164052139157862,3040,0.001353052209226169,0.0005288651374462777,4097,,,,,,,,
spiral_n32_clustered_s9,spiral,32,clustered,9,False,averaged,1.0,ok,0.0008857970000235582,8.499941358735468e-17,5.933898170888646,17.687946129647276,8.034202846978814e-16,8.034202846978814e-16,gauss96,1.8056992230480922,0.008257890060312967,2976,0.00044743579644405853,0.00019322131440202306,4097,,,,,,,,
spiral_n32_clustered_s9,spiral,32,clustered,9,False,repeated,1.0,ok,0.0007747299999891766,1.2020732348899691e-16,3.3723547247384196,17.048218210292905,0.0,0.0,gauss96,1.1460979698259777,0.00740788621359223,3040,0.0010590239505241256,0.00029354975805305397,4097,,,,,,,,
spiral_n32_clustered_s9,spiral,32,clustered,9,False,natural,1.0,ok,0.0006318650000025627,1.2390687292948127e-16,11148.717824118507,16.971581891209937,4.1866617992051196e-16,4.1866617992051196e-16,gauss96,1.7973386861723206,0.00740788621359223,3040,0.0009616990162018998,0.0002523057743200491,4097,,,,,,,,
ellipse_n8_uniform_s0,ellipse,8,uniform,0,True,periodic,0.0,ok,0.0007280140000034407,6.885310909710477e-17,3.0000000000000004,21.47722569362991,3.3083543745170273e-16,3.3083543745170273e-16,gauss96,1.7386780883661312,0.125,2049,0.0006402632690959711,0.0003507025364465639,4097,0.0,0.0,0.0,0.0,5.717634312799184,5.717634312799184,1.7386780883661312,1.7386780883661312
ellipse_n8_uniform_s0,ellipse,8,uniform,0,True,periodic,0.5,ok,0.0006717289999755849,6.885310909710477e-17,3.0240841011307653,21.598964387110104,6.579414855502424e-16,6.579414855502424e-16,gauss96,1.894436821576063,0.1162958706975108,2302,0.0019437014916769326,0.00104344959130147,4097,0.0,0.0,0.0,0.0,6.3420581679599115,6.3420581679599115,1.894436821576063,1.894436821576063
ellipse_n8_uniform_s0,ellipse,8,uniform,0,True,periodic,1.0,ok,0.000660849999974289,6.334651683682915e-17,3.0973656821022164,21.840447242384684,6.506668365116487e-16,6.506668365116487e-16,gauss96,2.0637101111761256,0.10767574255259738,2302,0.003105433211146445,0.001980304509512349,4097,7.698011620166772e-18,0.0,0.0,4.070966275021496e-16,6.8198510491118665,6.819851049111863,2.0637101111761256,2.0637101111761256
ellipse_n8_jittered_s0,ellipse,8,jittered,0,True,periodic,0.0,ok,0.0006754380000302262,1.2847718366381138e-16,3.0000000000000004,27.96880394221036,6.351207735127289e-16,6.351207735127289e-16,gauss96,0.809078860242915,0.125,2049,0.03725047134001551,0.013251851241788844,4097,0.0,0.0,0.0,0.0,4.282433614193127,4.282433614193127,2.1279809767488427,2.1279809767488427
ellipse_n8_jittered_s0,ellipse,8,jittered,0,True,periodic,0.5,ok,0.0006855020000102741,6.570429962246826e-17,3.2693450998729747,21.788339128991726,4.89167208813071e-16,4.89167208813071e-16,gauss96,1.3499937353110179,0.08408244567217965,2304,0.013681749332910848,0.00484239754089045,4097,3.9839083441274585e-17,0.0,1.3219680574206158e-16,0.0,6.2470588562017255,6.2470588562017255,1.92871629986013,1.92871629986013
ellipse_n8_jittered_s0,ellipse,8,jittered,0,True,periodic,1.0,ok,0.001012991999971291,6.570429962246826e-17,4.2829096567572025,20.770928093123857,3.42085212839056e-16,3.42085212839056e-16,gauss96,2.0557522086488316,0.05329123444782119,2304,0.01844304592421503,0.0066077916272007375,4097,2.3903450064764752e-17,0.0,3.448192290183059e-16,7.421001794776053e-16,6.226634435426968,6.226634435426967,2.091427572433359,2.0914275724333597
ellipse_n8_jittered_s1,ellipse,8,jittered,1,True,periodic,0.0,ok,0.0006923710000137362,1.2793697121487004e-16,3.0000000000000004,106.53842100204604,3.198356716349022e-12,3.198356716349022e-12,gauss96,0.41455742669188567,0.125,2049,0.04276048935268863,0.015980497040392932,4097,0.0,0.0,0.0,0.0,4.7617927325545315,4.7617927325545315,2.0507713679740776,2.0507713679740776
ellipse_n8_jittered_s1,ellipse,8,jittered,1,True,periodic,0.5,ok,0.0007098209999867322,6.714822826208482e-17,3.3132817474999983,29.264890293419445,2.4279699279100805e-16,2.4279699279100805e-16,gauss96,1.0747626356572126,0.06997869456878464,2304,0.034986467449535555,0.011100139059275796,4097,8.354343920833849e-17,0.0,2.287125530993514e-16,4.849175999315186e-16,6.411639587229289,6.4116395872292875,1.9823246660459257,1.9823246660459255
ellipse_n8_jittered_s1,ellipse,8,jittered,1,True,periodic,1.0,ok,0.0006684169999857659,1.2793697121487004e-16,4.738574367305804,21.66992958373004,8.197335540646859e-16,8.197335540646859e-16,gauss96,2.063539994036668,0.037389169597631056,2304,0.014069309537544109,0.004888325724480437,4097,6.480784558396082e-17,0.0,1.362576837518739e-16,5.428580871733737e-16,6.797581966753354,6.79758196675336,2.063560046767058,2.0635600467670576
ellipse_n8_jittered_s2,ellipse,8,jittered,2,True,periodic,0.0,ok,0.000656026000001475,9.890623925384022e-17,3.0000000000000004,731.1761844533884,5.156305836598212e-09,0.00011673540609865291,adaptive,0.27911574788566607,0.125,2049,0.15865473729442542,0.05590566376855809,4097,0.0,0.0,0.0,0.0,7.39656885463532,7.39656885463532,1.9452170597960128,1.9452170597960128
ellipse_n8_jittered_s2,ellipse,8,jittered,2,True,periodic,0.5,ok,0.0010056520000034652,1.3109300088692579e-16,3.5793213089478346,45.33172394199572,2.037658125841539e-15,2.037658125841539e-15,gauss96,0.8542807926621127,0.0656724755943558,2304,0.1444595658430988,0.05174836072138392,4097,1.3109300088692579e-16,0.0,3.16797367545309e-16,0.0,7.792963637626279,7.792963637626277,1.8363110496574866,1.8363110496574868
ellipse_n8_jittered_s2,ellipse,8,jittered,2,True,periodic,1.0,ok,0.0006850159999771677,1.3033450078334918e-16,7.458159159525728,23.739008020566793,2.6938297574610353e-15,2.6938297574610353e-15,gauss96,1.6800446435358103,0.03090021595949502,2304,0.09929168318950941,0.036482096697660414,4097,1.3033450078334918e-16,8.537736462515939e-07,3.7958500549973784e-16,7.133503043885821e-16,6.352723824334276,6.352723824334274,2.0561510494996327,2.0561510494996336
ellipse_n8_jittered_s3,ellipse,8,jittered,3,True,periodic,0.0,ok,0.00068111999996745,7.083406745188337e-17,3.0000000000000004,2565.6070101159726,7.142820910768231e-11,0.1489186756453537,adaptive,0.2009499656630984,0.125,2049,0.3080025697263003,0.12502131261929564,4097,0.0,0.0,0.0,0.0,2.1527611061538177,2.1527611061538177,4.51672466175157,4.51672466175157
ellipse_n8_jittered_s3,ellipse,8,jittered,3,True,periodic,0.5,ok,0.0006642299999839452,7.028707805014755e-17,4.056884862768653,114.55779470136044,9.923972263780487e-16,9.923972263780487e-16,gauss96,0.7883848666354473,0.061227147616706556,2304,0.26008528444791,0.11059149702873457,4097,3.679089241687411e-17,0.0,8.895900094217694e-16,6.199360353036094e-16,17.402902248995762,17.402902248995783,1.7382341311458143,1.7382341311458132
ellipse_n8_jittered_s3,ellipse,8,jittered,3,True,periodic,1.0,ok,0.000780308999992485,1.4794827322456781e-16,11.912190947451247,24.313317794400458,3.068564639581731e-15,3.068564639581731e-15,gauss96,1.925247263074373,0.025030407806752253,2304,0.09944156012064456,0.043537900044625,4097,7.363913300187424e-17,0.0,4.351845749723859e-16,4.742330802847224e-16,7.469804036902312,7.4698040369023095,1.997780231079053,1.9977802310790538
ellipse_n8_jittered_s4,ellipse,8,jittered,4,True,periodic,0.0,ok,0.0006876809999880606,6.422925398464787e-17,3.0000000000000004,123.68643235603236,8.311171277762711e-11,8.311171277762711e-11,gauss96,0.24359553840440398,0.125,2049,0.14691550630335976,0.05433733625663453,4097,0.0,0.0,0.0,0.0,11.614000523380893,11.614000523380893,1.174851818022204,1.174851818022204
ellipse_n8_jittered_s4,ellipse,8,jittered,4,True,periodic,0.5,ok,0.0006953619999876537,1.0077114443422358e-16,3.38002037271653,34.55827202123175,2.878499912996183e-15,2.878499912996183e-15,gauss96,1.0413795091072735,0.08125498269537279,2304,0.1093592112006499,0.0412093932630801,4097,0.0,0.0,0.0,0.0,8.011643761420196,8.011643761420196,1.4723591842541028,1.4723591842541028
ellipse_n8_jittered_s4,ellipse,8,jittered,4,True,periodic,1.0,ok,0.000792329000034897,6.422925398464787e-17,5.0516003243271435,23.78790319857936,2.0908943124578302e-15,2.0908943124578302e-15,gauss96,1.657821381569622,0.04760350440684891,2304,0.051503150477136946,0.020210335470855052,4097,3.983329235424329e-17,0.0,2.7261803286957363e-16,8.106878830101165e-16,6.195231613909716,6.195231613909716,2.09101236120969,2.0910123612096903
ellipse_n8_jittered_s5,ellipse,8,jittered,5,True,periodic,0.0,ok,0.0008115559999737343,6.60777138118492e-17,3.0000000000000004,23.555373673720073,1.357415235780245e-15,1.357415235780245e-15,gauss96,0.8898605712577793,0.125,2049,0.10742538687967944,0.03542154967729394,4097,0.0,0.0,0.0,0.0,5.895860979022335,5.895860979022335,1.1607947790773379,1.1607947790773379
ellipse_n8_jittered_s5,ellipse,8,jittered,5,True,periodic,0.5,ok,0.0007159059999821693,2.654698365418161e-16,3.172771613980486,22.31124113433531,1.273873974974218e-15,1.273873974974218e-15,gauss96,1.379286051203662,0.08663447804113122,2304,0.09731898709969741,0.03302861698478936,4097,2.0032999933215e-16,0.0,5.432346315152805e-16,3.1287248368070305e-16,5.700051565766484,5.700051565766475,1.5386064591600508,1.5386064591600517
ellipse_n8_jittered_s5,ellipse,8,jittered,5,True,periodic,1.0,ok,0.0007031760000018039,7.387712994053578e-17,3.75436411058654,21.6617709718511,1.3120676729219077e-15,1.3120676729219077e-15,gauss96,1.8679214286072714,0.056201350258395885,2304,0.08794222535553757,0.030877452230712612,4097,7.212485377187291e-17,0.0,0.0,9.971680393266699e-16,5.581712430374902,5.581712430374906,2.205628338862163,2.205628338862163
ellipse_n8_jittered_s6,ellipse,8,jittered,6,True,periodic,0.0,ok,0.0007069289999890316,1.3140492064126234e-16,3.0000000000000004,2647.4287366586395,1.7767677103474542e-10,0.00014615699442611474,adaptive,0.13819723477450313,0.125,2049,0.061771833314761215,0.02698677907061862,4097,0.0,1.2074182697257333e-06,0.0,0.0,3.0720784910014296,3.0720784910014296,2.682504832309923,2.682504832309923
ellipse_n8_jittered_s6,ellipse,8,jittered,6,True,periodic,0.5,ok,0.0007139289999713583,7.331453090370302e-17,4.116610588318064,31.04421668924698,6.86642613217762e-16,6.86642613217762e-16,gauss96,0.6441183597040407,0.048354408907141044,2304,0.0434347283613425,0.017188349353211608,4097,4.9180882451756706e-17,8.537736462515939e-07,6.037060964639218e-17,3.172143812337027e-16,5.317940088017503,5.317940088017501,2.172398467392135,2.172398467392135
ellipse_n8_jittered_s6,ellipse,8,jittered,6,True,periodic,1.0,ok,0.0006853069999692707,7.331453090370302e-17,12.366056638957089,20.615422461658444,1.0339968590237748e-15,1.0339968590237748e-15,gauss96,2.062412576752978,0.01683752674755129,2304,0.009879225366547091,0.004759462104881749,4097,4.9180882451756706e-17,0.0,1.9039748349391505e-16,4.818048026077407e-16,6.831059607605849,6.8310596076058525,2.066450944592594,2.066450944592594
ellipse_n8_jittered_s7,ellipse,8,jittered,7,True,periodic,0.0,ok,0.0007210449999774937,1.2531860388194154e-16,3.0000000000000004,48.962038194785876,1.3060903625784747e-15,1.3060903625784747e-15,gauss96,0.6512539073917303,0.125,2049,0.11253642901200701,0.041485514740136856,4097,0.0,0.0,0.0,0.0,3.1247785870911713,3.1247785870911713,3.531743999199349,3.531743999199349
ellipse_n8_jittered_s7,ellipse,8,jittered,7,True,periodic,0.5,ok,0.0006734300000061921,7.832412742621347e-17,3.250605657341066,28.26715481258419,6.284172748116263e-16,6.284172748116263e-16,gauss96,1.2283750427733169,0.08284146383002655,2304,0.07688362436252894,0.027803591669308063,4097,7.832412742621347e-17,0.0,5.044233795589461e-16,1.8995066248806647e-16,8.785708728685114,8.785708728685126,2.048683156248524,2.048683156248523
ellipse_n8_jittered_s7,ellipse,8,jittered,7,True,periodic,1.0,ok,0.0006910730000413423,7.005522928134759e-17,4.325703218638615,22.004941437329897,9.6870433095729e-16,9.6870433095729e-16,gauss96,1.8346851264844724,0.050575271193684435,2304,0.01927469308954804,0.007131836156464084,4097,1.5664825485242692e-17,0.0,2.9329145943367036e-16,3.272299046400743e-16,6.531924661345804,6.531924661345807,1.9108699425921334,1.9108699425921327
ellipse_n8_jittered_s8,ellipse,8,jittered,8,True,periodic,0.0,ok,0.0006826160000059645,6.710275723569376e-17,3.0000000000000004,130.22957773776352,1.8265792499571728e-10,1.8265792499571728e-10,gauss96,0.6896404143644604,0.125,2049,0.14784926458677783,0.05717783480233321,4097,0.0,0.0,0.0,0.0,1.7213318864785612,1.7213318864785612,3.6872065979490833,3.6872065979490833
ellipse_n8_jittered_s8,ellipse,8,jittered,8,True,periodic,0.5,ok,0.0006887679999749707,6.560585315766974e-17,3.356521846969874,39.275366810168116,3.6182614878909073e-16,3.6182614878909073e-16,gauss96,1.2769724787733263,0.08705760035922583,2304,0.11034580786567152,0.04211626740603949,4097,6.560585315766974e-17,0.0,1.4699523032196295e-16,1.3410533733574457e-16,11.502710458107414,11.502710458107403,1.7714652789398577,1.7714652789398582
ellipse_n8_jittered_s8,ellipse,8,jittered,8,True,periodic,1.0,ok,0.00067998100001887,1.3121170631533948e-16,5.467227231065339,21.132655700607863,8.4057435306115125e-16,8.4057435306115125e-16,gauss96,1.9689710006921708,0.05515474013792865,2304,0.01981841386175395,0.008080446026415408,4097,1.301984733425624e-16,0.0,2.7969712885338985e-16,1.8865703114082666e-16,5.4334393487767905,5.433439348776792,2.0817706506616886,2.081770650661688
ellipse_n8_jittered_s9,ellipse,8,jittered,9,True,periodic,0.0,ok,0.0007115720000001602,7.4058788523548e-17,3.0000000000000004,94.0681298548483,2.513288038358344e-11,2.513288038358344e-11,gauss96,0.3480459246663292,0.125,2049,0.08141702118260033,0.027552138453243502,4097,0.0,8.537736462515939e-07,0.0,0.0,-1.6823663382036274,-1.6823663382036274,1.3929748704764333,1.3929748704764333
ellipse_n8_jittered_s9,ellipse,8,jittered,9,True,periodic,0.5,ok,0.0007450779999658153,7.074455840407612e-17,3.235086608070232,26.995711237071347,9.21220246179424e-16,9.21220246179424e-16,gauss96,1.1601529514302433,0.08048641022052572,2304,0.07217189979371362,0.023270799730218287,4097,1.340878287412863e-16,0.0,3.2823259283254573e-16,5.70971826779022e-16,3.823192314040555,3.8231923140405506,1.6144696324357415,1.614469632435742
ellipse_n8_jittered_s9,ellipse,8,jittered,9,True,periodic,1.0,ok,0.0007711179999887463,6.675568985509907e-17,4.162606652183686,20.734978828103667,1.1993740605076818e-15,1.1993740605076818e-15,gauss96,2.0945692877161353,0.04898838479746265,2304,0.06151574464019155,0.020059575503792136,4097,6.624019418797384e-17,0.0,4.945635472378591e-16,1.213840044073145e-15,5.892974988264694,5.892974988264699,2.208940135792799,2.208940135792799
ellipse_n8_clustered_s0,ellipse,8,clustered,0,True,periodic,0.0,ok,0.0006853009999758797,1.192902381977293e-16,3.0000000000000004,30.90834894569696,2.2988699170196905e-16,2.2988699170196905e-16,gauss96,0.3746586579374904,0.125,2049,0.058786003458200536,0.019349696432695265,4097,0.0,0.0,0.0,0.0,13.721022136858963,13.721022136858963,0.3766094841732612,0.3766094841732612
ellipse_n8_clustered_s0,ellipse,8,clustered,0,True,periodic,0.5,ok,0.0007496629999650395,1.512640746616551e-16,3.6691469785440813,17.600897387153783,6.055453197619611e-16,6.055453197619611e-16,gauss96,0.8856253055099995,0.05418385513822144,2304,0.07667675021211988,0.024805685616158132,4097,1.511170110554824e-16,0.0,1.6206265002560983e-16,4.082237642386986e-15,3.676849763176589,3.6768497631766124,0.9310692013717724,0.9310692013717722
ellipse_n8_clustered_s0,ellipse,8,clustered,0,True,periodic,1.0,ok,0.0006689429999937602,1.5118596493273285e-16,6.792416879281631,17.504891572286628,6.08866441268065e-16,6.08866441268065e-16,gauss96,2.382380344506369,0.019690619191779835,2304,0.0975455307868205,0.03526522260106111,4097,2.9471004322565937e-17,0.0,6.489082398905157e-16,2.785631670396509e-15,4.551894116988914,4.551894116988908,2.5044398342610283,2.504439834261027
ellipse_n8_clustered_s1,ellipse,8,clustered,1,True,periodic,0.0,ok,0.0007105639999736013,7.068027518961682e-17,3.0000000000000004,127.95605392072136,3.431767370473989e-14,3.431767370473989e-14,gauss96,0.4286629254808131,0.125,2049,0.12203275506894402,0.04359124376617091,4097,0.0,8.537736462515939e-07,0.0,0.0,-2.5197993263652045,-2.5197993263652045,0.44542311612763374,0.44542311612763374
ellipse_n8_clustered_s1,ellipse,8,clustered,1,True,periodic,0.5,ok,0.000755249000008007,7.841272503386729e-17,3.624249028575816,24.277961361106733,2.0486889637647755e-15,2.0486889637647755e-15,gauss96,0.8900624545415701,0.06135626806508654,2304,0.11913550908216573,0.04244288873595844,4097,4.3834045869181685e-18,0.0,3.1203591106413864e-16,1.3826740636423705e-14,3.1032804445221602,3.1032804445221176,0.8990564342611789,0.8990564342611785
ellipse_n8_clustered_s1,ellipse,8,clustered,1,True,periodic,1.0,ok,0.0006974379999746816,1.5224050676714506e-16,6.671579660396476,20.497772246451195,1.906541354686554e-15,1.906541354686554e-15,gauss96,1.852956584284391,0.02458569633880459,2304,0.12329478743147683,0.04579552191215298,4097,5.917596192339528e-17,8.537736462515939e-07,5.547317117967459e-16,6.909919666878594e-15,4.7688287750630485,4.768828775063032,2.2616403098324476,2.2616403098324476
ellipse_n8_clustered_s2,ellipse,8,clustered,2,True,periodic,0.0,ok,0.0007357970000043679,7.072154329982293e-17,3.0000000000000004,67.79432254616341,4.192343600904149e-16,4.192343600904149e-16,gauss96,0.23629470207363912,0.125,2049,0.11838400790884243,0.041524532260082035,4097,0.0,8.537736462515939e-07,0.0,0.0,2.1054046621752036,2.1054046621752036,2.271995536864709,2.271995536864709
ellipse_n8_clustered_s2,ellipse,8,clustered,2,True,periodic,0.5,ok,0.0006782969999790112,1.3655165308459644e-16,3.6550787012020733,27.343647785092113,2.0788528036774713e-15,2.0788528036774713e-15,gauss96,0.6670688959255002,0.0519358781445165,2304,0.09180564225200633,0.03345818990567856,4097,1.380882276592651e-16,0.0,6.068564309804351e-16,6.935498952200127e-16,6.0174730466413395,6.017473046641329,1.6677492227186463,1.6677492227186466
ellipse_n8_clustered_s2,ellipse,8,clustered,2,True,periodic,1.0,ok,0.0009497449999571472,1.2749507532372914e-16,6.62803687764358,23.700987900269837,2.2484592374902986e-15,2.2484592374902986e-15,gauss96,1.5810592431887098,0.01793126812579038,2304,0.06222737076627929,0.023837874675504918,4097,8.4051594690262e-17,0.0,5.094878296350056e-16,3.759172986188377e-16,5.264508871130576,5.264508871130574,2.047610559830441,2.047610559830441
ellipse_n8_clustered_s3,ellipse,8,clustered,3,True,periodic,0.0,ok,0.0007174379999810299,7.069330833456972e-17,3.0000000000000004,79.99347588097937,8.882508578790873e-16,8.882508578790873e-16,gauss96,0.45289558012608216,0.125,2049,0.07764753475046723,0.027578598577942662,4097,0.0,0.0,0.0,0.0,5.881711931873902,5.881711931873902,3.5307369190635063,3.5307369190635063
ellipse_n8_clustered_s3,ellipse,8,clustered,3,True,periodic,0.5,ok,0.0007920940000190058,7.903752149522517e-17,3.5137236047030185,25.592654383892032,1.52699481189424e-15,1.52699481189424e-15,gauss96,0.972550087274615,0.06826820635843844,2304,0.048088751714617316,0.017063573236782266,4097,7.903752149522517e-17,0.0,4.171758001136424e-16,2.262370150083515e-16,7.999298508290348,7.999298508290348,2.1859280340536884,2.185928034053689
ellipse_n8_clustered_s3,ellipse,8,clustered,3,True,periodic,1.0,ok,0.0007768799999894327,7.069330833456972e-17,5.8259083191564605,22.10727253475428,1.2856271340448244e-15,1.2856271340448244e-15,gauss96,1.7384540151938963,0.03190262525504234,2304,0.014605732195251386,0.0066835887297770746,4097,6.517600990236793e-17,0.0,2.8607516603038116e-16,2.0493772753483045e-16,7.342001398774934,7.3420013987749355,1.768207092522393,1.768207092522393
ellipse_n8_clustered_s4,ellipse,8,clustered,4,True,periodic,0.0,ok,0.0007127169999989746,1.123693760059144e-16,3.0000000000000004,327.2173740816246,5.9008316489484635e-09,5.9008316489484635e-09,gauss96,0.05576305497774345,0.125,2049,0.20743831735571217,0.07306520256584056,4097,0.0,0.0,0.0,0.0,2.5407379067201314,2.5407379067201314,3.623042240510661,3.623042240510661
ellipse_n8_clustered_s4,ellipse,8,clustered,4,True,periodic,0.5,ok,0.0006512310000061916,7.59013338349933e-17,3.514100570269134,24.591024728781885,2.4560234152796214e-15,2.4560234152796214e-15,gauss96,0.9110339930566322,0.06631353859367117,2304,0.18620345152917397,0.06713083806429229,4097,7.59013338349933e-17,0.0,1.3081976332796799e-16,2.569590100578286e-16,5.995329303232003,5.995329303232006,2.1730243711859396,2.1730243711859387
ellipse_n8_clustered_s4,ellipse,8,clustered,4,True,periodic,1.0,ok,0.0006695539999554967,8.154041785130663e-17,5.796568998363428,20.714818777018596,2.2295767258000497e-15,2.2295767258000497e-15,gauss96,1.8441083139285261,0.02940631427681062,2304,0.16991747401775714,0.0641373123596917,4097,8.500545550668009e-17,0.0,1.3239883454988711e-16,2.2101794942699633e-16,4.984999535096309,4.984999535096309,2.147107524857691,2.147107524857691
ellipse_n8_clustered_s5,ellipse,8,clustered,5,True,periodic,0.0,ok,0.0006863030000090475,8.55846661070924e-17,3.0000000000000004,79.00509134718061,8.993632228557087e-16,8.993632228557087e-16,gauss96,0.3637075169860847,0.125,2049,0.11403788438769964,0.03915662477340991,4097,0.0,0.0,0.0,0.0,-5.2350625444363414,-5.2350625444363414,1.3080267366336438,1.3080267366336438
ellipse_n8_clustered_s5,ellipse,8,clustered,5,True,periodic,0.5,ok,0.0007132840000281249,7.890516340369061e-17,3.6150964880690775,19.119892354725305,1.1148745859719698e-15,1.1148745859719698e-15,gauss96,0.9089722486483335,0.05879773672550548,2304,0.12113489234229352,0.04098466917255554,4097,1.4352984843531067e-17,0.0,1.9507339152524125e-16,0.0,2.6648688270190477,2.6648688270190477,1.5696503126399455,1.5696503126399455
ellipse_n8_clustered_s5,ellipse,8,clustered,5,True,periodic,1.0,ok,0.000722052000014628,8.55846661070924e-17,6.4344966991346615,17.43028051438988,1.0191211999908706e-15,1.0191211999908706e-15,gauss96,2.365464129237067,0.022812666119029212,2304,0.13698591946053335,0.050402913516163106,4097,2.392164140588511e-17,0.0,3.137887874466414e-16,9.641031490716526e-16,4.805484688957907,4.805484688957912,2.4395152268418534,2.439515226841853
ellipse_n8_clustered_s6,ellipse,8,clustered,6,True,periodic,0.0,ok,0.0006839419999664642,7.594950536559805e-17,3.0000000000000004,130.97975512077684,8.67972593297224e-16,8.67972593297224e-16,gauss96,0.3143583088455682,0.125,2049,0.1267431380620748,0.045817054678977946,4097,0.0,0.0,0.0,0.0,1.7685936308539632,1.7685936308539632,0.4483544224473139,0.4483544224473139
ellipse_n8_clustered_s6,ellipse,8,clustered,6,True,periodic,0.5,ok,0.000706293000007463,1.3645835180025183e-16,3.799701522423963,24.916961516994057,2.8516427866836428e-15,2.8516427866836428e-15,gauss96,0.724063864812328,0.05650058420795445,2304,0.11795396860559632,0.04272563570059404,4097,2.0419155525426933e-16,0.0,6.416812448292075e-16,1.1136599191575307e-15,4.26544718157825,4.265447181578246,0.8469164812204008,0.8469164812204013
ellipse_n8_clustered_s6,ellipse,8,clustered,6,True,periodic,1.0,ok,0.0007582780000348066,1.0330249573832261e-16,8.213809221672175,21.94622891330816,1.9425917916929085e-15,1.9425917916929085e-15,gauss96,1.6921531826774745,0.020268715396800967,2304,0.11472966330255388,0.04341213866843118,4097,9.026495667454008e-17,0.0,6.214114056067352e-16,1.8344983603932427e-14,4.8608470163908235,4.860847016390908,2.1863551949342783,2.186355194934279
ellipse_n8_clustered_s7,ellipse,8,clustered,7,True,periodic,0.0,ok,0.0008545160000039687,1.1665951910479204e-16,3.0000000000000004,29.41309951154738,1.2078678336520536e-16,1.2078678336520536e-16,gauss96,0.41195482771691794,0.125,2049,0.13280775044140622,0.043209363682693715,4097,0.0,0.0,0.0,0.0,5.547963712905839,5.547963712905839,0.5005548297453639,0.5005548297453639
ellipse_n8_clustered_s7,ellipse,8,clustered,7,True,periodic,0.5,ok,0.0008100649999960297,7.381797577779944e-17,3.494637698313523,19.012871340173415,1.121150072044225e-15,1.121150072044225e-15,gauss96,0.9326020498328367,0.058930401781998376,2304,0.13256842393559898,0.045367618448451164,4097,7.43561455452106e-17,1.2074182697257333e-06,2.9369171800075587e-16,3.0113998248170557e-15,3.9097561014106152,3.9097561014106357,1.0048898719305952,1.004889871930595
ellipse_n8_clustered_s7,ellipse,8,clustered,7,True,periodic,1.0,ok,0.0007218139999736195,7.381797577779944e-17,5.55102347711971,18.74625758650096,1.1370953361994077e-15,1.1370953361994077e-15,gauss96,2.1558251391478676,0.023930797595720477,2304,0.13852069237777676,0.0501466923338777,4097,1.0035033974042789e-16,0.0,5.514624149323892e-16,5.712815839769433e-15,4.648231520189917,4.648231520189938,2.3933667228167805,2.3933667228167814
ellipse_n8_clustered_s8,ellipse,8,clustered,8,True,periodic,0.0,ok,0.0006888820000199303,7.096304018784566e-17,3.0000000000000004,161.64844302025207,4.1142864616897726e-14,4.1142864616897726e-14,gauss96,0.07599499658841537,0.125,2049,0.09201985438408583,0.032906147850636454,4097,0.0,0.0,0.0,0.0,0.21705722194386226,0.21705722194386226,1.6426612506128722,1.6426612506128722
ellipse_n8_clustered_s8,ellipse,8,clustered,8,True,periodic,0.5,ok,0.0007566809999843827,1.4019691049338142e-16,3.7746494109629003,26.182326343908795,2.578134540474608e-15,2.578134540474608e-15,gauss96,0.7384013272484529,0.05627322270679275,2304,0.059639016849338165,0.022060215113692185,4097,1.4019691049338142e-16,0.0,3.8799443226151883e-16,9.00988532128156e-16,5.315026787364064,5.3150267873640775,1.3087048147587348,1.3087048147587343
ellipse_n8_clustered_s8,ellipse,8,clustered,8,True,periodic,1.0,ok,0.000731400000006488,6.542469038365049e-17,7.738632433396301,23.215882183708555,2.1424122981684496e-15,2.1424122981684496e-15,gauss96,1.6056324891906462,0.020220779068660516,2304,0.026777030852756536,0.012283770641964882,4097,5.157040906877351e-17,8.537736462515939e-07,7.798841554424307e-16,9.90547763071272e-16,5.3087498609851265,5.308749860985129,2.0844862241146824,2.0844862241146815
ellipse_n8_clustered_s9,ellipse,8,clustered,9,True,periodic,0.0,ok,0.0006708539999635832,7.038891061705154e-17,3.0000000000000004,42.04877683361087,8.449029784763462e-16,8.449029784763462e-16,gauss96,0.37354164752886687,0.125,2049,0.05337604590735623,0.020383760256853706,4097,0.0,0.0,0.0,0.0,3.984011537766652,3.984011537766652,2.3259028870207388,2.3259028870207388
ellipse_n8_clustered_s9,ellipse,8,clustered,9,True,periodic,0.5,ok,0.0006578780000268125,6.871937079178116e-17,3.472691516952844,24.129829177592676,1.6195659811423634e-15,1.6195659811423634e-15,gauss96,0.9474736470750856,0.06716472539676921,2304,0.04925941262109278,0.01812104012662907,4097,3.1478877800376786e-17,1.2074182697257333e-06,4.657830603162631e-16,2.995276409917418e-16,7.86112404352634,7.861124043526336,1.7309617509397572,1.7309617509397581
ellipse_n8_clustered_s9,ellipse,8,clustered,9,True,periodic,1.0,ok,0.0007118899999909445,6.540039901762161e-17,5.437660310917994,22.357243839722994,1.4301594301348673e-15,1.4301594301348673e-15,gauss96,1.7293680327041459,0.031206404823068357,2304,0.048532775797286085,0.016963262027617696,4097,2.7544018075329688e-17,0.0,2.5645992101216484e-16,4.384294992794525e-16,5.442201164598274,5.442201164598276,2.0252735072845156,2.0252735072845156
ellipse_n16_uniform_s0,ellipse,16,uniform,0,True,periodic,0.0,ok,0.0008320510000316972,6.885310909710477e-17,3.0000000000000004,21.44102983475359,1.6569697007006336e-16,1.6569697007006336e-16,gauss96,1.7424075595295623,0.0625,2049,0.0006380018793566774,0.00026977321647364213,4097,0.0,0.0,0.0,0.0,5.4796557682528855,5.4796557682528855,1.7424075595295643,1.7424075595295643
ellipse_n16_uniform_s0,ellipse,16,uniform,0,True,periodic,0.5,ok,0.0007098890000065694,6.72199966263535e-17,3.012648001549525,21.439330487863558,1.6571010371856677e-16,1.6571010371856677e-16,gauss96,1.9540751255260291,0.056413199378561485,2558,0.0005746268532615615,0.00023759183196720915,4097,2.6943040670583703e-17,0.0,6.303144864479648e-16,1.5517112175054324e-15,5.683508853457255,5.683508853457242,1.9540751255260316,1.9540751255260322
ellipse_n16_uniform_s0,ellipse,16,uniform,0,True,periodic,1.0,ok,0.0007050720000165711,1.2340851431884764e-16,3.0511954935457624,21.44546714094865,3.313253710400029e-16,3.313253710400029e-16,gauss96,2.1920617917484697,0.05066760388797492,2558,0.0005812016364325276,0.00025103067747825455,4097,1.847923683450112e-16,0.0,1.120157376297184e-16,2.6151555260182255e-15,5.879995656051918,5.879995656051903,2.1991228827116367,2.1991228827116367
ellipse_n16_jittered_s0,ellipse,16,jittered,0,True,periodic,0.0,ok,0.0007258310000111123,7.166077821496304e-17,3.0000000000000004,51.65055292616269,9.62971133616134e-16,9.62971133616134e-16,gauss96,0.35698813567532395,0.0625,2049,0.021691056658918663,0.005984663657767304,4097,0.0,0.0,0.0,0.0,7.24417041277765,7.24417041277765,1.628994778815419,1.628994778815419
ellipse_n16_jittered_s0,ellipse,16,jittered,0,True,periodic,0.5,ok,0.0007531470000117224,1.2819069712735472e-16,3.2014931434212577,23.23420484140325,3.0581753953288564e-16,3.0581753953288564e-16,gauss96,1.0516628078045636,0.035318759328905824,2560,0.01864378392083116,0.004893455433793443,4097,1.2820634445083407e-16,0.0,7.71281612451618e-16,8.333584710120558e-16,6.998045922567611,6.998045922567604,1.7900803536025487,1.7900803536025502
ellipse_n16_jittered_s0,ellipse,16,jittered,0,True,periodic,1.0,ok,0.0028821999999877335,7.166077821496304e-17,4.053180624946442,20.757866806171588,6.846009201184839e-16,6.846009201184839e-16,gauss96,2.21927152467182,0.018577258762138782,2560,0.017500039574326408,0.004753039278668659,4097,1.2833145435564798e-16,0.0,8.192073417744214e-16,1.2918164676736557e-15,5.576256418836919,5.576256418836915,2.256806588324857,2.256806588324856
ellipse_n16_jittered_s1,ellipse,16,jittered,1,True,periodic,0.0,ok,0.0009628999999904408,6.229530432505801e-17,3.0000000000000004,52.32102688275328,1.0864354590782211e-15,1.0864354590782211e-15,gauss96,0.45712615208113533,0.0625,2049,0.008169944418523836,0.0036907330076021787,4097,0.0,8.537736462515939e-07,0.0,0.0,4.651212990225344,4.651212990225344,2.153504153198995,2.153504153198995
ellipse_n16_jittered_s1,ellipse,16,jittered,1,True,periodic,0.5,ok,0.0010763260000317132,7.556036547158834e-17,3.199448286301072,24.089623738251184,1.474790024702318e-16,1.474790024702318e-16,gauss96,1.274813347053564,0.04231326227506657,2560,0.004787480256751327,0.0020173334207430416,4097,7.556036547158834e-17,8.537736462515939e-07,5.171733914542123e-16,5.108580990352504e-16,5.911986586701282,5.911986586701284,2.1536849550266344,2.1536849550266353
ellipse_n16_jittered_s1,ellipse,16,jittered,1,True,periodic,1.0,ok,0.0006915480000202479,1.2452981791283022e-16,4.253316497227311,21.22433621438262,1.6738868263842395e-16,1.6738868263842395e-16,gauss96,2.2017425187721007,0.027584374643377763,2560,0.0011832367596920795,0.00035949966398425494,4097,1.8679472686924532e-16,0.0,2.248156295241091e-16,5.603393165450176e-16,5.972796776411039,5.972796776411033,2.215679010866559,2.2156790108665594
ellipse_n16_jittered_s2,ellipse,16,jittered,2,True,periodic,0.0,ok,0.0008486819999689033,7.083415956756744e-17,3.0000000000000004,6594.643238996686,3.1669039549861307e-10,0.07429707414021142,adaptive,0.15288218316991595,0.0625,2049,0.03972189013854761,0.011810017785845837,4097,0.0,0.0,0.0,0.0,3.1188461049894936,3.1188461049894936,1.436094641665805,1.436094641665805
ellipse_n16_jittered_s2,ellipse,16,jittered,2,True,periodic,0.5,ok,0.0007834869999783223,2.5435807231441663e-16,3.9797583869011475,32.34288056921058,2.1969061606606398e-16,2.1969061606606398e-16,gauss96,0.822495110727766,0.03203087560490611,2560,0.027217711430793847,0.007844762791219838,4097,2.549353286865903e-16,0.0,4.2497723718535653e-16,3.3685290455383468e-15,4.9159562384446405,4.9159562384446645,1.6866580948070717,1.686658094807071
ellipse_n16_jittered_s2,ellipse,16,jittered,2,True,periodic,1.0,ok,0.0008008610000160843,1.267738527319994e-16,12.049845994799231,20.835656413500285,3.410224864812563e-16,3.410224864812563e-16,gauss96,2.2124792049911894,0.01452072662790585,2560,0.0030982529307512635,0.0009623289714567071,4097,1.2672746356679485e-16,0.0,1.1299888749914605e-16,2.339926587829382e-15,5.555012551618225,5.555012551618218,2.242712287564351,2.2427122875643515
ellipse_n16_jittered_s3,ellipse,16,jittered,3,True,periodic,0.0,ok,0.0010582200000044395,7.600221546056263e-17,3.0000000000000004,85712.38963612083,7.621602289172244e-11,0.8030268189739607,adaptive,0.03732506458041866,0.0625,2049,0.43075931413615853,0.1586333589848017,4097,0.0,0.0,0.0,0.0,1.8514785288181228,1.8514785288181228,4.2273180535483705,4.2273180535483705
ellipse_n16_jittered_s3,ellipse,16,jittered,3,True,periodic,0.5,ok,0.0006961209999758466,1.5112493792136377e-16,4.027591328744428,174.96386702294075,9.746598511112275e-16,9.746598511112275e-16,gauss96,0.6464834819925216,0.032376753874353126,2560,0.3972897747938835,0.15057453603945609,4097,7.834129053121284e-17,8.537736462515939e-07,4.855394281705379e-16,1.2906884068980478e-15,11.123923644073132,11.123923644073118,1.8895827516279973,1.8895827516279964
ellipse_n16_jittered_s3,ellipse,16,jittered,3,True,periodic,1.0,ok,0.0007136230000241994,1.5084904478446765e-16,12.306055831640949,28.06782751692712,2.1517922077576138e-15,2.1517922077576138e-15,gauss96,1.595837945904429,0.012522471430211207,2560,0.2669147901520326,0.10776971534172017,4097,7.883820975333762e-17,0.0,6.910500229247579e-16,2.1422687254525685e-15,5.212007361698002,5.212007361697997,2.096347419259631,2.09634741925963
ellipse_n16_jittered_s4,ellipse,16,jittered,4,True,periodic,0.0,ok,0.0007647319999932733,6.172105503949165e-17,3.0000000000000004,8758.445414995682,3.8586841272906853e-10,0.026753705911566256,adaptive,0.1266637604632596,0.0625,2049,0.08734771591079005,0.026895023525222772,4097,0.0,0.0,0.0,0.0,1.8033975778330802,1.8033975778330802,5.022711679373405,5.022711679373405
ellipse_n16_jittered_s4,ellipse,16,jittered,4,True,periodic,0.5,ok,0.000719528999979957,6.35619567238075e-17,4.132251060434416,77.86439633283068,3.650154726547376e-16,3.650154726547376e-16,gauss96,0.8588390936371088,0.03292733568784789,2560,0.07122787540234503,0.021801626717735736,4097,6.35619567238075e-17,0.0,2.727259477911538e-16,4.864256046861628e-16,17.672679500591116,17.672679500591094,1.808824018677819,1.8088240186778193
ellipse_n16_jittered_s4,ellipse,16,jittered,4,True,periodic,1.0,ok,0.0006634490000010373,7.708019451270499e-17,11.201382876579805,21.8457548081871,9.75763129265478e-16,9.75763129265478e-16,gauss96,2.04904928296195,0.014768233112295859,2560,0.008830880012411028,0.0027584150703526883,4097,7.708019451270499e-17,8.537736462515939e-07,7.424871841125464e-16,3.8405892249416067e-16,6.060868203315166,6.0608682033151675,2.101037549379279,2.1010375493792783
ellipse_n16_jittered_s5,ellipse,16,jittered,5,True,periodic,0.0,ok,0.000684830000011516,1.240824027777599e-16,3.0000000000000004,557.2309774747491,2.544870593565445e-10,2.544870593565445e-10,gauss96,0.43620381759439425,0.0625,2049,0.036466906052522216,0.013928130140737752,4097,0.0,0.0,0.0,0.0,38.21085892710867,38.21085892710867,0.6195758800064239,0.6195758800064239
ellipse_n16_jittered_s5,ellipse,16,jittered,5,True,periodic,0.5,ok,0.0007972239999958219,1.2790121323328457e-16,3.6325482315291677,28.13366869877767,6.313989328655982e-16,6.313989328655982e-16,gauss96,0.9086856966257901,0.03206586786900978,2560,0.024029382163626774,0.008494094088726168,4097,6.936417185564497e-17,0.0,1.1793927214732693e-15,3.878418138367558e-15,8.179139689421273,8.1791396894212,1.0520872353931352,1.0520872353931363
ellipse_n16_jittered_s5,ellipse,16,jittered,5,True,periodic,1.0,ok,0.0007025230000294869,1.2432451501340146e-16,7.241431065552986,21.63337813431138,8.211185642721603e-16,8.211185642721603e-16,gauss96,2.1001572815010334,0.014363815523149248,2560,0.011167167763770395,0.0029836565693708347,4097,6.500000295092939e-17,8.537736462515939e-07,0.0,4.383495589410688e-15,5.38387084121219,5.38387084121219,2.170344007815881,2.170344007815881
ellipse_n16_jittered_s6,ellipse,16,jittered,6,True,periodic,0.0,ok,0.0008353709999937564,6.916258040944794e-17,3.0000000000000004,7538.214378956424,1.0204227579389223e-09,0.06614465864439595,adaptive,0.1213969204823656,0.0625,2049,0.027526940268787412,0.010510947487369327,4097,0.0,0.0,0.0,0.0,1.3909742085471892,1.3909742085471892,2.8312975861661562,2.8312975861661562
ellipse_n16_jittered_s6,ellipse,16,jittered,6,True,periodic,0.5,ok,0.0007537519999800679,1.2372178503585665e-16,3.9076227478738237,33.55593813332241,4.234974644052657e-16,4.234974644052657e-16,gauss96,0.7459312154355127,0.029124917410856765,2560,0.01984098184001177,0.00665650372179506,4097,0.0,0.0,0.0,0.0,4.517931953184618,4.517931953184618,2.3945231371498967,2.3945231371498967
ellipse_n16_jittered_s6,ellipse,16,jittered,6,True,periodic,1.0,ok,0.0009583170000269092,6.376474848659994e-17,10.376729125483767,21.389645264843168,4.982850769348489e-16,4.982850769348489e-16,gauss96,2.162709798213595,0.012373391983792281,2560,0.0019961443702752237,0.0006222975282494542,4097,7.294931160328968e-17,8.537736462515939e-07,3.416349769244006e-16,1.1373846856579334e-15,6.255201759814099,6.255201759814103,2.172876784742705,2.172876784742705
ellipse_n16_jittered_s7,ellipse,16,jittered,7,True,periodic,0.0,ok,0.0008568829999830996,6.891548027807923e-17,3.0000000000000004,98.39391643243495,7.221409224502361e-16,7.221409224502361e-16,gauss96,0.7917933165976571,0.0625,2049,0.036989990771567116,0.010013142704605762,4097,0.0,0.0,0.0,0.0,4.594469859207644,4.594469859207644,2.262733139216485,2.262733139216485
ellipse_n16_jittered_s7,ellipse,16,jittered,7,True,periodic,0.5,ok,0.0007646199999840064,1.8971325235609647e-16,3.268576103008654,28.466832768260698,4.992074401422873e-16,4.992074401422873e-16,gauss96,1.427150811904299,0.0471741220112748,2560,0.025973111003222235,0.0067363379280614205,4097,1.303600568874325e-16,0.0,3.327481036793799e-16,6.554076153919921e-16,6.093008954066112,6.093008954066103,2.095806468024292,2.0958064680242927
ellipse_n16_jittered_s7,ellipse,16,jittered,7,True,periodic,1.0,ok,0.0006855699999732678,6.891548027807923e-17,4.850502203857193,21.663494710675177,1.6399540915482213e-16,1.6399540915482213e-16,gauss96,2.126542076875704,0.034067462344437915,2560,0.0061328420679557715,0.0016146030845634136,4097,4.622990958114938e-17,8.537736462515939e-07,4.541698935319199e-16,1.3705804212698239e-15,6.103332256864625,6.103332256864631,2.1715179387935484,2.1715179387935484
ellipse_n16_jittered_s8,ellipse,16,jittered,8,True,periodic,0.0,ok,0.0007382640000059837,1.245435254128461e-16,3.0000000000000004,577.5970549421954,2.003511742667044e-08,2.003511742667044e-08,gauss96,0.27646932227207566,0.0625,2049,0.024073872298998628,0.008446154823024543,4097,0.0,0.0,0.0,0.0,3.694076256924016,3.694076256924016,1.582163608985456,1.582163608985456
ellipse_n16_jittered_s8,ellipse,16,jittered,8,True,periodic,0.5,ok,0.0007533060000355363,1.3267573123357236e-16,3.368380362787238,34.102521479282004,4.1670979443075477e-16,4.1670979443075477e-16,gauss96,0.8431824294334077,0.03163028870481352,2560,0.017126169135016262,0.005714627908701397,4097,7.841241278552696e-17,0.0,9.075139883322052e-16,2.0572067202030997e-15,10.44066348164956,10.440663481649525,1.361761763939391,1.3617617639393917
ellipse_n16_jittered_s8,ellipse,16,jittered,8,True,periodic,1.0,ok,0.0007554589999472228,1.245435254128461e-16,5.411654922581898,21.542888150589725,6.596541102504396e-16,6.596541102504396e-16,gauss96,2.124071113240538,0.013842231550632175,2560,0.005414158247749009,0.0014817808563569372,4097,8.469875439783848e-17,0.0,1.0156085385072924e-15,1.4118050565809884e-16,5.90931791468461,5.909317914684615,2.17672271520286,2.1767227152028585
ellipse_n16_jittered_s9,ellipse,16,jittered,9,True,periodic,0.0,ok,0.0007328579999921203,6.552679605554955e-17,3.0000000000000004,1587.1766079909696,4.111542479225196e-09,0.0003827970645721234,adaptive,0.26174116601756503,0.0625,2049,0.11355304768438175,0.038232844969787926,4097,0.0,0.0,0.0,0.0,10.943062262886691,10.943062262886691,0.8665188163890969,0.8665188163890969
ellipse_n16_jittered_s9,ellipse,16,jittered,9,True,periodic,0.5,ok,0.0007225389999803156,6.754347536133437e-17,3.7411346250922293,60.111613621914714,0.0,0.0,gauss96,0.7603383960116592,0.029765327908335637,2560,0.08568593207574328,0.028797471221187955,4097,0.0,0.0,0.0,0.0,5.941986344635642,5.941986344635642,1.1834464489095615,1.1834464489095615
ellipse_n16_jittered_s9,ellipse,16,jittered,9,True,periodic,1.0,ok,0.0006794310000373116,6.552679605554955e-17,8.177208088562029,20.196456853784486,3.5181553918303053e-16,3.5181553918303053e-16,gauss96,2.259553020145418,0.01159864165183272,2560,0.0035982413198091265,0.0009543780740149347,4097,2.0477123767359235e-17,0.0,4.614113928765613e-16,2.1334525292503446e-15,5.327434188467229,5.327434188467236,2.272221174151356,2.2722211741513547
ellipse_n16_clustered_s0,ellipse,16,clustered,0,True,periodic,0.0,ok,0.000689340999997512,1.2437053326605848e-16,3.0000000000000004,23.695647876424534,1.0495174422450112e-15,1.0495174422450112e-15,gauss96,0.2838679828076582,0.0625,2049,0.014696848655428274,0.005248204679520351,4097,0.0,0.0,0.0,0.0,4.275738017257646,4.275738017257646,0.39065363350672366,0.39065363350672366
ellipse_n16_clustered_s0,ellipse,16,clustered,0,True,periodic,0.5,ok,0.0006832600000166167,6.218526663302924e-17,3.2296904252595726,22.438379353585567,1.8999841064186967e-15,1.8999841064186967e-15,gauss96,0.7010302506130125,0.027028344182839836,2560,0.017340301895582524,0.0052202230560892664,4097,1.8461251031680555e-17,0.0,1.2577804613122023e-15,1.4747933366141187e-14,4.775000474828485,4.775000474828585,0.815393244120478,0.8153932441204782
ellipse_n16_clustered_s0,ellipse,16,clustered,0,True,periodic,1.0,ok,0.0007336850000001505,1.2868333904068158e-16,4.15252931302364,22.11572057223237,1.2851360342330057e-15,1.2851360342330057e-15,gauss96,1.8874938470900804,0.009136773270968956,2560,0.020001610348358297,0.005992006206778266,4097,3.20642781076557e-17,0.0,2.6125142504612974e-15,3.11029909884039e-14,5.366194978847331,5.366194978847475,2.154387420450651,2.154387420450655
ellipse_n16_clustered_s1,ellipse,16,clustered,1,True,periodic,0.0,ok,0.0008353310000188685,1.265630561763201e-16,3.0000000000000004,23.55494901349438,0.0,0.0,gauss96,0.33708704865783723,0.0625,2049,0.007797295118623709,0.002317305327419458,4097,0.0,0.0,0.0,0.0,3.074032465866489,3.074032465866489,0.36455081663128786,0.36455081663128786
ellipse_n16_clustered_s1,ellipse,16,clustered,1,True,periodic,0.5,ok,0.0007328460000053383,6.689213096759899e-17,3.225007570254688,21.420691524928294,6.63417177669738e-16,6.63417177669738e-16,gauss96,0.7906858124637817,0.028739920785652462,2560,0.01178108211955095,0.0033872390609622446,4097,2.20756149585407e-17,1.2074182697257333e-06,9.362190276405603e-16,3.0436308381679535e-14,4.605163925969088,4.60516392596888,0.8048483332123463,0.8048483332123472
ellipse_n16_clustered_s1,ellipse,16,clustered,1,True,periodic,1.0,ok,0.0007473969999978181,1.2795865986388226e-16,4.19591083279018,21.36879979884075,4.987711587330095e-16,4.987711587330095e-16,gauss96,2.0370794480117467,0.010594158737878279,2560,0.01487552245822612,0.004431867370644487,4097,6.759360313265171e-17,8.537736462515939e-07,1.846495916137566e-15,4.1148622197181566e-14,5.319937136478967,5.319937136479164,2.1933532385568,2.1933532385568038
ellipse_n16_clustered_s2,ellipse,16,clustered,2,True,periodic,0.0,ok,0.0007470239999634032,1.2858372095237607e-16,3.0000000000000004,24.650000279036735,2.882526278769951e-16,2.882526278769951e-16,gauss96,0.3101959659583033,0.0625,2049,0.011474492504108705,0.004506498446627844,4097,0.0,0.0,0.0,0.0,5.502473393308107,5.502473393308107,1.4389905302989312,1.4389905302989312
ellipse_n16_clustered_s2,ellipse,16,clustered,2,True,periodic,0.5,ok,0.0007651029999919956,7.85642649815778e-17,3.213690758329041,21.166797016118156,1.678437071085989e-16,1.678437071085989e-16,gauss96,0.7761354575532363,0.02739696196127471,2560,0.009868574243758301,0.0032277303094045543,4097,4.5852937139859824e-17,8.537736462515939e-07,1.2910961161925916e-15,9.091679668571532e-16,6.029160831288391,6.029160831288402,1.58117779156927,1.5811777915692697
ellipse_n16_clustered_s2,ellipse,16,clustered,2,True,periodic,1.0,ok,0.0007218590000093172,1.276530665903136e-16,4.191409865403817,20.808983044088325,5.121894238569914e-16,5.121894238569914e-16,gauss96,2.154996441346106,0.009972760769675633,2560,0.01008635930846361,0.00281827439586947,4097,3.987211925205203e-18,0.0,1.28626936811473e-15,2.2864007858313388e-15,5.671257852702463,5.671257852702452,2.2445141679305882,2.2445141679305904
ellipse_n16_clustered_s3,ellipse,16,clustered,3,True,periodic,0.0,ok,0.0007292020000022603,8.841004821708065e-17,3.0000000000000004,35.99151456536477,1.1845170913321895e-15,1.1845170913321895e-15,gauss96,0.3850811155839704,0.0625,2049,0.03426155020583008,0.010521905311145477,4097,0.0,0.0,0.0,0.0,3.063803590420762,3.063803590420762,4.192964477447287,4.192964477447287
ellipse_n16_clustered_s3,ellipse,16,clustered,3,True,periodic,0.5,ok,0.000698635999981434,1.2503068923865472e-16,3.172176126974684,24.086061257543143,1.4750081554691227e-16,1.4750081554691227e-16,gauss96,0.8974420355396734,0.032481104267618244,2560,0.025303078822084116,0.00742142241197124,4097,6.989428010282085e-17,0.0,4.603068329434112e-16,1.2068427627479894e-16,6.857576497187543,6.85757649718754,2.429484860118544,2.429484860118545
ellipse_n16_clustered_s3,ellipse,16,clustered,3,True,periodic,1.0,ok,0.0007866779999972096,1.2527465179110138e-16,3.776057757956567,21.420773706911962,3.3170731621651247e-16,3.3170731621651247e-16,gauss96,2.0556607282847104,0.014412003658752615,2560,0.007303140802040291,0.002797306420625013,4097,6.300185269309075e-17,0.0,1.1953700829416058e-16,1.4150980706022007e-16,6.369096259398107,6.369096259398102,2.0919159852315374,2.091915985231538
ellipse_n16_clustered_s4,ellipse,16,clustered,4,True,periodic,0.0,ok,0.0006942469999557943,6.379739181078338e-17,3.0000000000000004,51.23712532155863,1.6641278712671201e-15,1.6641278712671201e-15,gauss96,0.446699290424365,0.0625,2049,0.02806103577081301,0.009096702079704738,4097,0.0,0.0,0.0,0.0,-1.502977627489045,-1.502977627489045,2.755625739757845,2.755625739757845
ellipse_n16_clustered_s4,ellipse,16,clustered,4,True,periodic,0.5,ok,0.0007845669999824167,7.319777700652313e-17,3.2180567973911063,23.855205810338408,0.0,0.0,gauss96,0.9267892962433291,0.03314705104755267,2560,0.009861125783880606,0.003835190575505965,4097,7.742008014066566e-17,0.0,3.8333224556305376e-16,9.327453773180004e-16,4.0169464481454344,4.016946448145437,2.105171889246292,2.1051718892462925
ellipse_n16_clustered_s4,ellipse,16,clustered,4,True,periodic,1.0,ok,0.0007373469999834015,1.4355797582674928e-16,4.114123414282179,20.855215587497565,3.4070265674264305e-16,3.4070265674264305e-16,gauss96,2.131925761870657,0.014499472512771394,2560,0.01777261123146633,0.006160610579114349,4097,9.164371673987093e-17,0.0,3.9438096194303796e-16,1.1222126199529352e-15,6.190959057230418,6.190959057230418,2.170317312072041,2.170317312072042
ellipse_n16_clustered_s5,ellipse,16,clustered,5,True,periodic,0.0,ok,0.0007031309999661062,1.2481895565340921e-16,3.0000000000000004,24.31843173536685,8.765483853879545e-16,8.765483853879545e-16,gauss96,0.324610976447113,0.0625,2049,0.02229248109871364,0.006071385311444608,4097,0.0,8.537736462515939e-07,0.0,0.0,4.730270930423273,4.730270930423273,1.0827744388472824,1.0827744388472824
ellipse_n16_clustered_s5,ellipse,16,clustered,5,True,periodic,0.5,ok,0.0007007189999512775,1.2459371825667638e-16,3.2257405111324307,22.49427603719569,7.89692825171583e-16,7.89692825171583e-16,gauss96,0.7597346948625193,0.028363708960955414,2560,0.014896909517886437,0.004393698294582973,4097,1.86275865983727e-16,0.0,1.0564800442417632e-15,2.7830517347675935e-15,4.957006113983385,4.957006113983396,1.4262097885135825,1.426209788513582
ellipse_n16_clustered_s5,ellipse,16,clustered,5,True,periodic,1.0,ok,0.0007109580000133064,6.923709919357427e-17,4.29073522899621,21.961233095535118,6.47088196431519e-16,6.47088196431519e-16,gauss96,1.9351313495634812,0.010430499019052353,2560,0.007849630197826949,0.0033934679027406334,4097,6.383345141091555e-17,0.0,3.234056802948486e-16,0.0,5.565936016284901,5.5659360162849,2.166412729276377,2.1664127292763773
ellipse_n16_clustered_s6,ellipse,16,clustered,6,True,periodic,0.0,ok,0.0007044320000204607,6.335844506624507e-17,3.0000000000000004,24.325629376357163,0.0,0.0,gauss96,0.2434183469753477,0.0625,2049,0.014027922705791238,0.004750843966258441,4097,0.0,0.0,0.0,0.0,5.412088358549658,5.412088358549658,0.4539539429987322,0.4539539429987322
ellipse_n16_clustered_s6,ellipse,16,clustered,6,True,periodic,0.5,ok,0.0006775730000185831,6.530041956459967e-17,3.2714932555457747,21.215926822865008,0.0,0.0,gauss96,0.6658332827938486,0.024829719568918322,2560,0.004509703617714198,0.0015917547000522726,4097,1.9797097592793706e-18,1.2074182697257333e-06,1.2601898281600365e-15,1.5483394597012828e-14,5.5523337769903724,5.552333776990553,0.8992708619197004,0.8992708619196998
ellipse_n16_clustered_s6,ellipse,16,clustered,6,True,periodic,1.0,ok,0.0007028140000215899,6.530041956459967e-17,4.621265372205963,20.805750526857,0.0,0.0,gauss96,2.124549484393683,0.007830185987335314,2560,0.015425421085234061,0.0050558075776880335,4097,4.652317934306521e-17,0.0,9.15799999365877e-16,4.3757370472290735e-14,5.283752277428076,5.283752277427873,2.2136086426138637,2.2136086426138615
ellipse_n16_clustered_s7,ellipse,16,clustered,7,True,periodic,0.0,ok,0.000727412000003369,7.289810784184606e-17,3.0000000000000004,22.117796675720772,8.031346274876463e-16,8.031346274876463e-16,gauss96,0.31072967365326953,0.0625,2049,0.046363354995035855,0.012754268510536716,4097,0.0,0.0,0.0,0.0,2.8471638946304445,2.8471638946304445,0.40596691493080966,0.40596691493080966
ellipse_n16_clustered_s7,ellipse,16,clustered,7,True,periodic,0.5,ok,0.0006853219999811699,1.3065854691804536e-16,3.210672371215575,20.919460433355063,8.491408490478731e-16,8.491408490478731e-16,gauss96,0.7546995333712747,0.026978410811044906,2560,0.043770415028291244,0.012725144650134955,4097,8.150256228273915e-18,0.0,6.189791565237361e-16,1.1246628974236936e-14,4.685783234526365,4.685783234526172,0.8427043029025285,0.8427043029025291
ellipse_n16_clustered_s7,ellipse,16,clustered,7,True,periodic,1.0,ok,0.0006857969999600755,7.289810784184606e-17,4.065841952756896,20.704463724202597,5.147750349091443e-16,5.147750349091443e-16,gauss96,2.114557490390358,0.009345653871576265,2560,0.04173534044132832,0.012943157896297502,4097,1.6809903470814947e-17,0.0,1.6735231541745816e-15,1.0304853449954399e-14,5.130080813775332,5.130080813775346,2.2476111748058067,2.2476111748058036
ellipse_n16_clustered_s8,ellipse,16,clustered,8,True,periodic,0.0,ok,0.0006939179999676526,6.292332800589324e-17,3.0000000000000004,29.961461222433364,5.928805762217698e-16,5.928805762217698e-16,gauss96,0.22827873782860508,0.0625,2049,0.012941472475272917,0.004471278422222472,4097,0.0,0.0,0.0,0.0,-4.801951704262341,-4.801951704262341,0.5786869864874284,0.5786869864874284
ellipse_n16_clustered_s8,ellipse,16,clustered,8,True,periodic,0.5,ok,0.0006996770000000652,1.2682602219106098e-16,3.2809958947870372,21.681643220580778,1.6385813762621888e-16,1.6385813762621888e-16,gauss96,0.6309744843749161,0.023904985892521977,2560,0.007446342802266602,0.0023242648807541154,4097,2.949531000276246e-17,0.0,2.5302114534530735e-16,3.680589414364343e-16,3.8756633934014166,3.8756633934014193,0.9947520855621683,0.9947520855621681
ellipse_n16_clustered_s8,ellipse,16,clustered,8,True,periodic,1.0,ok,0.0007329389999881641,6.485988192092094e-17,4.526476602393626,21.427223047267933,3.316074762430298e-16,3.316074762430298e-16,gauss96,2.0264135949883024,0.007092508670903854,2560,0.008467572883898372,0.003430245805316412,4097,1.966354000184164e-18,0.0,1.2588424653888594e-15,1.1816075028118537e-14,5.354243464744833,5.35424346474482,2.199343053941276,2.1993430539412793
ellipse_n16_clustered_s9,ellipse,16,clustered,9,True,periodic,0.0,ok,0.0007953170000405407,6.404046429801501e-17,3.0000000000000004,28.071830889408197,5.062318439857769e-16,5.062318439857769e-16,gauss96,0.3774742124145105,0.0625,2049,0.019896083751547212,0.007485031696265358,4097,0.0,1.2074182697257333e-06,0.0,0.0,6.132547698585387,6.132547698585387,2.4065943554402502,2.4065943554402502
ellipse_n16_clustered_s9,ellipse,16,clustered,9,True,periodic,0.5,ok,0.0007027290000110042,6.416542142034352e-17,3.166318008622264,22.13900692599853,4.8141911116552e-16,4.8141911116552e-16,gauss96,0.8526180155376711,0.029583214644336997,2560,0.023424946275603924,0.006656275256235348,4097,6.453884118641352e-17,0.0,2.529442213983105e-16,8.107866931248545e-16,6.873257391180554,6.873257391180548,2.0254414651258843,2.0254414651258843
ellipse_n16_clustered_s9,ellipse,16,clustered,9,True,periodic,1.0,ok,0.0006756939999945644,1.9249626426103053e-16,3.811188633932692,20.91039644780204,6.796071394761027e-16,6.796071394761027e-16,gauss96,2.1339052221488277,0.011812017704958877,2560,0.023679145561512856,0.007667827815130431,4097,1.286425529011525e-16,0.0,2.3028423374917105e-16,3.933909408945839e-16,5.9520853424505304,5.95208534245053,2.2247450728309537,2.224745072830954
ellipse_n32_uniform_s0,ellipse,32,uniform,0,True,periodic,0.0,ok,0.0007178769999995893,6.160160727317055e-17,3.0000000000000004,21.439621702720984,0.0,0.0,gauss96,1.7426276053969314,0.03125,2049,0.000638163006720914,0.00027099739505814807,4097,0.0,0.0,0.0,0.0,5.425814840190246,5.425814840190246,1.7426276053969314,1.7426276053969314
ellipse_n32_uniform_s0,ellipse,32,uniform,0,True,periodic,0.5,ok,0.0007301459999666804,6.885310909710477e-17,3.0038992520487064,21.439542038905632,0.0,0.0,gauss96,1.9548768809288668,0.027964082356775166,3072,0.0005817582049858906,0.00021930465905941322,4097,6.647200717441967e-17,0.0,5.635391958956623e-16,3.015141309904685e-15,5.472956722797483,5.472956722797487,1.9548768809288708,1.9548768809288704
ellipse_n32_uniform_s0,ellipse,32,uniform,0,True,periodic,1.0,ok,0.0007265229999688927,6.885310909710477e-17,3.015795358796817,21.439636939271914,0.0,0.0,gauss96,2.19816581783703,0.024900037789607952,3072,0.000535475307451592,0.00021892627409260195,4097,4.426356681595894e-17,0.0,5.589134987111876e-16,1.0518501029544184e-14,5.5210509811658,5.521050981165753,2.20370748258335,2.2037074825833485
ellipse_n32_jittered_s0,ellipse,32,jittered,0,True,periodic,0.0,ok,0.000757735999968645,6.897080233977332e-17,3.0000000000000004,149.29456906312657,0.0,0.0,gauss96,0.2929482213976759,0.03125,2049,0.009420931560850833,0.002283066634832495,4097,0.0,0.0,0.0,0.0,7.9165552417927225,7.9165552417927225,1.755313321723458,1.755313321723458
ellipse_n32_jittered_s0,ellipse,32,jittered,0,True,periodic,0.5,ok,0.0007139649999885478,6.358793784267004e-17,3.2731227665284246,26.368206476997603,2.694694978135675e-16,2.694694978135675e-16,gauss96,0.929745506330376,0.016433141229379056,3072,0.006498780718155783,0.0013735591261562255,4097,0.0,8.537736462515939e-07,1.3198078210055869e-16,7.441234150028123e-15,6.883361327513675,6.883361327513623,1.8696467778398695,1.8696467778398693
ellipse_n32_jittered_s0,ellipse,32,jittered,0,True,periodic,1.0,ok,0.000797467999973378,1.2433888217297218e-16,4.7414373798633385,21.402926909472452,3.3198390984815725e-16,3.3198390984815725e-16,gauss96,2.1956871247933196,0.007819414088726384,3072,0.0005418370362536506,0.00022038517694018947,4097,5.0122605810691276e-17,8.537736462515939e-07,6.333988518510767e-16,1.0036942737138781e-14,5.507477654782276,5.507477654782281,2.203778695770514,2.203778695770513
ellipse_n32_jittered_s1,ellipse,32,jittered,1,True,periodic,0.0,ok,0.0007466449999924407,6.89286368428925e-17,3.0000000000000004,5486469.941796096,5.322941906721049e-09,0.06880882528052952,adaptive,0.0033220372663774547,0.03125,2049,0.03145655742340769,0.007014528699860094,4097,0.0,0.0,0.0,0.0,-225.0897598632442,-225.0897598632442,0.8712203190489378,0.8712203190489378
ellipse_n32_jittered_s1,ellipse,32,jittered,1,True,periodic,0.5,ok,0.0008854019999944285,6.89286368428925e-17,3.779480355867014,51.83126268554846,1.0967014098357485e-15,1.0967014098357485e-15,gauss96,0.8778358194390294,0.016642904968324546,3072,0.024564458894263258,0.005396011636085116,4097,1.9266139697138017e-18,0.0,2.0166352005058377e-16,3.712150373405689e-15,-16.513526753211842,-16.51352675321167,1.2228616661134826,1.2228616661134828
ellipse_n32_jittered_s1,ellipse,32,jittered,1,True,periodic,1.0,ok,0.0007827199999610457,1.2821847565328253e-16,9.78973391998781,21.479390800786035,1.6540104473868457e-16,1.6540104473868457e-16,gauss96,2.171668451501727,0.008029073724791003,3072,0.0020389735738969017,0.0004911638732636594,4097,1.2770359090318049e-16,0.0,7.874069904308829e-16,3.64809860890298e-15,5.400595466841233,5.400595466841225,2.1923174899919706,2.1923174899919724
ellipse_n32_jittered_s2,ellipse,32,jittered,2,True,periodic,0.0,ok,0.0007516190000274037,6.356432812610222e-17,3.0000000000000004,41319.52189713182,6.329912633220813e-09,0.2692019582737406,adaptive,0.08646674262329411,0.03125,2049,0.019024923328996475,0.004796364768058383,4097,0.0,0.0,0.0,0.0,-0.6042406889881436,-0.6042406889881436,1.397365942432874,1.397365942432874
ellipse_n32_jittered_s2,ellipse,32,jittered,2,True,periodic,0.5,ok,0.001085155999987819,6.894519400665319e-17,4.3410988882043755,46.55964895558514,4.578273795220696e-16,4.578273795220696e-16,gauss96,0.7388445516795965,0.014679730733073784,3072,0.013555980726986232,0.0034050223766124285,4097,7.70830702603938e-18,0.0,6.672153193781634e-16,1.5603203918988651e-15,3.5735442863697116,3.573544286369703,1.653324005112095,1.6533240051120954
ellipse_n32_jittered_s2,ellipse,32,jittered,2,True,periodic,1.0,ok,0.0011992440000199167,7.611953188213889e-17,14.841628502928836,21.409205058048638,8.297163928244229e-16,8.297163928244229e-16,gauss96,2.185763114138062,0.00598740017030399,3072,0.0005918249292078505,0.00022750944909008278,4097,7.708307026039382e-17,0.0,1.4380431598288383e-15,4.789491757703165e-15,5.464557364948181,5.464557364948196,2.19664049822288,2.1966404982228824
ellipse_n32_jittered_s3,ellipse,32,jittered,3,True,periodic,0.0,ok,0.000818828999967991,6.951884258441624e-17,3.0000000000000004,604572.1533217531,4.890302137778744e-10,0.839954757293082,adaptive,0.018834876388709416,0.03125,2049,0.11272756591486643,0.033234945273106276,4097,0.0,0.0,0.0,0.0,3.2949605088252993,3.2949605088252993,3.911173102567893,3.911173102567893
ellipse_n32_jittered_s3,ellipse,32,jittered,3,True,periodic,0.5,ok,0.0007506599999942409,6.409320598265715e-17,4.72933523614759,147.80854161912498,5.768619821101025e-16,5.768619821101025e-16,gauss96,0.578380458114308,0.014127428137445303,3072,0.09331934987303124,0.02829148571127165,4097,6.293399368656771e-17,8.537736462515939e-07,2.4671717154168015e-16,5.259365953113621e-16,13.077175437984721,13.077175437984716,2.0162210098567117,2.0162210098567117
ellipse_n32_jittered_s3,ellipse,32,jittered,3,True,periodic,1.0,ok,0.000727838999978303,6.409320598265715e-17,19.891241944594,21.47439728464168,3.3087901203554374e-16,3.3087901203554374e-16,gauss96,2.0733179837726032,0.00484717685395962,3072,0.0073864572533044225,0.002241854153481018,4097,8.501109407429945e-18,0.0,5.880779803176379e-16,2.8072577476445014e-15,6.092368925211267,6.09236892521128,2.1565487176588176,2.1565487176588176
ellipse_n32_jittered_s4,ellipse,32,jittered,4,True,periodic,0.0,ok,0.0008878579999986869,6.284224427481142e-17,3.0000000000000004,66548.33385826946,4.329514746581294e-10,0.04098783319142475,adaptive,0.07604916106728196,0.03125,2049,0.044661585889022956,0.010495589634595365,4097,0.0,0.0,0.0,0.0,12.170417279123683,12.170417279123683,1.3236297551214862,1.3236297551214862
ellipse_n32_jittered_s4,ellipse,32,jittered,4,True,periodic,0.5,ok,0.0007315259999813861,6.971721046094336e-17,3.988761965186423,146.27122960715056,9.715413450320307e-16,9.715413450320307e-16,gauss96,0.774307886757905,0.015132308996631982,3072,0.037323164995372755,0.008556035072005854,4097,1.9486552724041098e-18,8.537736462515939e-07,0.0,3.630902259664926e-15,6.969484547108761,6.969484547108704,1.4848721599263985,1.4848721599263985
ellipse_n32_jittered_s4,ellipse,32,jittered,4,True,periodic,1.0,ok,0.00101834500003406,6.971721046094336e-17,10.741469128816107,21.382128717385246,6.64613654843801e-16,6.64613654843801e-16,gauss96,2.1951402863754237,0.006340817382193942,3072,0.006285085039690593,0.0014123418909998224,4097,6.845995113748909e-17,0.0,1.9232626982370737e-15,8.485083665862668e-15,5.417625713223757,5.417625713223739,2.204729430169946,2.2047294301699494
ellipse_n32_jittered_s5,ellipse,32,jittered,5,True,periodic,0.0,ok,0.0007624560000181191,1.2524350066356923e-16,3.0000000000000004,915.4233687136269,4.626665441734718e-11,4.626665441734718e-11,gauss96,0.26441301967732384,0.03125,2049,0.01735201875091181,0.004299324586009245,4097,0.0,0.0,0.0,0.0,7.012628460695018,7.012628460695018,1.5136245693249213,1.5136245693249213
ellipse_n32_jittered_s5,ellipse,32,jittered,5,True,periodic,0.5,ok,0.0007058329999836133,1.2524350066356923e-16,3.71225084532268,33.57970282708022,4.2319775098610213e-16,4.2319775098610213e-16,gauss96,1.082350238578452,0.018663183665571847,3072,0.011826331247335706,0.002584406935137046,4097,8.718775187583178e-17,0.0,7.313434569278324e-16,3.771522658941026e-15,7.235568917313055,7.235568917313108,1.7125127664323663,1.7125127664323652
ellipse_n32_jittered_s5,ellipse,32,jittered,5,True,periodic,1.0,ok,0.0008507480000048417,6.454902276975144e-17,7.554965165274309,21.128559643197832,5.044423858695358e-16,5.044423858695358e-16,gauss96,2.221040749733555,0.009964092994782514,3072,0.0023325084322364637,0.0004942579571354005,4097,5.3815566691377404e-17,0.0,1.7985018587458342e-15,6.5619501188595785e-15,5.410690821361861,5.41069082136188,2.228405826630063,2.228405826630059
ellipse_n32_jittered_s6,ellipse,32,jittered,6,True,periodic,0.0,ok,0.0007431239999959871,1.2335676790290239e-16,3.0000000000000004,37950.48307774946,1.1459421472824955e-09,0.29253959097702364,adaptive,0.07445354523275281,0.03125,2049,0.00868939660265382,0.003010701523150699,4097,0.0,8.537736462515939e-07,0.0,0.0,-8.35438283928973,-8.35438283928973,1.547855906074552,1.547855906074552
ellipse_n32_jittered_s6,ellipse,32,jittered,6,True,periodic,0.5,ok,0.0008071370000379829,6.895852962888848e-17,3.987016720272654,34.99137640142218,0.0,0.0,gauss96,0.7118669445412383,0.014142556986548468,3072,0.005936270326550687,0.0019092868672927216,4097,8.673522743172825e-18,0.0,1.4380054170603414e-16,7.480826269614274e-16,0.5985891523353274,0.5985891523353281,1.7156648568831658,1.7156648568831654
ellipse_n32_jittered_s6,ellipse,32,jittered,6,True,periodic,1.0,ok,0.0007549360000211891,7.652362902041644e-17,10.720779338687384,21.4089669177288,1.6594512441693265e-16,1.6594512441693265e-16,gauss96,2.192161606038981,0.005673026462310923,3072,0.0005669705816849626,0.0002250712471065479,4097,7.484859949495581e-17,0.0,1.1212271872875767e-15,5.2304994031694485e-15,5.575946122527357,5.575946122527378,2.2003884547487944,2.2003884547487926
ellipse_n32_jittered_s7,ellipse,32,jittered,7,True,periodic,0.0,ok,0.0015161559999796737,6.921186893226852e-17,3.0000000000000004,162.19811464000597,2.102740305717006e-15,2.102740305717006e-15,gauss96,0.5120511284417582,0.03125,2049,0.010471190878795807,0.002352468287233814,4097,0.0,0.0,0.0,0.0,5.310039109985686,5.310039109985686,1.7596260890546436,1.7596260890546436
ellipse_n32_jittered_s7,ellipse,32,jittered,7,True,periodic,0.5,ok,0.0007719769999994242,8.754685877720585e-17,3.2610598493567324,24.919800940598446,1.425658931734301e-16,1.425658931734301e-16,gauss96,1.1364248348390953,0.01883635860585431,3072,0.006403501022992284,0.0013704675023585957,4097,6.358251894613501e-17,8.537736462515939e-07,5.16657382939449e-16,5.09725224496122e-15,5.668749694682694,5.668749694682711,1.9170918154152732,1.9170918154152732
ellipse_n32_jittered_s7,ellipse,32,jittered,7,True,periodic,1.0,ok,0.0007602709999900981,7.351852410853827e-17,4.813784160079209,21.32881485756221,3.3313746708630397e-16,3.3313746708630397e-16,gauss96,2.2028786386405685,0.010566884777940322,3072,0.0005500788248936253,0.00022357875441105453,4097,7.24932896864491e-17,8.537736462515939e-07,7.168919799891037e-16,6.663666127817278e-15,5.500472704551828,5.500472704551808,2.2116875233386617,2.2116875233386604
ellipse_n32_jittered_s8,ellipse,32,jittered,8,True,periodic,0.0,ok,0.0007762079999906746,6.219531472620642e-17,3.0000000000000004,10880.604858232904,4.754088174781239e-10,0.010893207885807459,adaptive,0.13357987229279175,0.03125,2049,0.013368173795845473,0.0038519670209099894,4097,0.0,1.2074182697257333e-06,0.0,0.0,31.902762629151812,31.902762629151812,0.5926001510561081,0.5926001510561081
ellipse_n32_jittered_s8,ellipse,32,jittered,8,True,periodic,0.5,ok,0.0008570339999778298,1.2367090906547167e-16,3.5865837982982436,53.91273367317254,1.3179497446141795e-15,1.3179497446141795e-15,gauss96,0.8372327915536718,0.014908847260022062,3072,0.009873753025324433,0.002589507146678686,4097,6.373305657164658e-17,0.0,2.610779191632693e-16,2.7062132640271846e-14,11.369282188410189,11.36928218841047,0.9455420057866161,0.9455420057866158
ellipse_n32_jittered_s8,ellipse,32,jittered,8,True,periodic,1.0,ok,0.0007712309999874378,1.2367090906547167e-16,7.4816460975119785,21.416403779961648,1.6588749984834583e-16,1.6588749984834583e-16,gauss96,2.189212173936976,0.006220545852011372,3072,0.0007304514458975907,0.00025349705435204217,4097,8.727823927031026e-17,0.0,2.7006222462376593e-15,4.985157467971021e-14,5.430106398551803,5.430106398552043,2.193806761648156,2.1938067616481502
ellipse_n32_jittered_s9,ellipse,32,jittered,9,True,periodic,0.0,ok,0.0007602289999795175,6.944650474910607e-17,3.0000000000000004,79368.93008935559,5.163045698214831e-09,1.4307481032680205,adaptive,0.0900485404378094,0.03125,2049,0.03442400355523745,0.009802997806869334,4097,0.0,0.0,0.0,0.0,-128.78437787388864,-128.78437787388864,0.2735510927300945,0.2735510927300945
ellipse_n32_jittered_s9,ellipse,32,jittered,9,True,periodic,0.5,ok,0.0007342389999962506,1.249187177044055e-16,4.0019258576197085,71.39216983938438,3.9810681611647583e-16,3.9810681611647583e-16,gauss96,0.7682002728822631,0.01526537701564263,3072,0.025159097661450552,0.007123194726411603,4097,6.348169169477673e-17,1.2074182697257333e-06,2.9135623291975723e-16,6.072069874131281e-15,-6.095084115523122,-6.095084115523127,0.8527683316747492,0.852768331674749
ellipse_n32_jittered_s9,ellipse,32,jittered,9,True,periodic,1.0,ok,0.000729027000033966,1.323397002683108e-16,12.214741673067108,21.261066943851045,0.0,0.0,gauss96,2.1886536854034744,0.006088634732775322,3072,0.000640037438418631,0.0002369224743376344,4097,1.3217321893291512e-16,0.0,1.2427676841848153e-15,6.042538912503611e-14,5.335732342966352,5.335732342966654,2.199166497608887,2.1991664976088896
ellipse_n32_clustered_s0,ellipse,32,clustered,0,True,periodic,0.0,ok,0.0007499920000100246,6.40643513147392e-17,3.0000000000000004,26.18213095026942,6.784615212467919e-16,6.784615212467919e-16,gauss96,0.3436247804868477,0.03125,2049,0.007483943953622184,0.0019485910646125338,4097,0.0,0.0,0.0,0.0,4.382833049766521,4.382833049766521,0.485129453663275,0.485129453663275
ellipse_n32_clustered_s0,ellipse,32,clustered,0,True,periodic,0.5,ok,0.0010774309999987963,6.9487545302808e-17,3.0731074422659326,22.282881856255056,0.0,0.0,gauss96,0.7958176055859792,0.013738476988843451,3072,0.0045049421882509405,0.0011479006310232097,4097,1.942235936083436e-18,0.0,2.136041769946644e-15,5.0480322403033885e-14,4.94752605388316,4.947526053882868,0.9473166168533055,0.9473166168533058
ellipse_n32_clustered_s0,ellipse,32,clustered,0,True,periodic,1.0,ok,0.000857084000017494,1.2454564277394037e-16,3.41476612166471,21.25542029070105,3.342877845002918e-16,3.342877845002918e-16,gauss96,2.2103800513520726,0.005021270749756557,3072,0.0013078880848335491,0.00031272350653731724,4097,1.7965682408771786e-17,0.0,1.2370132374492735e-15,7.765883937474751e-14,5.365996494171156,5.365996494171586,2.210702452662815,2.2107024526628125
ellipse_n32_clustered_s1,ellipse,32,clustered,1,True,periodic,0.0,ok,0.0007980879999536228,6.366916129101731e-17,3.0000000000000004,23.065185844247146,3.080585348664432e-16,3.080585348664432e-16,gauss96,0.27141685769613183,0.03125,2049,0.003393870567853101,0.0009363333479655012,4097,0.0,0.0,0.0,0.0,6.351424819321747,6.351424819321747,0.3969782506615947,0.3969782506615947
ellipse_n32_clustered_s1,ellipse,32,clustered,1,True,periodic,0.5,ok,0.0007230830000253263,6.366916129101731e-17,3.1381104257570587,21.69958108841427,3.2744536996590664e-16,3.2744536996590664e-16,gauss96,0.7164097650384397,0.013424934767681473,3072,0.0015437730506677391,0.0004660696159696884,4097,6.27151880551541e-17,1.2074182697257333e-06,2.7133511702929987e-15,3.882646025730187e-14,5.804847235577834,5.8048472355781655,0.8358023743971937,0.8358023743971947
ellipse_n32_clustered_s1,ellipse,32,clustered,1,True,periodic,1.0,ok,0.0008155170000350154,6.905890153895124e-17,4.143211354623545,21.3891439352577,3.3219783732851835e-16,3.3219783732851835e-16,gauss96,2.194978983943266,0.004668026246999135,3072,0.0009458535445174474,0.00031106463327892236,4097,6.516040214597124e-17,0.0,3.773411744473064e-15,2.4120905624758757e-13,5.398127868673255,5.398127868672007,2.1951975520698515,2.1951975520698492
ellipse_n32_clustered_s2,ellipse,32,clustered,2,True,periodic,0.0,ok,0.0007321980000369877,1.2352026885683522e-16,3.0000000000000004,29.429766321967126,2.4143675759658786e-16,2.4143675759658786e-16,gauss96,0.3499696480450914,0.03125,2049,0.00933902699952378,0.0022907309482746645,4097,0.0,0.0,0.0,0.0,6.003323692830806,6.003323692830806,1.2942274995133776,1.2942274995133776
ellipse_n32_clustered_s2,ellipse,32,clustered,2,True,periodic,0.5,ok,0.0007720419999941441,1.2999978795935142e-16,3.1037493796354862,22.499856327851266,7.894969698990484e-16,7.894969698990484e-16,gauss96,0.7907018912759071,0.014390460546136269,3072,0.004781588334268438,0.0011751269452087887,4097,1.2999978795935142e-16,0.0,1.703571312373741e-16,8.047271289009492e-15,6.234963107406047,6.234963107406166,1.4501332343372602,1.4501332343372602
ellipse_n32_clustered_s2,ellipse,32,clustered,2,True,periodic,1.0,ok,0.0006989649999695757,6.904992944073345e-17,3.599428745973243,21.38418197033752,1.6613746009683934e-16,1.6613746009683934e-16,gauss96,2.192163022997593,0.005328086158664827,3072,0.0008178712502589589,0.0002979915012976745,4097,1.9300042008880502e-17,0.0,7.876200072975301e-16,1.377981603033846e-14,5.473661881422748,5.473661881422737,2.1955813056719875,2.1955813056719893
ellipse_n32_clustered_s3,ellipse,32,clustered,3,True,periodic,0.0,ok,0.0007406560000049467,6.1931298115579e-17,3.0000000000000004,37.2665735051817,1.9066489589156981e-16,1.9066489589156981e-16,gauss96,0.4531749353066716,0.03125,2049,0.007862048459049795,0.0023372370747331036,4097,0.0,0.0,0.0,0.0,2.2254790305468046,2.2254790305468046,3.5006349271451778,3.5006349271451778
ellipse_n32_clustered_s3,ellipse,32,clustered,3,True,periodic,0.5,ok,0.0007643669999879421,6.923284550129597e-17,3.079891026642488,23.96100410311824,1.4827065107585193e-16,1.4827065107585193e-16,gauss96,0.9192911371213494,0.015484590810592891,3072,0.005790744671763934,0.0014840571051430752,4097,4.257257092457553e-17,0.0,0.0,1.0603295511201646e-15,6.048015618339762,6.048015618339765,2.3210398366696388,2.3210398366696388
ellipse_n32_clustered_s3,ellipse,32,clustered,3,True,periodic,1.0,ok,0.0007819850000032602,6.923284550129597e-17,3.395493066616018,21.35021254329608,1.6640179443628278e-16,1.6640179443628278e-16,gauss96,2.197623408474983,0.006506372054264742,3072,0.0012076067031445213,0.0003712657979676565,4097,6.38295297004088e-17,0.0,5.624559223180995e-16,2.4440929215627134e-15,5.982493069832198,5.982493069832215,2.2019055029750065,2.201905502975006
ellipse_n32_clustered_s4,ellipse,32,clustered,4,True,periodic,0.0,ok,0.0008634760000063579,1.2399797396743231e-16,3.0000000000000004,27.973564725207932,5.080101465365306e-16,5.080101465365306e-16,gauss96,0.35068060495900816,0.03125,2049,0.006114001053747579,0.0017571910164141283,4097,0.0,0.0,0.0,0.0,0.46120202916468805,0.46120202916468805,2.922998138115524,2.922998138115524
ellipse_n32_clustered_s4,ellipse,32,clustered,4,True,periodic,0.5,ok,0.0009148529999833954,1.3242989424869093e-16,3.0844762094570215,22.533008018729337,1.5766708447658213e-16,1.5766708447658213e-16,gauss96,0.8535797080713152,0.015576693352047033,3072,0.0026410205461571286,0.000823916575429924,4097,7.635198688566366e-17,1.2074182697257333e-06,5.978247653880306e-16,2.0014874020444338e-15,4.48959668696756,4.4895966869675545,2.3466356918513807,2.3466356918513793
ellipse_n32_clustered_s4,ellipse,32,clustered,4,True,periodic,1.0,ok,0.0010811509999939517,1.293468724816771e-16,3.4504047665980844,21.291358068314132,1.668617693338999e-16,1.668617693338999e-16,gauss96,2.1973487603627984,0.00653594037821692,3072,0.0012196259990725508,0.000354773051849548,4097,1.3050255211020266e-16,0.0,3.5492672257752573e-16,1.2339639052385597e-15,5.8910665967241655,5.8910665967241735,2.209560441861081,2.2095604418610804
ellipse_n32_clustered_s5,ellipse,32,clustered,5,True,periodic,0.0,ok,0.0008103000000119209,6.362702615306116e-17,3.0000000000000004,22.785618258533724,0.0,0.0,gauss96,0.33590364350543284,0.03125,2049,0.004943957184134381,0.001195773909339916,4097,0.0,1.2074182697257333e-06,0.0,0.0,3.809594573347437,3.809594573347437,1.2370818446052612,1.2370818446052612
ellipse_n32_clustered_s5,ellipse,32,clustered,5,True,periodic,0.5,ok,0.0007413510000446877,6.362702615306116e-17,3.084230503268132,21.72454304984851,0.0,0.0,gauss96,0.773652489048483,0.014185824837547933,3072,0.003566234360346491,0.0008216726576532203,4097,1.639630934206303e-17,0.0,7.44473940932895e-16,5.006652972662069e-15,4.865005217135744,4.865005217135713,1.4832099988055645,1.483209998805565
ellipse_n32_clustered_s5,ellipse,32,clustered,5,True,periodic,1.0,ok,0.0007662410000079944,1.3118465762833748e-16,3.505075599605225,21.45465579528979,4.967752052559808e-16,4.967752052559808e-16,gauss96,2.173800549539378,0.005167950100688601,3072,0.0024694947668132037,0.0005674518112773923,4097,1.308616165382458e-16,0.0,1.2742781408300767e-15,3.6247369007139684e-15,5.442930882641076,5.442930882641086,2.1921885189615016,2.1921885189614994
ellipse_n32_clustered_s6,ellipse,32,clustered,6,True,periodic,0.0,ok,0.0007563499999605483,7.013255339463192e-17,3.0000000000000004,25.05659458068002,8.507254249641331e-16,8.507254249641331e-16,gauss96,0.22359007443065781,0.03125,2049,0.007918886009407678,0.0026076602680115512,4097,0.0,0.0,0.0,0.0,6.43873242395708,6.43873242395708,0.46006781607928093,0.46006781607928093
ellipse_n32_clustered_s6,ellipse,32,clustered,6,True,periodic,0.5,ok,0.0007419220000315363,1.8823706775567792e-16,3.090216569118458,21.806320904277015,6.516851135770793e-16,6.516851135770793e-16,gauss96,0.6389115992140213,0.011986202500130012,3072,0.0037752125653571574,0.001223583658348817,4097,1.8826258329562386e-16,0.0,0.0,1.5340009927196985e-14,6.145178586067888,6.145178586068202,0.9019856860772235,0.9019856860772235
ellipse_n32_clustered_s6,ellipse,32,clustered,6,True,periodic,1.0,ok,0.0010358930000506916,7.013255339463192e-17,3.518417747499156,21.046980366163055,1.5191928985979078e-15,1.5191928985979078e-15,gauss96,2.2117552730480767,0.003615277969883701,3072,0.0032894002545920354,0.0008105268010662414,4097,6.377688488588413e-17,8.537736462515939e-07,3.856944139681549e-15,7.881466311438909e-14,5.3170013686946875,5.317001368694258,2.2233237551670793,2.223323755167082
ellipse_n32_clustered_s7,ellipse,32,clustered,7,True,periodic,0.0,ok,0.0007578240000043479,6.392046282900724e-17,3.0000000000000004,23.78221365599896,7.469266171327042e-16,7.469266171327042e-16,gauss96,0.30109677804791707,0.03125,2049,0.003954656311432004,0.0011517664347786877,4097,0.0,0.0,0.0,0.0,4.680524580576689,4.680524580576689,0.45807414405725855,0.45807414405725855
ellipse_n32_clustered_s7,ellipse,32,clustered,7,True,periodic,0.5,ok,0.0007525490000261925,1.2706102156235335e-16,3.082235782123627,21.73720614026467,4.903178894116946e-16,4.903178894116946e-16,gauss96,0.7334614108330995,0.013368547922061214,3072,0.0020108383796635515,0.0006340428853434314,4097,1.2706102156235335e-16,0.0,2.65931444621522e-15,1.5903150897479325e-14,5.213524578599369,5.213524578599664,0.8861134842064924,0.8861134842064948
ellipse_n32_clustered_s7,ellipse,32,clustered,7,True,periodic,1.0,ok,0.0007353390000162108,1.2498909645100159e-16,3.490205875822288,21.296378072384595,3.3364487301315993e-16,3.3364487301315993e-16,gauss96,2.2023999099806018,0.00454187431866826,3072,0.000817330763657979,0.00027277253491233785,4097,3.124821301914062e-17,0.0,1.8331385202621404e-15,1.2463783883616127e-13,5.37871480002759,5.378714800028007,2.202739229448881,2.2027392294488815
ellipse_n32_clustered_s8,ellipse,32,clustered,8,True,periodic,0.0,ok,0.0007684070000095744,6.904259223612727e-17,3.0000000000000004,34.033449785100935,6.263332752748088e-16,6.263332752748088e-16,gauss96,0.27934572291555454,0.03125,2049,0.006079736242600478,0.0017345785111210006,4097,0.0,0.0,0.0,0.0,4.807807531388445,4.807807531388445,0.6731067650345672,0.6731067650345672
ellipse_n32_clustered_s8,ellipse,32,clustered,8,True,periodic,0.5,ok,0.0007461060000082398,6.904259223612727e-17,3.1077228594143014,22.974033610020587,1.082482779199748e-15,1.082482779199748e-15,gauss96,0.7096408558086158,0.012886955180738228,3072,0.003504153791479111,0.0010606609996380285,4097,9.648995598923736e-19,0.0,2.287308499029547e-16,1.057131749272157e-14,5.993035570394049,5.993035570394268,1.0799342871206492,1.0799342871206494
ellipse_n32_clustered_s8,ellipse,32,clustered,8,True,periodic,1.0,ok,0.0007725950000008197,6.904259223612727e-17,3.689050246842416,21.389507970025644,4.98288275323461e-16,4.98288275323461e-16,gauss96,2.194448889014263,0.004300783288573338,3072,0.0008122803093103752,0.0002686528506391961,4097,6.3112471534407e-17,0.0,0.0,3.997402745180247e-14,5.413020670337346,5.413020670337136,2.1953724882662278,2.1953724882662278
ellipse_n32_clustered_s9,ellipse,32,clustered,9,True,periodic,0.0,ok,0.0007585549999475916,6.9118034705211e-17,3.0000000000000004,29.69141546147383,3.5896372304078933e-16,3.5896372304078933e-16,gauss96,0.34114488111970487,0.03125,2049,0.004103427988343766,0.001430019260729937,4097,0.0,1.2074182697257333e-06,0.0,0.0,6.024904911101451,6.024904911101451,2.433664930275166,2.433664930275166
ellipse_n32_clustered_s9,ellipse,32,clustered,9,True,periodic,0.5,ok,0.0007934230000046227,8.742816682521258e-17,3.0873773546918866,22.78457483655445,4.677787982816386e-16,4.677787982816386e-16,gauss96,0.8157178046919529,0.014691198347468237,3072,0.002020556164046025,0.000724262359679943,4097,2.5114801411706728e-17,0.0,4.930087040797151e-16,1.288129586913444e-15,7.004062903091509,7.004062903091491,2.0063272430604595,2.0063272430604604
ellipse_n32_clustered_s9,ellipse,32,clustered,9,True,periodic,1.0,ok,0.0007532209999681072,6.9118034705211e-17,3.5000402754831685,21.362055098833242,1.6630954570445537e-16,1.6630954570445537e-16,gauss96,2.195453439670968,0.005781776347501322,3072,0.0009990843399393411,0.000300231513049757,4097,2.6080755312156987e-17,0.0,6.041946373095315e-16,1.726884765811036e-15,5.658507105867639,5.658507105867645,2.204035059190133,2.2040350591901317
flower_n8_uniform_s0,flower,8,uniform,0,True,periodic,0.0,ok,0.0007341259999975591,3.937797872268237e-17,3.0000000000000004,57.64956138925862,4.437074258838964e-15,4.437074258838964e-15,gauss96,1.651811108469134,0.125,2049,0.11876644916871122,0.05571677522929959,4097,0.0,0.0,0.0,0.0,20.50783315379374,20.50783315379374,1.651811108469134,1.651811108469134
flower_n8_uniform_s0,flower,8,uniform,0,True,periodic,0.5,ok,0.0011066449999930228,8.598803731256144e-17,3.0069094278775776,56.817395699781954,4.877232818108601e-15,4.877232818108601e-15,gauss96,1.5512636808285156,0.11680752454701432,2303,0.12033828067674002,0.056144093115439025,4097,2.403438708533446e-17,0.0,5.339817320500478e-16,1.9388431436798502e-16,21.099835766350683,21.09983576635068,1.5512636808285156,1.5512636808285158
flower_n8_uniform_s0,flower,8,uniform,0,True,periodic,1.0,ok,0.0010139699999740515,8.213995730940356e-17,3.0275804375079343,56.27012748444463,4.79839395536253e-15,4.79839395536253e-15,gauss96,1.450624296643422,0.10898304291369332,2303,0.12177018009196107,0.056627903570830904,4097,8.213995730940356e-17,0.0,5.30185788636184e-16,2.2913849725390965e-16,21.805019903967384,21.805019903967374,1.450624296643422,1.4506242966434226
flower_n8_jittered_s0,flower,8,jittered,0,True,periodic,0.0,ok,0.0006950979999942319,1.0035695024377102e-16,3.0000000000000004,325.5852057937873,1.1522838194280501e-14,1.1522838194280501e-14,gauss96,0.49775576169646835,0.125,2049,0.16212297769334674,0.04891029880166851,4097,0.0,8.537736462515939e-07,0.0,0.0,9.273963965530042,9.273963965530042,2.353476601503642,2.353476601503642
flower_n8_jittered_s0,flower,8,jittered,0,True,periodic,0.5,ok,0.0006908809999686127,1.4332261269062082e-16,3.1180709488166127,236.4698706784776,9.495142186865816e-15,9.495142186865816e-15,gauss96,0.7270534457204031,0.09768992436977003,2304,0.16134213417098034,0.05071715217750127,4097,7.434737416143796e-17,0.0,3.6286975425592807e-16,3.662598360658977e-16,12.848105043789426,12.848105043789417,1.95560746588215,1.955607465882151
flower_n8_jittered_s0,flower,8,jittered,0,True,periodic,1.0,ok,0.0007410210000102779,7.933913544962667e-17,3.5188807697506714,201.05874172102122,5.3716886374129375e-15,5.3716886374129375e-15,gauss96,1.01539654512831,0.07382423760957768,2304,0.1628996537448409,0.056426572808789856,4097,4.878711753889286e-17,0.0,4.201621612664714e-16,4.524908825048326e-16,11.787698919609612,11.787698919609607,1.9108231915272078,1.9108231915272078
flower_n8_jittered_s1,flower,8,jittered,1,True,periodic,0.0,ok,0.000981054000021686,8.300296264346128e-17,3.0000000000000004,163.0396904699717,3.57538252640972e-13,3.57538252640972e-13,gauss96,0.5290294986864131,0.125,2049,0.17853347613410198,0.056056368334019786,4097,0.0,0.0,0.0,0.0,13.219492986268849,13.219492986268849,1.9999437435847416,1.9999437435847416
flower_n8_jittered_s1,flower,8,jittered,1,True,periodic,0.5,ok,0.0009325329999683163,7.65249504178412e-17,3.1048639469452115,89.94855021661927,5.055638471007208e-15,5.055638471007208e-15,gauss96,0.9500033045737332,0.08987623631174813,2304,0.1792117914672471,0.05651453836871008,4097,9.280013340232753e-18,0.0,8.469712561919639e-17,5.335845818393876e-17,14.454888168412385,14.454888168412385,1.7530726380408757,1.7530726380408757
flower_n8_jittered_s1,flower,8,jittered,1,True,periodic,1.0,ok,0.0008825699999874814,8.300296264346128e-17,3.465836040396453,72.68115604019526,4.3015111587045166e-15,4.3015111587045166e-15,gauss96,1.3199987266304933,0.0632938824553298,2304,0.18069623549866323,0.057444555256242986,4097,7.65249504178412e-17,8.537736462515939e-07,1.9036945350721147e-16,2.020455596103335e-16,15.295326829084978,15.295326829084983,1.5599163700714138,1.5599163700714136
flower_n8_jittered_s2,flower,8,jittered,2,True,periodic,0.0,ok,0.0007333460000040759,7.145419777659039e-17,3.0000000000000004,12675.162834567285,1.7337322886543542e-12,0.053171979469450605,adaptive,0.05991515038844199,0.125,2049,0.17711164701544005,0.04927348452288522,4097,0.0,0.0,0.0,0.0,23.389150364884046,23.389150364884046,1.5430512384997657,1.5430512384997657
flower_n8_jittered_s2,flower,8,jittered,2,True,periodic,0.5,ok,0.001276005000022451,1.3697338324618347e-16,3.6002678927263934,115.39684009777231,2.586101567134706e-15,2.586101567134706e-15,gauss96,0.7238125076021331,0.06617308148391465,2304,0.16310203603024576,0.04869033801244617,4097,1.37927469888162e-16,0.0,4.508706941571494e-16,7.187543039891712e-16,28.318452091848492,28.31845209184848,1.3272394758120667,1.3272394758120674
flower_n8_jittered_s2,flower,8,jittered,2,True,periodic,1.0,ok,0.000725625000029595,4.7308731876211554e-17,7.659570171909589,91.25752273836586,3.4258962368590203e-15,3.4258962368590203e-15,gauss96,1.2394611967892764,0.03135493023825833,2304,0.1472183825109403,0.051040844025472286,4097,4.181540639875671e-18,0.0,2.953930653505733e-16,2.0158651889606635e-17,26.178054937543628,26.178054937543646,1.3589618326064923,1.358961832606492
flower_n8_jittered_s3,flower,8,jittered,3,True,periodic,0.0,ok,0.0007012649999751375,9.479619163940144e-17,3.0000000000000004,302841.5342716936,9.762869663806498e-12,65.93407089169847,adaptive,0.010243062958957947,0.125,2049,0.48554517027295896,0.15949604158046501,4097,0.0,0.0,0.0,0.0,6.68116280441386,6.68116280441386,3.0664037197045757,3.0664037197045757
flower_n8_jittered_s3,flower,8,jittered,3,True,periodic,0.5,ok,0.0007722370000351475,9.313780921334136e-17,3.7567280354860877,182.9173725782016,6.6813418992495135e-15,6.6813418992495135e-15,gauss96,0.8138633586457835,0.06479221922854483,2304,0.45628245644370125,0.15212191656058532,4097,9.506332804843541e-17,8.537736462515939e-07,1.698191599960649e-16,3.525847399810278e-16,57.16492907206082,57.1649290720608,1.0831029238801555,1.0831029238801555
flower_n8_jittered_s3,flower,8,jittered,3,True,periodic,1.0,ok,0.0007968709999772727,1.8395407994377647e-16,7.883677115306056,120.89945830809128,4.4525193424776933e-13,4.4525193424776933e-13,gauss96,0.9759243887516997,0.029132551695020603,2304,0.37562762639268277,0.1272305894927866,4097,1.8413359116477316e-16,0.0,2.9023416881628796e-16,1.6854807550762644e-16,15.59858203217041,15.598582032170421,1.3064787240733935,1.3064787240733928
flower_n8_jittered_s4,flower,8,jittered,4,True,periodic,0.0,ok,0.0007019710000122359,7.967360095126294e-17,3.0000000000000004,433.85782002524996,4.7915181300096075e-09,4.7915181300096075e-09,gauss96,0.16179716598485477,0.125,2049,0.26446573475464036,0.07948351525012852,4097,0.0,0.0,0.0,0.0,53.164605417402676,53.164605417402676,0.9734764816897371,0.9734764816897371
flower_n8_jittered_s4,flower,8,jittered,4,True,periodic,0.5,ok,0.0007042579999847476,7.982906178387167e-17,3.380684347715944,180.75044661105767,7.862140858650931e-15,7.862140858650931e-15,gauss96,0.8569139526982605,0.067692543965301,2304,0.23582187360145715,0.0731799121670512,4097,7.982906178387167e-17,0.0,3.576607840571613e-16,2.271043412099796e-17,69.44017839377888,69.44017839377884,0.8910521309882212,0.8910521309882214
flower_n8_jittered_s4,flower,8,jittered,4,True,periodic,1.0,ok,0.0007859769999640775,8.21256680738422e-17,5.166461432768722,157.14101544073387,8.50077453987687e-15,8.50077453987687e-15,gauss96,0.9405212739504402,0.034134230072627725,2304,0.19940649889685788,0.06389577805520683,4097,8.106201600817802e-17,8.537736462515939e-07,9.861290155434712e-16,3.3216994815444437e-16,64.40816692610709,64.4081669261071,0.9695315687351951,0.9695315687351949
flower_n8_jittered_s5,flower,8,jittered,5,True,periodic,0.0,ok,0.0007639489999746729,1.0305869533157066e-16,3.0000000000000004,114.87976399850675,4.453271419968463e-15,4.453271419968463e-15,gauss96,0.5617369208019914,0.125,2049,0.1924136517618052,0.05533001190360915,4097,0.0,0.0,0.0,0.0,47.382753546057195,47.382753546057195,0.9741551810976778,0.9741551810976778
flower_n8_jittered_s5,flower,8,jittered,5,True,periodic,0.5,ok,0.0007085120000169809,1.0305869533157066e-16,3.203065835988234,111.64557986892063,7.000698193817949e-15,7.000698193817949e-15,gauss96,0.9796841343456717,0.07698543566521257,2304,0.1791230564750099,0.055990510369720574,4097,1.3663781686723498e-17,0.0,6.124987617039818e-16,3.390783849428355e-16,57.071232428934,57.07123242893398,0.9811126689499062,0.9811126689499066
flower_n8_jittered_s5,flower,8,jittered,5,True,periodic,1.0,ok,0.000787388999981431,8.147505248328129e-17,3.9340782110860406,127.99838167057646,7.438588312538048e-15,7.438588312538048e-15,gauss96,0.9993132963855215,0.04472825965805094,2304,0.16503496913129478,0.056961081258853845,4097,7.865745416909029e-17,0.0,2.0881350029818494e-15,6.349550275791563e-16,73.56812196139902,73.568121961399,0.9993508706225092,0.9993508706225089
flower_n8_jittered_s6,flower,8,jittered,6,True,periodic,0.0,ok,0.0007103159999815034,8.245219343577167e-17,3.0000000000000004,4305.861245696827,2.0184449898357563e-09,0.024254288059085097,adaptive,0.06837404730347511,0.125,2049,0.17514258773166996,0.058966193976668656,4097,0.0,1.2074182697257333e-06,0.0,0.0,4.3438529385217866,4.3438529385217866,3.009398150010738,3.009398150010738
flower_n8_jittered_s6,flower,8,jittered,6,True,periodic,0.5,ok,0.0006725800000140225,7.601716629824096e-17,3.664074686179306,55.45556266023353,1.793796298053738e-15,1.793796298053738e-15,gauss96,0.7211135372519389,0.05511461368090287,2304,0.17131878204181744,0.0614680637470904,4097,7.601716629824096e-17,8.537736462515939e-07,1.2208134345279149e-16,1.4568577092496515e-16,5.375092822481824,5.375092822481824,2.4163391942047854,2.4163391942047854
flower_n8_jittered_s6,flower,8,jittered,6,True,periodic,1.0,ok,0.000707977999979903,1.4778276286534005e-16,7.723499968361715,42.52594422282946,2.3391834049627457e-15,2.3391834049627457e-15,gauss96,1.8249820748986239,0.022515667219346946,2304,0.17733725476673204,0.06616184592212764,4097,8.245219343577167e-17,0.0,1.87860218773981e-16,2.959550939039696e-16,5.711271394628617,5.7112713946286195,2.2206871133054182,2.2206871133054182
flower_n8_jittered_s7,flower,8,jittered,7,True,periodic,0.0,ok,0.0006940619999795672,8.689917568443601e-17,3.0000000000000004,127.74809968260517,1.7798595517909878e-15,1.7798595517909878e-15,gauss96,0.9652577223138264,0.125,2049,0.22165079182858455,0.06072656231284315,4097,0.0,0.0,0.0,0.0,8.878100267326195,8.878100267326195,2.6791211355265236,2.6791211355265236
flower_n8_jittered_s7,flower,8,jittered,7,True,periodic,0.5,ok,0.0007962810000208265,8.689917568443601e-17,3.1430668411063896,118.7374935153026,5.146367290252201e-15,5.146367290252201e-15,gauss96,1.1004596845012504,0.09576466440519249,2304,0.19837031806691993,0.05657924255125476,4097,8.917756671333846e-17,0.0,3.0979937888915106e-16,5.968088643755966e-16,19.619701400576258,19.619701400576275,1.6064678405196655,1.606467840519665
flower_n8_jittered_s7,flower,8,jittered,7,True,periodic,1.0,ok,0.0007025229999726434,1.554499712152766e-16,3.724357759093871,113.91099623671545,5.613930904924982e-15,5.613930904924982e-15,gauss96,1.282090115937302,0.06979304765179661,2304,0.16819402386952206,0.05398379856753174,4097,9.165700596397885e-17,1.2074182697257333e-06,5.40242886950661e-16,3.3597194893467974e-16,13.088449853800379,13.088449853800379,1.4671964328639502,1.4671964328639502
flower_n8_jittered_s8,flower,8,jittered,8,True,periodic,0.0,ok,0.0006867129999932331,8.192772298246136e-17,3.0000000000000004,159.33296508939634,3.7869934251768533e-13,3.7869934251768533e-13,gauss96,0.7820509815510603,0.125,2049,0.22281486032202447,0.05410238010870193,4097,0.0,0.0,0.0,0.0,5.110152721742043,5.110152721742043,2.909954915865293,2.909954915865293
flower_n8_jittered_s8,flower,8,jittered,8,True,periodic,0.5,ok,0.0006690509999884853,5.495878734916662e-17,3.2352288233604662,83.14876355857797,3.5890846267244944e-15,3.5890846267244944e-15,gauss96,1.2467662989312243,0.0933565495129628,2304,0.19364891913951246,0.051354478480649036,4097,5.95386862949305e-17,0.0,1.1161763608683574e-15,9.656441298297949e-16,26.14560056200252,26.14560056200247,1.4443276935686888,1.4443276935686893
flower_n8_jittered_s8,flower,8,jittered,8,True,periodic,1.0,ok,0.0007550490000198806,7.553362843215788e-17,4.266471338439615,53.381584909392465,3.194552145124101e-15,3.194552145124101e-15,gauss96,1.4583916580292575,0.06493360687531402,2304,0.13897222337318071,0.05254227944343364,4097,2.747939367458331e-17,0.0,3.9291076970360614e-16,1.6331136421951395e-16,12.102807715858559,12.102807715858559,1.6681186528791538,1.6681186528791538
flower_n8_jittered_s9,flower,8,jittered,9,True,periodic,0.0,ok,0.0006808310000110396,8.235515264192735e-17,3.0000000000000004,356.06315919466897,8.465708209764921e-07,8.465708209764921e-07,gauss96,0.27941057937570574,0.125,2049,0.16193617332157498,0.05600209331310112,4097,0.0,0.0,0.0,0.0,21.844409908807688,21.844409908807688,1.1871347330640638,1.1871347330640638
flower_n8_jittered_s9,flower,8,jittered,9,True,periodic,0.5,ok,0.0006707289999781096,5.208597187986475e-17,3.2824943521066667,78.03242728829383,3.824409407600361e-15,3.824409407600361e-15,gauss96,1.0363891092097361,0.07802926000733446,2304,0.15654126945676688,0.0541954095010052,4097,2.301896495059012e-18,8.537736462515939e-07,1.2780772106684863e-16,0.0,33.2684175263299,33.268417526329905,1.152679779077836,1.152679779077836
flower_n8_jittered_s9,flower,8,jittered,9,True,periodic,1.0,ok,0.0006937729999663134,8.451440489588015e-17,4.483033359473329,59.26725191135788,3.596637499691121e-15,3.596637499691121e-15,gauss96,1.384562379896565,0.04586340415111856,2304,0.1521686572570694,0.05610552199787307,4097,3.683034392094419e-17,0.0,6.502175454569607e-16,1.0216359118130174e-15,25.78735148932578,25.78735148932578,1.4507714809045873,1.4507714809045882
flower_n8_clustered_s0,flower,8,clustered,0,True,periodic,0.0,ok,0.0007061700000008386,1.5437933225422247e-16,3.0000000000000004,66.68978617442149,8.523556922515671e-16,8.523556922515671e-16,gauss96,0.5680576864546433,0.125,2049,0.14736171809034246,0.057494220189554766,4097,0.0,8.537736462515939e-07,0.0,0.0,9.414578332691441,9.414578332691441,0.6913182875587006,0.6913182875587006
flower_n8_clustered_s0,flower,8,clustered,0,True,periodic,0.5,ok,0.0007014450000042416,8.572827486363708e-17,3.358542504078734,45.88370496136613,2.1680024115352575e-15,2.1680024115352575e-15,gauss96,1.1326005352701085,0.06422231813576718,2304,0.14950734374332936,0.0568061447888468,4097,2.676070184204283e-18,0.0,2.9460933840011286e-16,5.573378553953862e-16,14.817529211954717,14.817529211954733,1.1626820298307863,1.162682029830786
flower_n8_clustered_s0,flower,8,clustered,0,True,periodic,1.0,ok,0.0007075379999719189,8.589518332024478e-17,4.696241573820981,41.058968908142816,1.9035962911896305e-15,1.9035962911896305e-15,gauss96,2.270370382713322,0.029342854882209668,2304,0.14942278709548446,0.057778232917993014,4097,5.352140368408566e-18,0.0,1.4648969581619742e-16,0.0,16.177873041941393,16.177873041941396,2.338300872765372,2.3383008727653714
flower_n8_clustered_s1,flower,8,clustered,1,True,periodic,0.0,ok,0.0009972760000209746,1.2152705730832158e-16,3.0000000000000004,357.9772753522666,5.287726284307342e-14,5.287726284307342e-14,gauss96,0.33644340452024385,0.125,2049,0.2174865883689677,0.06424455636669976,4097,0.0,8.537736462515939e-07,0.0,0.0,3.2965698191919737,3.2965698191919737,0.7159122208095284,0.7159122208095284
flower_n8_clustered_s1,flower,8,clustered,1,True,periodic,0.5,ok,0.0007622219999916524,8.101803820554772e-17,3.382870114772164,53.58934277814462,2.5192158141091712e-15,2.5192158141091712e-15,gauss96,1.0722424331040166,0.07435768074554261,2304,0.19237548287585662,0.06460824734546178,4097,8.843245053994724e-17,0.0,2.8717667788464214e-16,1.2987909289742244e-15,12.559883216144485,12.559883216144499,1.128476571319519,1.128476571319519
flower_n8_clustered_s1,flower,8,clustered,1,True,periodic,1.0,ok,0.0007009750000293025,8.101803820554772e-17,5.122185237509252,42.96796757650433,2.6458509474342015e-15,2.6458509474342015e-15,gauss96,1.8891069519086436,0.038412111046392416,2304,0.18240555145785256,0.06446537543167814,4097,5.569990126631407e-17,0.0,1.037038640222051e-15,6.533804154579245e-16,16.10698966448905,16.106989664489046,2.0962980603209456,2.096298060320947
flower_n8_clustered_s2,flower,8,clustered,2,True,periodic,0.0,ok,0.0007347409999738375,7.313462167767553e-17,3.0000000000000004,270.60944444893073,1.050285199331531e-15,1.050285199331531e-15,gauss96,0.18933721230119124,0.125,2049,0.1773996274451977,0.05850955072712498,4097,0.0,0.0,0.0,0.0,3.4704408075378903,3.4704408075378903,3.0542371149599528,3.0542371149599528
flower_n8_clustered_s2,flower,8,clustered,2,True,periodic,0.5,ok,0.0008091570000487991,4.105811122974822e-17,3.7260894893968044,91.10785139904723,7.798918807205355e-16,7.798918807205355e-16,gauss96,0.6053361084947546,0.044306534480741844,2304,0.1726733796657588,0.05781937226235883,4097,3.649609887088731e-17,0.0,0.0,4.750776485726963e-16,7.577447702664172,7.57744770266417,2.0073284694119025,2.0073284694119025
flower_n8_clustered_s2,flower,8,clustered,2,True,periodic,1.0,ok,0.0007361620000096991,1.4712047795224057e-16,7.1031787722053314,68.07087419980054,1.878890111818085e-15,1.878890111818085e-15,gauss96,1.6075446591629636,0.013207699037887766,2304,0.1838532319057633,0.06119659761295188,4097,1.4712047795224057e-16,0.0,3.9419514426550646e-16,1.276405268558035e-16,6.226338928073354,6.22633892807336,2.0949330806431075,2.094933080643107
flower_n8_clustered_s3,flower,8,clustered,3,True,periodic,0.0,ok,0.0007127830000399626,4.2562129392269435e-17,3.0000000000000004,81.78718092669573,6.950162386909468e-16,6.950162386909468e-16,gauss96,0.6606804592611812,0.125,2049,0.19050577755193582,0.06720433021913376,4097,0.0,0.0,0.0,0.0,5.8971643538843805,5.8971643538843805,3.942122433621873,3.942122433621873
flower_n8_clustered_s3,flower,8,clustered,3,True,periodic,0.5,ok,0.0006884350000291306,7.848068882581606e-17,3.2826471795077246,52.21965065754816,2.4492253553276287e-15,2.4492253553276287e-15,gauss96,1.1742494118781683,0.07284173772362318,2304,0.1827784801359696,0.06947776328739286,4097,7.848068882581606e-17,1.2074182697257333e-06,2.64627205198221e-16,1.5638059766705397e-16,5.291070039576721,5.291070039576723,2.877158892774221,2.8771588927742204
flower_n8_clustered_s3,flower,8,clustered,3,True,periodic,1.0,ok,0.0007597660000442374,7.613745167060501e-17,4.290495189066626,46.17636161704776,2.4620137607299966e-15,2.4620137607299966e-15,gauss96,2.0037380908343483,0.038315143948654595,2304,0.19631497575983545,0.07212223700956889,4097,3.8068725835302506e-17,8.537736462515939e-07,0.0,4.861601771271314e-17,4.342641689391707,4.342641689391707,2.3994786268326056,2.3994786268326056
flower_n8_clustered_s4,flower,8,clustered,4,True,periodic,0.0,ok,0.0007191349999970953,8.06152377515619e-17,3.0000000000000004,191.84730908448827,1.6325860363520543e-13,1.6325860363520543e-13,gauss96,0.2011692710155144,0.125,2049,0.21625395250256255,0.06868034851119781,4097,0.0,0.0,0.0,0.0,6.314176986051505,6.314176986051505,3.2060368380200246,3.2060368380200246
flower_n8_clustered_s4,flower,8,clustered,4,True,periodic,0.5,ok,0.0007120610000015404,8.06152377515619e-17,3.465944990515169,59.75491184433719,2.7349187569809856e-15,2.7349187569809856e-15,gauss96,0.918943837888293,0.07454768716825155,2304,0.18976907000533694,0.06318193585973784,4097,1.9552067075527652e-17,0.0,2.716982999090396e-16,9.66239860565583e-17,14.665329560405718,14.665329560405716,1.8431372537132107,1.8431372537132107
flower_n8_clustered_s4,flower,8,clustered,4,True,periodic,1.0,ok,0.0007124229999817544,1.5763380427492576e-16,5.504214230048373,51.75353168169112,2.745871490008746e-15,2.745871490008746e-15,gauss96,1.5109245026212725,0.03771944198756083,2304,0.15985060102518736,0.06162073822774493,4097,1.5763380427492576e-16,0.0,3.8325355115301317e-16,4.0405740480051106e-16,13.697823578706409,13.697823578706414,1.6325123264600594,1.6325123264600587
flower_n8_clustered_s5,flower,8,clustered,5,True,periodic,0.0,ok,0.0007408000000168613,1.4298373419257096e-16,3.0000000000000004,166.43477951167003,1.7076784980756466e-16,1.7076784980756466e-16,gauss96,0.46253876147468626,0.125,2049,0.21954567652021598,0.0730972636991679,4097,0.0,8.537736462515939e-07,0.0,0.0,31.481644478285137,31.481644478285137,1.0341002425117836,1.0341002425117836
flower_n8_clustered_s5,flower,8,clustered,5,True,periodic,0.5,ok,0.000707627999986471,9.043085368092415e-17,3.485020027442796,92.200652098079,3.3908524139490103e-15,3.3908524139490103e-15,gauss96,0.966116277322122,0.058307439726957955,2304,0.22869556626262924,0.07204903634387541,4097,2.2607713420231038e-17,1.2074182697257333e-06,1.9559663886552868e-16,3.1448244019080538e-16,23.396499015419053,23.396499015419053,1.3076762512311098,1.3076762512311095
flower_n8_clustered_s5,flower,8,clustered,5,True,periodic,1.0,ok,0.0007274860000165972,4.5215426840462075e-17,5.588242605537048,71.58745191895547,2.5806353815578245e-15,2.5806353815578245e-15,gauss96,1.6592183626219443,0.023904360429751192,2304,0.24084296712755918,0.07086774993396677,4097,1.41298208876444e-17,0.0,3.2796519170740025e-16,2.843797993841977e-16,16.56737928677467,16.567379286774674,1.7922650445490669,1.7922650445490669
flower_n8_clustered_s6,flower,8,clustered,6,True,periodic,0.0,ok,0.0007209099999840873,8.650291035809484e-17,3.0000000000000004,181.19463582898098,1.0980014121422844e-15,1.0980014121422844e-15,gauss96,0.48100814565132766,0.125,2049,0.18509000983589743,0.05291140115167779,4097,0.0,0.0,0.0,0.0,1.6398445044429524,1.6398445044429524,0.7264205584424622,0.7264205584424622
flower_n8_clustered_s6,flower,8,clustered,6,True,periodic,0.5,ok,0.000753621999990628,7.75215222052901e-17,3.461393162187152,66.41377151021803,3.2096177627140794e-15,3.2096177627140794e-15,gauss96,1.0528638613460792,0.0696920754981829,2304,0.15598720533904784,0.0525906155145007,4097,7.920007549096432e-17,0.0,3.12267843796115e-16,6.95000782991555e-16,11.390235853941952,11.39023585394196,1.1080604305139283,1.1080604305139283
flower_n8_clustered_s6,flower,8,clustered,6,True,periodic,1.0,ok,0.0008315779999747974,7.975174277316767e-17,5.434251984938494,50.758126096883274,2.7997201252223926e-15,2.7997201252223926e-15,gauss96,1.6920213856807553,0.032858147761736345,2304,0.12471293235407047,0.05611835319778639,4097,2.6596128324187225e-17,0.0,3.181158396673913e-16,5.464666285317162e-16,15.78969643487199,15.789696434871995,2.175381406937515,2.1753814069375155
flower_n8_clustered_s7,flower,8,clustered,7,True,periodic,0.0,ok,0.0007269879999967088,8.699014189136649e-17,3.0000000000000004,74.830453223281,7.596294878930799e-16,7.596294878930799e-16,gauss96,0.6887007894687819,0.125,2049,0.22228701910967974,0.07209028674488992,4097,0.0,1.2074182697257333e-06,0.0,0.0,7.000461430164213,7.000461430164213,0.8897359007410325,0.8897359007410325
flower_n8_clustered_s7,flower,8,clustered,7,True,periodic,0.5,ok,0.0007236239999883765,8.715987891499439e-17,3.235996990052895,55.652750093437334,2.042789215820301e-15,2.042789215820301e-15,gauss96,1.232646698193387,0.07157400678993509,2304,0.20395890425353705,0.07000622440596296,4097,9.607298402687378e-17,0.0,9.866493628948993e-16,1.4661458606992961e-15,13.932642022682794,13.932642022682797,1.271565882854051,1.27156588285405
flower_n8_clustered_s7,flower,8,clustered,7,True,periodic,1.0,ok,0.0006858379999812314,8.699014189136649e-17,4.030618100702148,50.882476940810456,2.7928779355087057e-15,2.7928779355087057e-15,gauss96,1.984372294503028,0.037600502567993965,2304,0.18881778628512016,0.06795004922374054,4097,8.715987891499439e-17,0.0,3.2132698155569424e-16,1.1834351545037835e-15,16.093845598960083,16.09384559896009,2.1657724843449246,2.1657724843449255
flower_n8_clustered_s8,flower,8,clustered,8,True,periodic,0.0,ok,0.0007449489999657999,8.744574439825173e-17,3.0000000000000004,169.5517274077631,3.3525709074082474e-15,3.3525709074082474e-15,gauss96,0.18413618527575232,0.125,2049,0.2312432186182837,0.08071885259091306,4097,0.0,0.0,0.0,0.0,3.1850222425661956,3.1850222425661956,2.27915351386097,2.27915351386097
flower_n8_clustered_s8,flower,8,clustered,8,True,periodic,0.5,ok,0.0007014039999830857,8.549503630833199e-17,3.451304537738313,49.126061721773524,2.314185866668568e-15,2.314185866668568e-15,gauss96,0.8016972072149692,0.06939411211784552,2304,0.21488094210533915,0.0795049095010889,4097,8.483483309758959e-17,1.2074182697257333e-06,4.548862640134885e-16,6.093298636803481e-16,8.288902028611522,8.288902028611513,1.668078099280082,1.6680780992800823
flower_n8_clustered_s8,flower,8,clustered,8,True,periodic,1.0,ok,0.0006975750000037806,1.127258307282981e-16,5.331029385304674,42.13137196150995,1.6864932298175153e-15,1.6864932298175153e-15,gauss96,1.871063463116814,0.0332906565052562,2304,0.19805091278858386,0.07909591455674644,4097,1.0604354137198698e-16,8.537736462515939e-07,3.7392500065666853e-16,8.016698698776247e-16,6.507818180283776,6.507818180283774,2.0292460074391805,2.0292460074391796
flower_n8_clustered_s9,flower,8,clustered,9,True,periodic,0.0,ok,0.0007358350000004066,8.002597405554267e-17,3.0000000000000004,134.92846085975603,0.0,0.0,gauss96,0.353131748565459,0.125,2049,0.16548607599229667,0.052696537764286414,4097,0.0,0.0,0.0,0.0,6.112823457139044,6.112823457139044,2.758716188809485,2.758716188809485
flower_n8_clustered_s9,flower,8,clustered,9,True,periodic,0.5,ok,0.0010636769999905482,7.157740718153117e-17,3.454833677086201,83.40239385788837,2.7262248111326432e-15,2.7262248111326432e-15,gauss96,0.7629489841311046,0.06564607112040521,2304,0.16636982133182376,0.05633149511512319,4097,0.0,0.0,0.0,0.0,10.938224440161862,10.938224440161862,1.887352315954493,1.887352315954493
flower_n8_clustered_s9,flower,8,clustered,9,True,periodic,1.0,ok,0.000709540000002562,7.378030255432427e-17,5.4795199609661775,76.08607560770766,2.054507353923595e-15,2.054507353923595e-15,gauss96,1.4169722211677627,0.030393636452641704,2304,0.16904714274994473,0.061132012163733415,4097,2.236793974422849e-17,0.0,1.63295923419654e-16,1.947411368221176e-16,9.502182949124197,9.502182949124196,1.7533176746264383,1.7533176746264383
flower_n16_uniform_s0,flower,16,uniform,0,True,periodic,0.0,ok,0.000761084000032497,7.134575236693747e-17,3.0000000000000004,241.93483385231087,2.5844877213943853e-15,2.5844877213943853e-15,gauss96,1.4679080723429372,0.0625,2049,0.010313655863507121,0.005126877474613931,4097,0.0,0.0,0.0,0.0,29.001986252014373,29.001986252014373,2.0460770929629257,2.0460770929629257
flower_n16_uniform_s0,flower,16,uniform,0,True,periodic,0.5,ok,0.0007420719999799985,7.738533362188109e-17,3.0261379382011104,237.0182130436046,3.597408283367898e-15,3.597408283367898e-15,gauss96,1.8095907853632507,0.05315206295690289,2559,0.01446505125976613,0.006626995560661291,4097,7.738533362188109e-17,0.0,3.381400903757147e-16,3.99912806725045e-16,31.17520760426298,31.17520760426298,1.830846701103003,1.8308467011030034
flower_n16_uniform_s0,flower,16,uniform,0,True,periodic,1.0,ok,0.0007439400000066598,7.738533362188109e-17,3.117187322541625,243.19444866093275,4.207256971235751e-15,4.207256971235751e-15,gauss96,1.6037538435794234,0.04494593282381276,2560,0.018325312406471107,0.008148969579728093,4097,7.042171657324109e-17,0.0,6.224401662092414e-16,4.258143575822389e-16,34.55805850125019,34.55805850125019,1.603753843579424,1.6037538435794234
flower_n16_jittered_s0,flower,16,jittered,0,True,periodic,0.0,ok,0.0007011659999989206,7.535679738946815e-17,3.0000000000000004,617.1961881817139,7.0655000870514906e-12,7.0655000870514906e-12,gauss96,0.23852453871535206,0.0625,2049,0.12952845224830556,0.029704677246333133,4097,0.0,0.0,0.0,0.0,18.36798500336942,18.36798500336942,2.01412004644362,2.01412004644362
flower_n16_jittered_s0,flower,16,jittered,0,True,periodic,0.5,ok,0.0008204069999919739,7.198447963226229e-17,3.2914163420725364,205.29037999860768,3.0458203032851755e-15,3.0458203032851755e-15,gauss96,0.9584227193383927,0.035313939291364616,2560,0.14485353482744465,0.0350680869188408,4097,1.3755518518455348e-16,0.0,9.721623624896282e-16,1.242942845332911e-15,25.79705958953623,25.797059589536254,1.7757447645446967,1.775744764544695
flower_n16_jittered_s0,flower,16,jittered,0,True,periodic,1.0,ok,0.0010558839999816882,6.792569923561957e-17,4.548873639934382,195.51280752377326,4.797212126828504e-15,4.797212126828504e-15,gauss96,1.1352484826800568,0.018413621731904195,2560,0.1581809447818108,0.041743293528769744,4097,2.84348680081081e-17,0.0,7.966248731352174e-16,1.3571013138495748e-15,23.616514450354668,23.616514450354686,1.9144699089392476,1.9144699089392483
flower_n16_jittered_s1,flower,16,jittered,1,True,periodic,0.0,ok,0.0008799230000136049,7.017609389124205e-17,3.0000000000000004,406.1671987791777,5.185176634457721e-13,5.185176634457721e-13,gauss96,0.4962721269399652,0.0625,2049,0.06279891021786688,0.018234586925485848,4097,0.0,0.0,0.0,0.0,45.003878105556225,45.003878105556225,1.8574251672361535,1.8574251672361535
flower_n16_jittered_s1,flower,16,jittered,1,True,periodic,0.5,ok,0.0007319630000210964,6.861063092886888e-17,3.15336394165933,240.8912302248101,4.129497902998741e-15,4.129497902998741e-15,gauss96,1.2180010299783308,0.03991459151303034,2560,0.058682357950536446,0.017740143821651587,4097,1.9147728143835875e-17,8.537736462515939e-07,1.8065487154623376e-16,4.606281982256278e-16,51.89706297713051,51.89706297713053,1.507422647291516,1.507422647291516
flower_n16_jittered_s1,flower,16,jittered,1,True,periodic,1.0,ok,0.0007610089999730008,1.3631113189930982e-16,3.865929443677885,234.52716071935762,4.726304042507714e-15,4.726304042507714e-15,gauss96,1.1678050024662077,0.02466279628900292,2560,0.05114338082466002,0.017178336736552023,4097,2.0451926745123972e-16,0.0,1.1483271591563872e-15,3.9535429257030794e-16,61.741570484113986,61.741570484113886,1.1857389357245245,1.1857389357245256
flower_n16_jittered_s2,flower,16,jittered,2,True,periodic,0.0,ok,0.0009845220000102017,7.320619360253734e-17,3.0000000000000004,737.0654014524356,3.3728684284697936e-09,1.2978554891881088e-06,adaptive,0.5497460245120043,0.0625,2049,0.14025341618191647,0.032358871501867684,4097,0.0,0.0,0.0,0.0,19.49055759164144,19.49055759164144,1.9416203639146477,1.9416203639146477
flower_n16_jittered_s2,flower,16,jittered,2,True,periodic,0.5,ok,0.0007419389999654413,7.669746384124848e-17,3.6148369999404917,254.673726490391,2.4552105004537258e-15,2.4552105004537258e-15,gauss96,1.0869990787365802,0.0338097926574408,2560,0.12474825720899721,0.030735340324599045,4097,7.81842490400649e-17,0.0,4.909928117281039e-16,9.075157266958464e-16,19.98364489513068,19.983644895130695,1.8859608946247586,1.8859608946247588
flower_n16_jittered_s2,flower,16,jittered,2,True,periodic,1.0,ok,0.0011019060000307945,5.1764595921209406e-17,8.090696303062247,188.9704777102811,2.8576552576937064e-15,2.8576552576937064e-15,gauss96,1.854935205423645,0.016956673607004674,2560,0.08616929390477893,0.02619712377245251,4097,1.6013854850555044e-17,0.0,1.4368080186629219e-16,1.2458662592761578e-16,18.107859837477307,18.10785983747731,2.038022969016062,2.038022969016062
flower_n16_jittered_s3,flower,16,jittered,3,True,periodic,0.0,ok,0.0007626709999613013,9.335929070777391e-17,3.0000000000000004,7671.832767785652,2.685612881609095e-09,0.011095091951912996,adaptive,0.1929204953630295,0.0625,2049,0.4718566977416157,0.1405358883186644,4097,0.0,0.0,0.0,0.0,2.3112934399011498,2.3112934399011498,4.856701784810269,4.856701784810269
flower_n16_jittered_s3,flower,16,jittered,3,True,periodic,0.5,ok,0.0006917559999806144,5.904559987487177e-17,4.031987363711359,761.4789473553554,4.338433555945381e-12,4.338433555945381e-12,gauss96,0.593855362977075,0.027361654223320264,2560,0.45211271842849365,0.13726504488185945,4097,3.653260106190571e-17,0.0,9.162512822379373e-16,1.0658648391857638e-15,11.679091122400298,11.679091122400282,2.1256286325072313,2.125628632507233
flower_n16_jittered_s3,flower,16,jittered,3,True,periodic,1.0,ok,0.0007259980000071664,8.729306248831974e-17,11.563961458989537,272.85402984244416,1.7278008214813646e-09,1.8087304465028877e-06,adaptive,0.7690891812224409,0.009194529925955708,2560,0.39655759701394594,0.11935365675031824,4097,8.623355806885842e-17,0.0,3.2636232825387603e-16,1.4620423446938626e-16,7.954755805516132,7.954755805516128,2.062809831568419,2.062809831568419
flower_n16_jittered_s4,flower,16,jittered,4,True,periodic,0.0,ok,0.0007333190000053946,7.135751926108106e-17,3.0000000000000004,11675.036935343298,1.5844774120293e-10,0.027222336004335698,adaptive,0.05112709348885315,0.0625,2049,0.10356089562796694,0.030586814859135388,4097,0.0,1.2074182697257333e-06,0.0,0.0,2.007520910256399,2.007520910256399,5.433774462151401,5.433774462151401
flower_n16_jittered_s4,flower,16,jittered,4,True,periodic,0.5,ok,0.0007284190000405033,6.922696214011385e-17,3.7341364727752544,311.62336005116714,2.5537490640003502e-15,2.5537490640003502e-15,gauss96,0.8090796755402044,0.032685336463706416,2560,0.08658890771370248,0.027894630254960976,4097,5.62469067388425e-17,0.0,7.140320953880351e-16,7.291003246254295e-16,11.969623821509273,11.9696238215093,2.358948143155494,2.358948143155493
flower_n16_jittered_s4,flower,16,jittered,4,True,periodic,1.0,ok,0.0007670939999684379,7.739809661054945e-17,8.48897329467928,209.33979403940893,8.146098421703861e-16,8.146098421703861e-16,gauss96,1.120232740606506,0.014822102015554728,2560,0.14047297137283957,0.037168725705850995,4097,6.057359187259962e-17,8.537736462515939e-07,3.2324660408048977e-16,2.209064982578448e-16,7.017086131170323,7.017086131170323,2.422960241613177,2.422960241613176
flower_n16_jittered_s5,flower,16,jittered,5,True,periodic,0.0,ok,0.0007487990000072386,5.4365927036744e-17,3.0000000000000004,456.1445465338148,1.3259261373941722e-13,1.3259261373941722e-13,gauss96,0.6816908930968851,0.0625,2049,0.1255927201879939,0.04120270337653583,4097,0.0,0.0,0.0,0.0,5.123552360147871,5.123552360147871,1.1205536014572517,1.1205536014572517
flower_n16_jittered_s5,flower,16,jittered,5,True,periodic,0.5,ok,0.000859833000049548,1.5691025753096385e-16,3.4981919041186553,258.4454545532207,3.7390408831304935e-15,3.7390408831304935e-15,gauss96,1.1833386084220154,0.037566888387193687,2560,0.11666544789429015,0.0383045744724006,4097,8.34469524692385e-17,0.0,4.0971911173149757e-16,2.34328556586569e-15,13.427453835898959,13.427453835898982,1.5012242122937092,1.5012242122937098
flower_n16_jittered_s5,flower,16,jittered,5,True,periodic,1.0,ok,0.0008281209999836392,7.711930890605011e-17,5.889871854638854,212.23815033789452,2.1426277517142037e-15,2.1426277517142037e-15,gauss96,1.4270407501659708,0.02067110723048593,2560,0.10026399547294,0.0342617196234142,4097,8.130075164738969e-17,0.0,1.2919157183886304e-16,1.3546288121025373e-15,16.353955588334884,16.3539555883349,2.3804968157596536,2.380496815759653
flower_n16_jittered_s6,flower,16,jittered,6,True,periodic,0.0,ok,0.0007238750000055916,7.318656258178905e-17,3.0000000000000004,1390.9247937042253,6.079386063780345e-10,4.069715198963452e-06,adaptive,0.3629325487908201,0.0625,2049,0.10617794880203804,0.03444963527105049,4097,0.0,0.0,0.0,0.0,35.34855284671992,35.34855284671992,2.1647313635819114,2.1647313635819114
flower_n16_jittered_s6,flower,16,jittered,6,True,periodic,0.5,ok,0.0007375399999887122,8.492503106556664e-17,3.6185128610734503,366.44902482493086,3.567750342419897e-15,3.567750342419897e-15,gauss96,0.8579707922028402,0.031541101330992694,2560,0.09850248266767454,0.03276994372337586,4097,1.4945184874126966e-16,0.0,1.4984015484938527e-15,8.287413595229691e-16,43.900521800071985,43.900521800072084,1.5163122568101037,1.5163122568101033
flower_n16_jittered_s6,flower,16,jittered,6,True,periodic,1.0,ok,0.000724723000018912,1.4227986847760435e-16,7.466978049592366,309.73041733432854,5.689289414487685e-15,5.689289414487685e-15,gauss96,0.8366204366495394,0.014607572568218208,2560,0.08804959423691178,0.02950295034347111,4097,1.420721099800977e-16,8.537736462515939e-07,3.282300559220465e-16,0.0,100.04486888831006,100.04486888831006,0.8652637809256836,0.8652637809256836
flower_n16_jittered_s7,flower,16,jittered,7,True,periodic,0.0,ok,0.0007174910000458112,6.788596515848332e-17,3.0000000000000004,312.63355733332463,3.636424659314644e-16,3.636424659314644e-16,gauss96,0.9121679945405048,0.0625,2049,0.1302774172378938,0.029033771569965738,4097,0.0,0.0,0.0,0.0,28.239226056864865,28.239226056864865,2.2002864048093738,2.2002864048093738
flower_n16_jittered_s7,flower,16,jittered,7,True,periodic,0.5,ok,0.0007732770000075107,9.59986611432642e-17,3.1234909096347563,246.3085969269498,3.4617195402440604e-15,3.4617195402440604e-15,gauss96,1.3593603203610412,0.0469959708543137,2560,0.1234255842194786,0.027679182480587577,4097,8.004886797370805e-17,8.537736462515939e-07,1.758372482781849e-15,4.658762714126826e-16,41.75324415416036,41.75324415416033,1.6121763274607026,1.6121763274607026
flower_n16_jittered_s7,flower,16,jittered,7,True,periodic,1.0,ok,0.0007963340000287644,1.3994089377398206e-16,3.6731334782991247,233.95010050764483,4.373503312348907e-15,4.373503312348907e-15,gauss96,1.2982234416017548,0.03422026951819976,2560,0.11351337554811047,0.02645576418989638,4097,7.788344370377999e-17,0.0,1.5857340458121198e-15,4.1656767734894537e-16,48.93363823538517,48.93363823538511,1.3040487158260532,1.3040487158260539
flower_n16_jittered_s8,flower,16,jittered,8,True,periodic,0.0,ok,0.000693010000020422,8.275073543429048e-17,3.0000000000000004,903.0674239257946,3.2643499762351813e-10,3.2643499762351813e-10,gauss96,0.18002372569465452,0.0625,2049,0.1557329004256483,0.04168476083070083,4097,0.0,0.0,0.0,0.0,5.533134907404021,5.533134907404021,2.3754959621559855,2.3754959621559855
flower_n16_jittered_s8,flower,16,jittered,8,True,periodic,0.5,ok,0.0007426740000369136,8.275073543429048e-17,3.328365330414754,258.7406916082141,4.174159664034327e-15,4.174159664034327e-15,gauss96,0.8085071485143958,0.02610562678121947,2560,0.15364871345290557,0.04113267897725138,4097,4.163316066431417e-17,0.0,1.1108774173774391e-15,8.793756730339392e-16,25.77429521922617,25.77429521922624,1.6211065883295424,1.6211065883295415
flower_n16_jittered_s8,flower,16,jittered,8,True,periodic,1.0,ok,0.0008118289999856643,7.629240842101229e-17,4.935031840987623,196.00268164460036,4.3502021286534255e-15,4.3502021286534255e-15,gauss96,1.142272617301798,0.009834139099233821,2560,0.15101314999142837,0.04031987228780833,4097,6.013678762623158e-17,0.0,6.851008720021557e-16,7.788278367344216e-16,16.710708953240953,16.71070895324096,2.1606893487485372,2.160689348748536
flower_n16_jittered_s9,flower,16,jittered,9,True,periodic,0.0,ok,0.0006929269999886856,7.811760543427794e-17,3.0000000000000004,2354.1450278763155,2.192749515212875e-09,1.0049924310062156e-05,adaptive,0.20973893746270686,0.0625,2049,0.2252062718123831,0.0538894269506262,4097,0.0,0.0,0.0,0.0,7.894259374369584,7.894259374369584,1.6624887781054671,1.6624887781054671
flower_n16_jittered_s9,flower,16,jittered,9,True,periodic,0.5,ok,0.0007070160000353098,9.084976967778081e-17,3.4811646018856526,243.90032898363407,3.9620205707003305e-15,3.9620205707003305e-15,gauss96,0.907647600652522,0.03361598321202797,2560,0.21450429269796104,0.04981704100279362,4097,4.6382328226602525e-17,0.0,3.951199144883257e-16,2.281009903682351e-15,19.451177592149143,19.451177592149186,1.581648559231727,1.5816485592317266
flower_n16_jittered_s9,flower,16,jittered,9,True,periodic,1.0,ok,0.0006926039999939348,1.6104356921292606e-16,6.428560245672486,137.56672886291523,2.892443073369623e-15,2.892443073369623e-15,gauss96,1.4259281143345406,0.01593880873537526,2560,0.1932239674796108,0.042418840991388,4097,1.5992958141711436e-16,0.0,8.409991027404959e-16,2.6503688864908855e-16,18.58824934620241,18.58824934620241,2.2292800602442235,2.2292800602442235
flower_n16_clustered_s0,flower,16,clustered,0,True,periodic,0.0,ok,0.0007213659999933952,7.657220142089203e-17,3.0000000000000004,127.85048062902146,2.2230428302318334e-15,2.2230428302318334e-15,gauss96,0.5131648826749949,0.0625,2049,0.1524748113982431,0.048140023031830265,4097,0.0,8.537736462515939e-07,0.0,0.0,11.141808267253515,11.141808267253515,0.5862562967475591,0.5862562967475591
flower_n16_clustered_s0,flower,16,clustered,0,True,periodic,0.5,ok,0.0007360710000057225,7.716810302623299e-17,3.1330824666026307,117.86219905475852,2.773150858128758e-15,2.773150858128758e-15,gauss96,1.000390564653811,0.03335069420226555,2560,0.15288379503427804,0.04962797604360941,4097,2.5125253591230195e-17,0.0,2.842912350770184e-16,3.032603619178974e-15,14.371234683593201,14.371234683593151,1.0773768864192739,1.0773768864192743
flower_n16_clustered_s0,flower,16,clustered,0,True,periodic,1.0,ok,0.0008835929999690961,7.657220142089203e-17,3.5935754879292303,113.13076998011604,2.3866737549500863e-15,2.3866737549500863e-15,gauss96,1.7091396576254,0.015385060299840436,2560,0.15562148855729738,0.051268444636995335,4097,5.1446947829661827e-17,0.0,1.2504549299214943e-15,5.257762353120709e-15,15.812862395562105,15.812862395562076,2.204477094848334,2.2044770948483317
flower_n16_clustered_s1,flower,16,clustered,1,True,periodic,0.0,ok,0.000846630999944864,8.149707142311044e-17,3.0000000000000004,147.89222087299743,1.921785288139744e-15,1.921785288139744e-15,gauss96,0.5171907596341812,0.0625,2049,0.13976742056799882,0.044327961332183696,4097,0.0,8.537736462515939e-07,0.0,0.0,9.82551863177524,9.82551863177524,0.5374341276885815,0.5374341276885815
flower_n16_clustered_s1,flower,16,clustered,1,True,periodic,0.5,ok,0.0008376659999953517,1.461463218853795e-16,3.1429270256725044,120.56689335737441,3.4181422052511674e-15,3.4181422052511674e-15,gauss96,1.0080686723026613,0.03330773115395358,2560,0.14528628801379698,0.04647175435636454,4097,1.4607085486116388e-16,1.2074182697257333e-06,5.68612677574433e-16,5.119037565539371e-15,13.513520085552567,13.513520085552619,1.0255585152077473,1.0255585152077482
flower_n16_clustered_s1,flower,16,clustered,1,True,periodic,1.0,ok,0.0007055380000338118,1.5415930969366135e-16,3.679633670579189,122.35602874663464,3.252017379949497e-15,3.252017379949497e-15,gauss96,1.1570040243267645,0.015347847753324761,2560,0.14953783045673352,0.04789951894200424,4097,1.5379282986867686e-16,8.537736462515939e-07,1.0435296577791346e-15,1.6825715821852985e-15,15.537711769752795,15.53771176975276,2.2352812648664018,2.2352812648664044
flower_n16_clustered_s2,flower,16,clustered,2,True,periodic,0.0,ok,0.0007646760000170616,4.993245266617263e-17,3.0000000000000004,206.9177646026396,1.5109326371026135e-15,1.5109326371026135e-15,gauss96,0.29382628086937024,0.0625,2049,0.11101390322313559,0.03355820161829054,4097,0.0,0.0,0.0,0.0,24.939737715721165,24.939737715721165,1.761704460531548,1.761704460531548
flower_n16_clustered_s2,flower,16,clustered,2,True,periodic,0.5,ok,0.000707434000048579,7.895013979182637e-17,3.210202576411952,175.84470723467098,4.525628758272937e-15,4.525628758272937e-15,gauss96,0.7804997096183117,0.026724016621604868,2560,0.11645342397177372,0.03446213253432314,4097,7.075293755604943e-17,0.0,4.3238284995995473e-16,0.0,38.392550730978044,38.39255073097803,1.4607450744013246,1.4607450744013248
flower_n16_clustered_s2,flower,16,clustered,2,True,periodic,1.0,ok,0.0007926979999979267,8.826893970381742e-17,4.070943367493127,159.46551210664265,3.0299282517824204e-15,3.0299282517824204e-15,gauss96,1.5430724994505998,0.009837908507267748,2560,0.12114536965554891,0.03534510246997557,4097,5.296136382229045e-17,0.0,1.320073996034394e-15,1.0362808262124609e-15,26.744781116276062,26.74478111627603,1.8156237719827315,1.815623771982733
flower_n16_clustered_s3,flower,16,clustered,3,True,periodic,0.0,ok,0.0007782280000014907,6.841616967955319e-17,3.0000000000000004,163.96370947180773,5.200243917747707e-16,5.200243917747707e-16,gauss96,0.2712320157139078,0.0625,2049,0.1255083874246574,0.03640671804532673,4097,0.0,0.0,0.0,0.0,9.110391420470146,9.110391420470146,4.411469898387482,4.411469898387482
flower_n16_clustered_s3,flower,16,clustered,3,True,periodic,0.5,ok,0.0007513379999863901,6.997719569273497e-17,3.2715009248818943,136.79374710830857,2.4932463681604406e-15,2.4932463681604406e-15,gauss96,0.7433446247981393,0.024867495596963773,2560,0.14079973154240297,0.04066785192412425,4097,2.3336448981487485e-17,0.0,7.214638661447647e-16,0.0,16.06973641627519,16.069736416275212,2.327840347154198,2.3278403471541966
flower_n16_clustered_s3,flower,16,clustered,3,True,periodic,1.0,ok,0.0008328840000331184,7.590092549245345e-17,4.465187844019821,126.22566220268156,2.4768244291912482e-15,2.4768244291912482e-15,gauss96,1.803434679179592,0.008402686945407523,2560,0.16067498198796965,0.04723501741824617,4097,2.545794434344089e-17,0.0,8.098355006045315e-16,6.036619303782501e-16,12.557633412818294,12.557633412818301,1.8744776052863676,1.8744776052863665
flower_n16_clustered_s4,flower,16,clustered,4,True,periodic,0.0,ok,0.000734706000002916,8.091969121018242e-17,3.0000000000000004,180.11813234331487,1.4201534378897304e-15,1.4201534378897304e-15,gauss96,0.254744425213585,0.0625,2049,0.14116132022074615,0.03577713897848683,4097,0.0,0.0,0.0,0.0,24.12580095902294,24.12580095902294,2.3442996387737414,2.3442996387737414
flower_n16_clustered_s4,flower,16,clustered,4,True,periodic,0.5,ok,0.000780635000012353,1.450359904199074e-16,3.2496937416669267,135.736591916928,3.140830600174308e-15,3.140830600174308e-15,gauss96,0.730264625859501,0.024939852108333826,2560,0.13757356427616252,0.03861212451729693,4097,4.523548256606503e-18,0.0,0.0,0.0,27.000673818127392,27.000673818127392,1.6500332725395928,1.6500332725395928
flower_n16_clustered_s4,flower,16,clustered,4,True,periodic,1.0,ok,0.0007841819999612198,8.091969121018242e-17,4.371987845295257,127.2879359335001,2.232867492269853e-15,2.232867492269853e-15,gauss96,1.4707481906753603,0.008334334731182613,2560,0.13610785799813518,0.04265537178022119,4097,1.3570644769819508e-17,8.537736462515939e-07,9.049932237704968e-17,3.548688254416305e-16,19.460140892080158,19.46014089208016,1.5994986526895485,1.5994986526895485
flower_n16_clustered_s5,flower,16,clustered,5,True,periodic,0.0,ok,0.0007037780000018756,4.436260098298323e-17,3.0000000000000004,124.43871562080955,2.1697928835235076e-15,2.1697928835235076e-15,gauss96,0.2642332075683601,0.0625,2049,0.1924629751246808,0.054455027305847836,4097,0.0,0.0,0.0,0.0,26.634286710719262,26.634286710719262,1.569770159272341,1.569770159272341
flower_n16_clustered_s5,flower,16,clustered,5,True,periodic,0.5,ok,0.0007225329999869246,7.935823316531959e-17,3.300010895998043,113.53657923627392,1.877481443970847e-15,1.877481443970847e-15,gauss96,0.7359001257159835,0.024973062309267213,2560,0.1906923287333816,0.05507081070964066,4097,7.951307864556575e-17,0.0,1.9392808546674854e-16,1.5710312207902865e-16,24.051632347667883,24.051632347667883,1.636859003157159,1.636859003157159
flower_n16_clustered_s5,flower,16,clustered,5,True,periodic,1.0,ok,0.0007256080000388465,9.35830092943717e-17,4.832717465512751,110.50295946074922,2.5720315156355093e-15,2.5720315156355093e-15,gauss96,1.6852768560134705,0.00862416129356125,2560,0.18903229898848908,0.05541929409613265,4097,9.229260376101224e-17,0.0,4.59311026081149e-16,1.4079152328432133e-15,21.234595424579005,21.23459542457898,1.954744968104173,1.9547449681041726
flower_n16_clustered_s6,flower,16,clustered,6,True,periodic,0.0,ok,0.0007624360000022534,7.43531901647511e-17,3.0000000000000004,175.97537820420365,6.460383201432456e-16,6.460383201432456e-16,gauss96,0.3888987207294396,0.0625,2049,0.1343225820578864,0.0430176483615785,4097,0.0,0.0,0.0,0.0,14.751710498952214,14.751710498952214,0.6503500090464887,0.6503500090464887
flower_n16_clustered_s6,flower,16,clustered,6,True,periodic,0.5,ok,0.0007267589999742086,8.06473579135853e-17,3.1710016608561986,135.79278009322582,3.3488330570614023e-15,3.3488330570614023e-15,gauss96,0.8857570652736328,0.029816841542833206,2560,0.13355027896855873,0.045613393582999484,4097,1.3524973087539925e-17,0.0,6.38780826955326e-16,3.5688628674821844e-15,16.094312080889452,16.094312080889527,1.1292322304667053,1.1292322304667046
flower_n16_clustered_s6,flower,16,clustered,6,True,periodic,1.0,ok,0.0007383790000403678,7.269454604703208e-17,3.825999407699309,136.44363261279412,2.7079477108600984e-15,2.7079477108600984e-15,gauss96,1.2271274822960736,0.012113003238958635,2560,0.13118971215271058,0.04796893520823504,4097,1.465205417816825e-17,8.537736462515939e-07,1.4223380925644603e-15,4.155306857599712e-15,15.918343086245308,15.91834308624529,2.295077061544886,2.295077061544884
flower_n16_clustered_s7,flower,16,clustered,7,True,periodic,0.0,ok,0.0007325130000026547,7.517347030283245e-17,3.0000000000000004,219.50851400349532,2.201140409110393e-15,2.201140409110393e-15,gauss96,0.409410888695936,0.0625,2049,0.13404246185867832,0.03568314799319332,4097,0.0,0.0,0.0,0.0,13.281224090676618,13.281224090676618,0.5257310811250947,0.5257310811250947
flower_n16_clustered_s7,flower,16,clustered,7,True,periodic,0.5,ok,0.0007178209999665341,1.3447849553149483e-16,3.1656202041439476,161.48990957130758,5.807894831900846e-15,5.807894831900846e-15,gauss96,0.885080279751565,0.030219714961561617,2560,0.12973438919299435,0.039035123206885354,4097,1.3449080609059157e-16,0.0,1.3769955348662208e-16,0.0,16.850576259023928,16.850576259023928,0.9765782702731902,0.9765782702731902
flower_n16_clustered_s7,flower,16,clustered,7,True,periodic,1.0,ok,0.0007150000000137879,7.517347030283245e-17,3.837357229280027,160.80703873165564,5.302325629756602e-15,5.302325629756602e-15,gauss96,1.038170192785821,0.012290789865362806,2560,0.12775429599264593,0.04417015188529487,4097,4.622557216796614e-17,0.0,1.531570831552642e-15,6.271174339335693e-15,17.79742639073321,17.79742639073327,2.221224672974847,2.22122467297485
flower_n16_clustered_s8,flower,16,clustered,8,True,periodic,0.0,ok,0.0007567669999843929,8.075065343512796e-17,3.0000000000000004,144.7876206032328,1.3740951414487565e-15,1.3740951414487565e-15,gauss96,0.44226396467882256,0.0625,2049,0.14835883380154508,0.04694076112319898,4097,0.0,0.0,0.0,0.0,3.5081792373422633,3.5081792373422633,1.1090009910794902,1.1090009910794902
flower_n16_clustered_s8,flower,16,clustered,8,True,periodic,0.5,ok,0.0007240119999778472,7.833964081192427e-17,3.1749491934174405,116.33339345719116,3.1760633092097984e-15,3.1760633092097984e-15,gauss96,0.9411124750161552,0.030800792988823822,2560,0.15181077765550044,0.04855878284657803,4097,2.692925152909897e-17,0.0,2.2358835922039485e-16,1.3268527193886491e-15,12.12211015311394,12.122110153113956,1.401497664459419,1.4014976644594195
flower_n16_clustered_s8,flower,16,clustered,8,True,periodic,1.0,ok,0.0006972390000328232,1.5897667086111322e-16,3.910005369770541,106.12391712452445,2.276438117855769e-15,2.276438117855769e-15,gauss96,1.8662579988767438,0.012890653325479756,2560,0.15520216351697275,0.04988632686733113,4097,1.5897667086111322e-16,0.0,2.6998535421605594e-16,7.758752492917454e-16,14.3802202257523,14.380220225752293,2.3213004583717654,2.321300458371766
flower_n16_clustered_s9,flower,16,clustered,9,True,periodic,0.0,ok,0.0007160449999901175,7.557296878797244e-17,3.0000000000000004,171.77777723624268,1.4891063849420149e-15,1.4891063849420149e-15,gauss96,0.3827827275274859,0.0625,2049,0.13497690964182607,0.03751733580619109,4097,0.0,0.0,0.0,0.0,27.5024840378708,27.5024840378708,2.198542201721289,2.198542201721289
flower_n16_clustered_s9,flower,16,clustered,9,True,periodic,0.5,ok,0.0007136849999938022,6.967483455103197e-17,3.180592519020935,141.206591475824,3.220439967664834e-15,3.220439967664834e-15,gauss96,0.8757364101315406,0.029827257950761354,2560,0.1408943977372535,0.04218390077073978,4097,6.919287233581041e-17,0.0,8.438556322351734e-16,7.303417330863503e-16,38.823703570294555,38.82370357029453,1.555299378533682,1.5552993785336828
flower_n16_clustered_s9,flower,16,clustered,9,True,periodic,1.0,ok,0.0007318940000118346,8.202800877421957e-17,3.8516640913755307,125.36348361271595,2.38050140614449e-15,2.38050140614449e-15,gauss96,1.5493927684572806,0.012059392846210493,2560,0.1472671154895967,0.04788543830413241,4097,4.013424517445186e-17,0.0,4.883997188288127e-16,8.465044958713517e-16,28.32899915959927,28.328999159599224,1.6199303982072408,1.6199303982072413
flower_n32_uniform_s0,flower,32,uniform,0,True,periodic,0.0,ok,0.0007667550000292067,7.541393431309761e-17,3.0000000000000004,271.5833069308375,4.1860760518159524e-16,4.1860760518159524e-16,gauss96,1.428004690137169,0.03125,2049,0.000777450628677567,0.00032468086680216253,4097,0.0,0.0,0.0,0.0,17.397545431631187,17.397545431631187,2.369971908042146,2.369971908042146
flower_n32_uniform_s0,flower,32,uniform,0,True,periodic,0.5,ok,0.0008361110000123517,9.539191989748566e-17,3.0465790614897768,253.068525448769,8.984668284609e-16,8.984668284609e-16,gauss96,1.8138620375747805,0.024492965263536393,3071,0.002475597070461982,0.0008576685156577739,4097,1.4725041400692906e-16,0.0,1.6534986477586742e-15,1.3079893307200648e-15,19.07012455230021,19.07012455230022,2.353338536590563,2.353338536590561
flower_n32_uniform_s0,flower,32,uniform,0,True,periodic,1.0,ok,0.0007278109999901972,8.691026501237112e-17,3.2013817552472252,249.22487241563343,1.1404042122651786e-15,1.1404042122651786e-15,gauss96,2.2112001023969836,0.01901597447581993,3071,0.004052091460459522,0.001656048519580642,4097,5.4804972161806797e-17,0.0,1.45053130454654e-15,6.040909416858306e-16,20.654528615589253,20.654528615589257,2.352824146312923,2.352824146312922
flower_n32_jittered_s0,flower,32,jittered,0,True,periodic,0.0,ok,0.0007944870000073934,6.950189398424103e-17,3.0000000000000004,577.4855449539671,8.268340612211322e-15,8.268340612211322e-15,gauss96,0.41553625562612684,0.03125,2049,0.03407386424469919,0.009637978528012302,4097,0.0,0.0,0.0,0.0,21.9540657608278,21.9540657608278,2.2497168751856305,2.2497168751856305
flower_n32_jittered_s0,flower,32,jittered,0,True,periodic,0.5,ok,0.0010756980000223848,8.182440627668144e-17,3.248186938794598,290.63296665404573,1.5646791763570703e-15,1.5646791763570703e-15,gauss96,1.1304625565189634,0.017457239203928776,3072,0.029632486339445,0.008354671176158217,4097,1.4259849139084738e-16,0.0,8.817724800569415e-16,1.7757259164746036e-15,21.118669329558923,21.11866932955892,2.205653528214066,2.2056535282140644
flower_n32_jittered_s0,flower,32,jittered,0,True,periodic,1.0,ok,0.001117829999998321,1.562976151729843e-16,4.368632416666425,248.8059630318461,1.3707891443148162e-15,1.3707891443148162e-15,gauss96,1.6979743292795517,0.00910985199442993,3072,0.022557409631888986,0.006631614265075671,4097,1.5524303066360018e-16,0.0,1.351128789730277e-15,8.133126120654136e-16,19.425901414023087,19.42590141402312,2.3364457263895777,2.3364457263895746
flower_n32_jittered_s1,flower,32,jittered,1,True,periodic,0.0,ok,0.0007658449999894401,6.702577442026564e-17,3.0000000000000004,14211.397652919168,3.1207159561765278e-09,0.0011625915282813444,adaptive,0.08128116933245645,0.03125,2049,0.06758549150676685,0.012629784254011164,4097,0.0,0.0,0.0,0.0,-110.9655889683856,-110.9655889683856,1.3370549067921773,1.3370549067921773
flower_n32_jittered_s1,flower,32,jittered,1,True,periodic,0.5,ok,0.0008397850000392282,7.526441110691215e-17,3.6533357410291734,277.00394827580214,4.1041594688182e-16,4.1041594688182e-16,gauss96,0.9954416202400517,0.016329425288519994,3072,0.06405292938886623,0.01195033787917929,4097,3.4492861726619254e-17,0.0,1.6469961582850673e-15,3.2667306165467105e-15,6.881220976670273,6.881220976670242,1.600105189940223,1.6001051899402203
flower_n32_jittered_s1,flower,32,jittered,1,True,periodic,1.0,ok,0.0007522960000301282,7.861032392153529e-17,7.869945388289466,222.84287843447825,1.5304977011644955e-15,1.5304977011644955e-15,gauss96,2.1677372935028827,0.007754500829427413,3072,0.06085052907829709,0.012162066003619847,4097,7.944498206435855e-17,0.0,6.36775792439624e-16,1.9870109821707903e-15,19.277752012938976,19.277752012938954,2.3770794472441246,2.3770794472441232
flower_n32_jittered_s2,flower,32,jittered,2,True,periodic,0.0,ok,0.00074082499997985,6.802078930174659e-17,3.0000000000000004,14230843.27271073,9.166650932618437e-12,0.9804475291462156,adaptive,0.0014352247594067754,0.03125,2049,0.06249911148473829,0.01486111076095157,4097,0.0,0.0,0.0,0.0,9.28796189531507,9.28796189531507,2.097519946025573,2.097519946025573
flower_n32_jittered_s2,flower,32,jittered,2,True,periodic,0.5,ok,0.0008504350000180239,1.4317792970971905e-16,4.627311414870683,395.4228332284939,1.0062745461027246e-15,1.0062745461027246e-15,gauss96,0.7368943164860691,0.014199875746077617,3072,0.05729136820936839,0.013848926003057116,4097,8.135991779902093e-17,0.0,5.81364729104191e-16,1.775379765014333e-15,15.497936527841837,15.497936527841834,2.09299396605998,2.092993966059979
flower_n32_jittered_s2,flower,32,jittered,2,True,periodic,1.0,ok,0.0008405530000459294,1.4605239700937034e-16,17.151650639472393,250.7092036216098,2.494035314366068e-15,2.494035314366068e-15,gauss96,1.427250954495768,0.0057577289830538225,3072,0.05918736911664409,0.01344803521720386,4097,8.76427809465578e-17,8.537736462515939e-07,1.0357386045045127e-15,2.679349773478619e-15,18.87207511095454,18.872075110954572,2.349613821099713,2.3496138210997137
flower_n32_jittered_s3,flower,32,jittered,3,True,periodic,0.0,ok,0.0008671680000134074,7.060589352620387e-17,3.0000000000000004,49463.31560179503,7.249691582639748e-10,0.25040889015463375,adaptive,0.08535874021071922,0.03125,2049,0.1913167005157363,0.040537899087828295,4097,0.0,8.537736462515939e-07,0.0,0.0,6.059352323679514,6.059352323679514,4.816840579422946,4.816840579422946
flower_n32_jittered_s3,flower,32,jittered,3,True,periodic,0.5,ok,0.0007703979999860167,6.791637028654764e-17,4.7242797131015175,600.2976419754388,7.575364603965414e-16,7.575364603965414e-16,gauss96,0.4704990029951904,0.011350533521298223,3072,0.17417349782194333,0.035722675640461346,4097,2.527196688826302e-17,0.0,7.434349506872891e-16,1.7709700343746673e-15,31.724318814630497,31.72431881463048,2.1142885191122356,2.1142885191122343
flower_n32_jittered_s3,flower,32,jittered,3,True,periodic,1.0,ok,0.0007540930000118351,7.534644784970659e-17,21.280525883219095,196.67193355087838,1.5896462606016198e-15,1.5896462606016198e-15,gauss96,1.8537241564756515,0.003307244142796373,3072,0.10120237145794345,0.0277586921883284,4097,3.948744826291097e-18,0.0,4.109206308287511e-16,3.2794012035827473e-16,17.458555932985476,17.45855593298548,2.0744827186853767,2.0744827186853763
flower_n32_jittered_s4,flower,32,jittered,4,True,periodic,0.0,ok,0.0008279479999941941,6.90044800273218e-17,3.0000000000000004,38951.5873413378,2.8018800639631933e-10,0.5175303787716694,adaptive,0.11568236426616889,0.03125,2049,0.0502240721749146,0.0134083818352179,4097,0.0,0.0,0.0,0.0,20.576224670318553,20.576224670318553,1.6715221692819044,1.6715221692819044
flower_n32_jittered_s4,flower,32,jittered,4,True,periodic,0.5,ok,0.000745610000024044,1.380089600546436e-16,3.9366458581504173,499.26628362459434,9.108312854316341e-16,9.108312854316341e-16,gauss96,0.9957498725144396,0.016976725922239533,3072,0.04868738657386633,0.01130385044773326,4097,7.580453761605028e-17,1.2074182697257333e-06,0.0,4.2271642836252535e-15,19.54352597425883,19.543525974258912,1.762754647518049,1.762754647518049
flower_n32_jittered_s4,flower,32,jittered,4,True,periodic,1.0,ok,0.0007919320000269181,6.707480168699583e-17,10.672865695174917,228.8314495307184,1.863055285147027e-15,1.863055285147027e-15,gauss96,2.0592091937251613,0.007935705165181495,3072,0.040362401729996895,0.008535230840941278,4097,1.673604469373365e-17,0.0,1.1258393057208811e-15,2.1225375587704585e-15,18.26066272248116,18.26066272248123,2.378463016338548,2.378463016338545
flower_n32_jittered_s5,flower,32,jittered,5,True,periodic,0.0,ok,0.0007584439999845927,6.741793039868013e-17,3.0000000000000004,16937.75747947766,1.359193218115474e-09,0.04922269314487909,adaptive,0.08044431586544205,0.03125,2049,0.05830056251098926,0.011289669021249194,4097,0.0,1.2074182697257333e-06,0.0,0.0,19.54417232946542,19.54417232946542,1.965004765072593,1.965004765072593
flower_n32_jittered_s5,flower,32,jittered,5,True,periodic,0.5,ok,0.0007376059999728568,7.479347844249342e-17,3.4518132128735686,289.4058642619274,9.820709577840787e-16,9.820709577840787e-16,gauss96,0.9656096809437494,0.01641255468797609,3072,0.05341262051713261,0.009895292610646854,4097,7.479347844249342e-17,8.537736462515939e-07,6.663535857775507e-16,1.3833444977170469e-15,21.876906734930373,21.876906734930348,2.0078625599462003,2.0078625599462
flower_n32_jittered_s5,flower,32,jittered,5,True,periodic,1.0,ok,0.0007548290000158886,1.3394155218424369e-16,6.623688845154558,229.30908327993544,1.6112847223945176e-15,1.6112847223945176e-15,gauss96,1.9361860981534684,0.007859699939915088,3072,0.0419190744189835,0.0077119556121319315,4097,6.719066006118651e-17,0.0,1.2613942940847515e-15,2.409434577024772e-15,18.298600239487033,18.298600239487083,2.4000640902378803,2.4000640902378785
flower_n32_jittered_s6,flower,32,jittered,6,True,periodic,0.0,ok,0.000744926999971085,6.948868120178022e-17,3.0000000000000004,23803.321376623135,4.3686281423165634e-10,0.03450868868643106,adaptive,0.09593107817427717,0.03125,2049,0.035592920248533395,0.008293217725224972,4097,0.0,0.0,0.0,0.0,19.903229775010367,19.903229775010367,2.222969358251664,2.222969358251664
flower_n32_jittered_s6,flower,32,jittered,6,True,periodic,0.5,ok,0.000752874999989217,6.948868120178022e-17,3.863544358624323,383.2356852835346,1.9282245197072024e-15,1.9282245197072024e-15,gauss96,0.9253105183380633,0.014083751082784257,3072,0.03143437626779607,0.007151811973855067,4097,6.74879454211619e-17,0.0,2.6951946982373656e-16,9.021631249303287e-17,23.32445239185366,23.32445239185366,2.001010849627602,2.001010849627602
flower_n32_jittered_s6,flower,32,jittered,6,True,periodic,1.0,ok,0.0007772859999590764,8.957747879656855e-17,9.433313386552168,246.2453766121296,1.5004635931794061e-15,1.5004635931794061e-15,gauss96,1.6986946599088286,0.005765348172271104,3072,0.015628748507423938,0.004441136145389101,4097,9.240642222264544e-17,8.537736462515939e-07,1.185161255408885e-15,1.977750145013164e-15,18.47429436285303,18.474294362853037,2.252398263907503,2.2523982639075046
flower_n32_jittered_s7,flower,32,jittered,7,True,periodic,0.0,ok,0.0007575180000003456,6.908569247711281e-17,3.0000000000000004,615.5214342906415,1.2929003276196904e-15,1.2929003276196904e-15,gauss96,0.5948631964602772,0.03125,2049,0.024234600974653405,0.00581779183626434,4097,0.0,0.0,0.0,0.0,18.913199382062935,18.913199382062935,2.370289892478299,2.370289892478299
flower_n32_jittered_s7,flower,32,jittered,7,True,periodic,0.5,ok,0.000756512999998904,1.4468512535486664e-16,3.2737026444110953,314.41218681580165,1.2655486928016824e-15,1.2655486928016824e-15,gauss96,1.203693561833494,0.01748581602195376,3072,0.01815384544673677,0.003945418035608703,4097,8.635711559639102e-17,8.537736462515939e-07,1.5141011456794008e-15,2.73285410750486e-15,19.598887763232,19.59888776323201,2.2675176331457387,2.267517633145741
flower_n32_jittered_s7,flower,32,jittered,7,True,periodic,1.0,ok,0.0007304129999852194,1.3842910473631612e-16,4.550996386648718,255.94176531145118,1.9988561426257494e-15,1.9988561426257494e-15,gauss96,2.1253022337273713,0.00910395859419555,3072,0.009481198140606993,0.0028461980250644907,4097,1.3817138495422561e-16,0.0,6.814481424887165e-16,1.7070217044297391e-15,19.16679478774029,19.16679478774029,2.3604895132619133,2.360489513261915
flower_n32_jittered_s8,flower,32,jittered,8,True,periodic,0.0,ok,0.0007516120000445881,6.983198102076808e-17,3.0000000000000004,17628.287507010027,6.716585861826019e-10,0.044587738213836395,adaptive,0.1545965902509422,0.03125,2049,0.05437956662132881,0.010983454020873173,4097,0.0,0.0,0.0,0.0,47.97374146825582,47.97374146825582,0.7094559530384603,0.7094559530384603
flower_n32_jittered_s8,flower,32,jittered,8,True,periodic,0.5,ok,0.0008098580000250877,7.574341806609465e-17,3.7210659109307294,436.30363001130814,1.042272673446879e-15,1.042272673446879e-15,gauss96,0.9436008560285751,0.015572954441626763,3072,0.04666605979731827,0.009376379723119721,4097,6.913045842928064e-17,0.0,2.2913686972711537e-15,3.345489854696141e-15,20.16650371805696,20.1665037180569,1.1481419575105032,1.1481419575105045
flower_n32_jittered_s8,flower,32,jittered,8,True,periodic,1.0,ok,0.0009207119999814495,1.5196318197652763e-16,8.633279618806514,259.60429460839595,2.189617816090228e-15,2.189617816090228e-15,gauss96,1.6835587543896418,0.006879802716686978,3072,0.03234370777161667,0.007206883220129701,4097,1.522035566089474e-16,0.0,1.5775173428693695e-15,1.83084847850168e-14,16.47101552598429,16.471015525984054,2.4049374074863406,2.4049374074863366
flower_n32_jittered_s9,flower,32,jittered,9,True,periodic,0.0,ok,0.0009923860000071727,7.284574708376288e-17,3.0000000000000004,99926.80065127129,1.100147413227122e-09,0.2846324129700009,adaptive,0.04180223340493501,0.03125,2049,0.12189588502726166,0.030103933468078256,4097,0.0,0.0,0.0,0.0,-153.90167879646737,-153.90167879646737,0.5093932501588952,0.5093932501588952
flower_n32_jittered_s9,flower,32,jittered,9,True,periodic,0.5,ok,0.0007440530000053514,7.90123063251136e-17,4.3383047965218,470.45321428535027,1.3290962596965703e-15,1.3290962596965703e-15,gauss96,0.6025484538780479,0.013580934716487247,3072,0.11533890945571156,0.02843726629817743,4097,7.122073046196618e-17,0.0,8.56857734473296e-16,1.1331324876999454e-14,-5.579962031122032,-5.579962031121936,1.1546730956677638,1.1546730956677627
flower_n32_jittered_s9,flower,32,jittered,9,True,periodic,1.0,ok,0.0007333959999868966,9.463584371252163e-17,15.717990199424618,265.1004427130345,1.7153775611711002e-15,1.7153775611711002e-15,gauss96,1.312823426275495,0.005014122985456004,3072,0.11156668428947755,0.02699873806115753,4097,1.547223637265584e-16,8.537736462515939e-07,9.56235956459495e-16,1.031369464288563e-14,15.868506418965525,15.868506418965397,2.3649645792432334,2.364964579243231
flower_n32_clustered_s0,flower,32,clustered,0,True,periodic,0.0,ok,0.0007216509999921072,6.804635997113451e-17,3.0000000000000004,273.0415877948534,1.45730156068612e-15,1.45730156068612e-15,gauss96,0.517475805603199,0.03125,2049,0.02892996021232357,0.007137410635777598,4097,0.0,0.0,0.0,0.0,12.980648666064633,12.980648666064633,0.664070661733398,0.664070661733398
flower_n32_clustered_s0,flower,32,clustered,0,True,periodic,0.5,ok,0.0007299879999891346,7.592998704527533e-17,3.079051404903153,246.7686907808325,2.418685677465386e-15,2.418685677465386e-15,gauss96,1.040392688151981,0.015868487565867673,3072,0.029203164851741747,0.007773568524673062,4097,2.440653805606264e-17,0.0,1.1485320080961887e-15,2.6555474581468042e-14,14.84109846281284,14.841098462813202,1.1826199800585409,1.1826199800585422
flower_n32_clustered_s0,flower,32,clustered,0,True,periodic,1.0,ok,0.0007510429999797452,1.441539493507473e-16,3.5506874476858274,244.60235099812462,3.0210848022313973e-15,3.0210848022313973e-15,gauss96,1.468118171319717,0.0069758699241418975,3072,0.031015649850923227,0.008643637491145918,4097,1.4397710743866617e-16,0.0,2.252425500706714e-15,2.950048651721833e-15,16.206601891941936,16.20660189194186,2.4121142299004172,2.4121142299004226
flower_n32_clustered_s1,flower,32,clustered,1,True,periodic,0.0,ok,0.0011379289999808861,6.808711508805455e-17,3.0000000000000004,281.9110605713617,1.008180004459579e-15,1.008180004459579e-15,gauss96,0.38036778601389604,0.03125,2049,0.03833397192629204,0.007975298686360944,4097,0.0,0.0,0.0,0.0,18.454187212798114,18.454187212798114,0.544914091003417,0.544914091003417
flower_n32_clustered_s1,flower,32,clustered,1,True,periodic,0.5,ok,0.0007238339999844356,7.597546391576599e-17,3.1656951365006503,258.96232396497555,2.85355967569417e-15,2.85355967569417e-15,gauss96,0.9103699034274193,0.01494000856000699,3072,0.03780580681196932,0.008197408500345334,4097,1.9112208967995198e-17,8.537736462515939e-07,1.5571787301607277e-15,1.4109971493032824e-14,16.990823773179546,16.990823773179347,1.0473483017803094,1.0473483017803078
flower_n32_clustered_s1,flower,32,clustered,1,True,periodic,1.0,ok,0.000725275000036163,8.070297857459613e-17,4.331703859367114,252.6584567995211,3.3747189534553365e-15,3.3747189534553365e-15,gauss96,1.5465576962123488,0.006028428552311449,3072,0.03683723507390024,0.00862306672482739,4097,8.070297857459613e-17,0.0,2.4809453442497604e-15,2.4403216185133084e-14,15.979057919301948,15.979057919302253,2.4103706444273225,2.4103706444273283
flower_n32_clustered_s2,flower,32,clustered,2,True,periodic,0.0,ok,0.0007573709999633138,7.517709849634799e-17,3.0000000000000004,260.8499735195662,2.17916138130427e-16,2.17916138130427e-16,gauss96,0.2947461024318644,0.03125,2049,0.07153246738585531,0.01686657972593841,4097,0.0,1.2074182697257333e-06,0.0,0.0,14.945151859028732,14.945151859028732,1.7568135775282703,1.7568135775282703
flower_n32_clustered_s2,flower,32,clustered,2,True,periodic,0.5,ok,0.0007277509999994436,6.930986017573665e-17,3.0950608972848204,235.19440527816343,3.0210868958372726e-15,3.0210868958372726e-15,gauss96,0.7575173890696254,0.012525342432563535,3072,0.07348438626249529,0.01802111977127815,4097,6.737164202092721e-17,0.0,1.527533770786994e-16,2.4963537612835695e-16,19.143852300461482,19.14385230046148,1.7607582188109625,1.7607582188109627
flower_n32_clustered_s2,flower,32,clustered,2,True,periodic,1.0,ok,0.0007141520000004675,7.517709849634799e-17,3.4889628016414758,228.9917395924733,2.4823349070132308e-15,2.4823349070132308e-15,gauss96,1.7368150870857149,0.004154952275739837,3072,0.07676659991749847,0.019837344678900613,4097,7.18128225056345e-17,0.0,1.1630293659503482e-15,2.839641361099826e-15,18.67163732345276,18.67163732345278,2.312596500284176,2.3125965002841773
flower_n32_clustered_s3,flower,32,clustered,3,True,periodic,0.0,ok,0.0007518830000208254,6.98350868328545e-17,3.0000000000000004,292.56930355669454,1.9429044048632673e-16,1.9429044048632673e-16,gauss96,0.30332187604455846,0.03125,2049,0.03717671165014113,0.009673081862429782,4097,0.0,0.0,0.0,0.0,11.683538109093966,11.683538109093966,4.673115765172619,4.673115765172619
flower_n32_clustered_s3,flower,32,clustered,3,True,periodic,0.5,ok,0.000738920000003418,7.574678679228368e-17,3.1090858379928576,248.39723472291428,2.059567089456325e-15,2.059567089456325e-15,gauss96,0.7789999192018959,0.012339119007266919,3072,0.032700370930233924,0.009316136192687193,4097,1.3576436191543466e-16,8.537736462515939e-07,5.172545605372642e-16,1.9925199120731202e-16,29.42697339460701,29.426973394607014,2.3430408954107755,2.3430408954107755
flower_n32_clustered_s3,flower,32,clustered,3,True,periodic,1.0,ok,0.0008288390000075196,7.989401089354692e-17,3.524682206649238,237.1005650400764,2.876927038172175e-15,2.876927038172175e-15,gauss96,1.751126346363193,0.004023343424435777,3072,0.024597239203195186,0.008880415864008293,4097,7.989401089354692e-17,0.0,1.7130994041637e-15,4.3538665095790494e-16,27.040011334685502,27.04001133468546,1.9309888658293295,1.930988865829331
flower_n32_clustered_s4,flower,32,clustered,4,True,periodic,0.0,ok,0.0007533709999734128,7.545732295343235e-17,3.0000000000000004,344.24021801952625,8.256359351013381e-16,8.256359351013381e-16,gauss96,0.20308064033005996,0.03125,2049,0.040611988886743305,0.01010569710220398,4097,0.0,0.0,0.0,0.0,43.51604170426867,43.51604170426867,3.0061113503161647,3.0061113503161647
flower_n32_clustered_s4,flower,32,clustered,4,True,periodic,0.5,ok,0.0008430049999788025,7.284783183355142e-17,3.1039307903944353,277.1925265551923,3.2810938775141805e-15,3.2810938775141805e-15,gauss96,0.7101674942970997,0.012082021679804655,3072,0.033593557276928566,0.01023403138795515,4097,7.36675665177286e-17,0.0,1.9427028155158283e-16,4.1390986265580316e-16,43.49564512265632,43.49564512265632,1.9652373364859064,1.9652373364859064
flower_n32_clustered_s4,flower,32,clustered,4,True,periodic,1.0,ok,0.0008238660000188247,7.59347894837025e-17,3.551048101623594,281.69066714409746,4.439462718507678e-15,4.439462718507678e-15,gauss96,1.1296460087540938,0.0038564003377558054,3072,0.044437246284409516,0.011336779320434278,4097,1.3993738681098933e-16,8.537736462515939e-07,7.392210043399417e-16,7.730654277570363e-16,33.2338428668002,33.23384286680025,1.683493899317142,1.6834938993171416
flower_n32_clustered_s5,flower,32,clustered,5,True,periodic,0.0,ok,0.0007398010000088107,6.773317466396617e-17,3.0000000000000004,372.1387601153728,4.276941556985845e-15,4.276941556985845e-15,gauss96,0.2675505969673164,0.03125,2049,0.04509759181329401,0.009366688827594852,4097,0.0,8.537736462515939e-07,0.0,0.0,11.568367552330717,11.568367552330717,1.699121244950429,1.699121244950429
flower_n32_clustered_s5,flower,32,clustered,5,True,periodic,0.5,ok,0.0007637280000380997,6.968179376955066e-17,3.1134358385637873,317.8851538802402,5.722159029267347e-15,5.722159029267347e-15,gauss96,0.7172691413848428,0.01174515913065588,3072,0.04286762327244541,0.010131813688202877,4097,1.0562698378469265e-18,0.0,7.407442373730702e-16,2.6570559076931977e-15,16.20169734799653,16.2016973479965,1.825225663906351,1.8252256639063502
flower_n32_clustered_s5,flower,32,clustered,5,True,periodic,1.0,ok,0.0007653270000105294,1.3625471495160697e-16,3.6889149481402006,319.46492509491617,5.160063022485674e-15,5.160063022485674e-15,gauss96,1.0673986759219578,0.003541469233655614,3072,0.04069584015029219,0.011337942095118334,4097,3.3800634811101647e-17,0.0,1.0727209457918935e-15,1.3316450519060455e-15,18.52687223197936,18.526872231979358,2.3780615252110855,2.378061525211084
flower_n32_clustered_s6,flower,32,clustered,6,True,periodic,0.0,ok,0.0007366590000401629,7.112668718376666e-17,3.0000000000000004,228.08523278680892,4.984401503444943e-16,4.984401503444943e-16,gauss96,0.3222879195887536,0.03125,2049,0.08707647766612048,0.025114881868892873,4097,0.0,1.2074182697257333e-06,0.0,0.0,18.71626096290096,18.71626096290096,0.630909057897931,0.630909057897931
flower_n32_clustered_s6,flower,32,clustered,6,True,periodic,0.5,ok,0.001044769999964501,7.714772406949422e-17,3.080249265391657,210.28867690018896,2.838269310723633e-15,2.838269310723633e-15,gauss96,0.803217033794702,0.01363241277163274,3072,0.08369769403120715,0.025060928339995212,4097,7.350770723900712e-17,0.0,7.470120191772415e-16,2.8030858486906596e-15,17.970252248322613,17.97025224832264,1.1084644481224952,1.1084644481224943
flower_n32_clustered_s6,flower,32,clustered,6,True,periodic,1.0,ok,0.001152693999983967,7.714772406949422e-17,3.398459867455194,204.91810716437757,2.496562050209127e-15,2.496562050209127e-15,gauss96,1.6486387367529434,0.005001885961157804,3072,0.07862440538566513,0.02470293269960606,4097,7.489223594256468e-17,8.537736462515939e-07,2.3327242807444853e-15,6.799065125309196e-14,15.803430898076268,15.80343089807524,2.2973933972849734,2.2973933972849703
flower_n32_clustered_s7,flower,32,clustered,7,True,periodic,0.0,ok,0.0008331490000159647,7.087674818170152e-17,3.0000000000000004,262.5280432079961,2.814801939482847e-15,2.814801939482847e-15,gauss96,0.4703003966099842,0.03125,2049,0.03332422072416185,0.009818771863162948,4097,0.0,1.2074182697257333e-06,0.0,0.0,13.288146750466632,13.288146750466632,0.6512764176503169,0.6512764176503169
flower_n32_clustered_s7,flower,32,clustered,7,True,periodic,0.5,ok,0.0007261319999543048,1.4065885838821617e-16,3.0707065362268935,256.43867003890836,3.989965863336061e-15,3.989965863336061e-15,gauss96,0.9895044708774776,0.015259860705666983,3072,0.03638953448016177,0.01059767020282148,4097,7.142832652526603e-18,0.0,7.337559608501677e-16,6.131919523184699e-15,15.064566038591588,15.064566038591678,1.150182343120523,1.1501823431205236
flower_n32_clustered_s7,flower,32,clustered,7,True,periodic,1.0,ok,0.0007925759999807269,7.863069224839197e-17,3.3906797386165284,266.9818307124269,4.258223768196087e-15,4.258223768196087e-15,gauss96,1.2293163192839194,0.006224012778498822,3072,0.04043557218292184,0.011812495457575073,4097,2.857133061010641e-17,0.0,9.350117087093177e-16,3.002727195750412e-14,15.584336604229394,15.584336604229774,2.481044140565777,2.4810441405657766
flower_n32_clustered_s8,flower,32,clustered,8,True,periodic,0.0,ok,0.0007617210000034902,6.840668672049612e-17,3.0000000000000004,418.40524877204217,4.619149130991049e-15,4.619149130991049e-15,gauss96,0.45310789407522917,0.03125,2049,0.04748639937577078,0.009507341897954432,4097,0.0,0.0,0.0,0.0,17.276027071740426,17.276027071740426,0.930686250817768,0.930686250817768
flower_n32_clustered_s8,flower,32,clustered,8,True,periodic,0.5,ok,0.0008201409999628595,1.4099497509480973e-16,3.142208219610144,275.4800536001837,2.2697745237714416e-15,2.2697745237714416e-15,gauss96,0.9582370590436428,0.015444559153198582,3072,0.043992290858283045,0.0094403402521454,4097,7.725207216269336e-17,0.0,2.0268065093515516e-16,5.501708238065688e-15,18.378277536423298,18.378277536423298,1.3420353740093558,1.3420353740093556
flower_n32_clustered_s8,flower,32,clustered,8,True,periodic,1.0,ok,0.0007648010000025351,7.009398184840709e-17,3.945833440022432,255.31585940264904,3.005634496878991e-15,3.005634496878991e-15,gauss96,1.4992393221027798,0.006414316468035541,3072,0.039648335814289414,0.009721884066071572,4097,5.4188417040208015e-17,0.0,1.0238558179862268e-15,3.3217300355717384e-15,16.498784077616957,16.498784077616993,2.3910021173244114,2.391002117324409
flower_n32_clustered_s9,flower,32,clustered,9,True,periodic,0.0,ok,0.0007452859999830252,7.706102693953931e-17,3.0000000000000004,376.73620450183165,1.5088387625493436e-16,1.5088387625493436e-16,gauss96,0.4360134093870029,0.03125,2049,0.05384850586628789,0.013492669142445974,4097,0.0,0.0,0.0,0.0,13.085064753386918,13.085064753386918,3.4578372479988593,3.4578372479988593
flower_n32_clustered_s9,flower,32,clustered,9,True,periodic,0.5,ok,0.0007953519999546188,7.706102693953931e-17,3.110717043843471,265.27922655206373,2.785609920516995e-15,2.785609920516995e-15,gauss96,0.9723374008568748,0.015881605891950645,3072,0.055282582010317584,0.013846605883588561,4097,7.804807041986416e-17,0.0,6.563031852172996e-16,8.721924188527355e-16,19.840501348099092,19.840501348099092,2.3763491698292887,2.37634916982929
flower_n32_clustered_s9,flower,32,clustered,9,True,periodic,1.0,ok,0.0007347530000174629,6.993613255245691e-17,3.6446647543293906,260.8710575191872,3.9221734646408164e-15,3.9221734646408164e-15,gauss96,1.2348178111222863,0.006826555055342132,3072,0.05884072498904636,0.014933043073964194,4097,7.012659303758157e-17,0.0,3.856880232677673e-16,1.1751664673803517e-15,17.639330340841713,17.639330340841724,2.2604953818363,2.2604953818363005
